link,text,user,likes,quotes,retweets,comments
https://twitter.com/nationalistAKD/status/1840267690075725890#m,"सावधान! करने चले डेट, हो ना जाए स्कैमर्स से भेंट इसलिए जरूर पढ़ें डेटिंग ऐप्स पर हो रहे स्कैम और फाइनेंशियल फ्रॉड पर आधारित यह आर्टिकल @Cyberdost @cybercopdelhi @TheCyberSecHub @CyberGujarat @prabhatkhabar #OnlineScams #datingscam #bumblescam #tinderscam https://www.prabhatkhabar.com/technology/tinder-bumble-date-scam-vodka-shot-worth-9k-and-restaurant-bill-worth-47k-dont-let-this-flirting-prove-costly",Ankit Dev Arpan,2,0,0,0
https://twitter.com/SachinWeb3India/status/1827212629297000844#m,"India has become a land of Crook.  False Rape case, Messey Divorces and now loot on the name of date.  On top of that, No protection from the law. People are losing their hard-earned money while the Police are enjoying it.  #TinderScam #BumbleScam",Sachin,2,0,0,0
https://twitter.com/WFMGINC/status/1777893331688955907#m,Stay away from #Bumble there’s a bunch of profiles that are fake or scammers and bumble pretends to reach out to you that they take that seriously they don’t. They banned me because I reached out to them. I told him that they weren’t doing enough. #BumbleScam,Frank®™,3,0,1,3
https://twitter.com/SatyakiJournals/status/1725146540585386212#m,"Latest scam, two months in a row, by @bumble   Charge people for premium subscription but not provide the premium subscription, and no resolution or response when written to either.  Is this really what your revolutionary platform is all about?  #bumble #bumblescam #fraud",Satyaki Sarkar,0,0,0,2
https://twitter.com/Architguptajii/status/1724397305904693284#m,"Bumble Dating Scam: Owners Of The Alleged Bar Are “Serial Fraudsters”, Alleges Victim – Timeline Daily #ManishChadha #KimChadha #BumbleScam #DatingScam @DelhiPolice @DCPWestDelhi https://timelinedaily.com/india/bumble-dating-scam-owners-of-the-alleged-bar-are-serial-fraudsters-alleges-victim",Archit Gupta,7,0,1,2
https://twitter.com/TravelsKunal/status/1724022182135615976#m,#BumbleScam @bumble needs to verify each and every profile with face camera.  Only blue tick profiles needs to be allowed.  https://www.indiatoday.in/amp/technology/news/story/delhi-journalist-meets-girl-on-bumble-ends-up-losing-rs-15000-on-his-first-date-at-rajouri-garden-cafe-2462158-2023-11-13 #BumbleScam,Travels Kunal,0,0,0,0
https://twitter.com/chirali_08/status/1724017037171962186#m,#SurbhiGuptabumble #bumblescam #londonmba #SurbhiGuptabumble #gurugramdatingapp #gurugramdatingappfraud #datingfraud #datingappscamindia #datingapp #bumble #bumbleindia #bumbleapp #bumbledating,Chirali,0,0,0,0
https://twitter.com/I_Run_E/status/1723582062085747170#m,.#BumbleScam #Pune - No GST number in restaurant bill - Service charge charged @CPPuneCity @PuneCityPolice,Wanderer,0,0,0,0
https://twitter.com/EDTimesOfficial/status/1722296897707401242#m,Gurugram #men get #conned off an #alleged ₹1 Crore by #woman in #Bumble #dating #app. To know more read @chirali_08's article linked down below  https://edtimes.in/gurugram-men-get-conned-off-an-alleged-%e2%82%b91-crore-by-woman-on-bumble-dating-app/ #SurbhiGuptabumble #bumblescam #londonmba #SurbhiGuptabumble #gurugramdatingapp #gurugramdatingappfraud #datingfraud #datingappscamindia #datingapp #bumble #bumbleindia #bumbleapp #bumbledating @bumble,ED Times,0,0,0,0
https://twitter.com/Sreekrishn89466/status/1718282424990490793#m,I had a very bad experience by purchasing your bumble premium. Emailed several times. No response yet. Very bad service from your end. @bumble never expected that you guys will scam me.  #bumblescam,Sree krishna,0,0,0,0
https://twitter.com/rjkalpeshvaya/status/1701227285943062900#m,"Based on a True Incident 🙏🏻  Reference: A Gurugram man fell victim to an online scam during his first blind date in three years. He recounted his experience on Reddit, labeling it a ‘Bumble scam’.  #rjkalpesh #rjkalpeshvaya #MenToo #datingscams #INDvPAK #onlinedating #bumblescam",RJ Kalpesh Vaya (Red Fm),10,1,3,1
https://twitter.com/TrueScoopNews/status/1693993773150417013#m,"""Bumble Blunder: First Blind Date Turns into Scam Heist Near Huda Metro Station in Gurugram. What Went Awry?""  #BumbleScam #BlindDate https://www.truescoopnews.com/newsdetail/bumble-scam-woman-loots-man-on-first-blind-date-near-huda-metro-station-in-gurugram",True Scoop,0,0,0,1
https://twitter.com/AmritYaduvanshi/status/1693961035886010678#m,#BumbleScam Dating App walon ka Dard 💔  Guy: I agreed I bought flowers and a card from Gifts of love but she said she charges 6000 bucks for 1 shot.  #Love #Bumble #BumbleSeDhokha,Amrit Yaduvanshi (Journalist),4,0,0,2
https://twitter.com/BangerTannu/status/1675527023215923201#m,"@bumble @BumbleSupport your app is the worst. I am uploading few videos to show how your spees dating is a SCAM!! I used this iN Mumbai, and no availability, seriously? #bumble #fraud #bumblescam",Tannu Banger,0,0,0,1
https://twitter.com/Ancaib111/status/1671173116779741190#m,Money spent on @bumble fake accounts do count.  #bumblescam #fakeprofile #romancescam,acnaiB,1,0,0,0
https://twitter.com/MarkMark3033/status/1628804616258478081#m,"What about random blocks ?… #bumblescam      Cannot log in,  casual user and mostly chit chat and zero possibility of saying anything controversial. Something isn’t right here.  No replies at all. Maybe dispute charge on apple ?",mark,0,0,0,1
https://twitter.com/MarkMark3033/status/1628804305091448832#m,"Agreed… #bumblescam      Cannot log in,  casual user and mostly chit chat abs zero possibility of saying anything controversial. Something isn’t right here.  No replies at all ,  zero.",mark,0,0,0,0
https://twitter.com/MarkMark3033/status/1628804231443677185#m,"Agreed… #bumblescam      Cannot log in,  casual user and mostly chit chat abs zero possibility of saying anything controversial. Something isn’t right here.  No replies at all",mark,0,0,0,0
https://twitter.com/MarkMark3033/status/1628804181443350528#m,"Agreed… #bumblescam      Cannot log in,  casual user and mostly chit chat abs zero possibility of saying anything controversial. Something isn’t right here.  No replies at all",mark,0,0,0,0
https://twitter.com/kabirtoronto82/status/1581998206950703111#m,Why does @bumble not have a number? So they can run with your money and you can't do ANYTHING about it. #bumblescam,Kabirtoronto,0,0,0,0
https://twitter.com/kabirtoronto82/status/1562477721082425351#m,"@bumble LITERALLY takes your $$ and runs and there's no way to get that money back OR get their services. 3 months of being unable to log in and no customer service response to emails. @Tinder and @hinge are better, atleast they warn you and don't run! #bumblescam #bumblegate",Kabirtoronto,0,0,0,0
https://twitter.com/kabirtoronto82/status/1528188778279575553#m,#bumblescam #bumblegate,Kabirtoronto,0,0,0,0
https://twitter.com/kabirtoronto82/status/1528188628249493504#m,#bumblescam #bumblegate,Kabirtoronto,0,0,0,0
https://twitter.com/clem497/status/1263550033074454532#m,"@bumble What is that subscription scam ? I just notice that every day 2.99 € are taken from my account on a daily basis, I demand to be refunded !!! I never agreed to that subscription #Bumblescam #Bumble #Scam",clem49,0,0,0,1
