link,text,user,likes,quotes,retweets,comments
https://twitter.com/i/web/status/1861097573223919731,"🐷 WUPPLES® Dating: Your Go-To Hub for Expert Relationship Advice

Are you navigating the exciting yet sometimes challenging world of love and relationships?

https://t.co/VGaiGhxOh3 #datingapp #datingapps #dating101 #datingwithapurpose",,0,0,0,0
https://twitter.com/i/web/status/1861095964825530786,"1 in 10 users on dating apps are fake, or profiles created by AI.

Imagine that on an app with 70 million users! That's 7 million fake profiles trying to relieve you of your moolah. Did someone say Catfish! 🐟

Not on SIZZL, Not on our Watch....

#onlinesafety #datingapp #single https://t.co/XfefkH2Jxv",,0,0,0,0
https://twitter.com/i/web/status/1861092967814967754,"Based on a true story 🤣😂
.
.
#GoVegan #Vegan #Veganism #VeganFood #VeganLove #VeganDate #VeganCouple #Vegetarian #Meme #VeganMeme #Funny #VeganLife #VeganInspiration #VeganPower #CrueltyFree #PlantBased #WhatVegansEat #VeganEats #Date #Dating #DatingApp #SNL #SaturdayNightLive https://t.co/tNLkx3TVxu",,0,0,0,0
https://twitter.com/i/web/status/1861078391958733192,"Hi dude!
It's either chat with me or dinner in the garage
#webcam #adultshots #Adultery #datingapp #dating #tinder #noonlyfans #sandayfun #adulterio #tindergold #webcamliftcarry #DatingFi https://t.co/lcpTMqnDsc",,0,0,0,9
https://twitter.com/i/web/status/1861047189763740109,"""My ideal partner is a charismatic and self-confident person with determination and passion for life."" 😍

Could it be you? Connect with Anastasiia today! 🥰

Get started here: https://t.co/Vgoqv9AYEM

#ukrainewomen #love #datingapp  #single https://t.co/ME4ZUBPhMX",,0,0,0,0
https://twitter.com/i/web/status/1861047188337398117,"""I'm calm, kind, fun, and friendly. I'm here with an open heart, hoping to meet someone to be with for a lifetime."" 😍

Are you Leslie Nicole's future life partner? 💖

Talk to her here: https://t.co/KL0ddqhSRa

#Filipinawomen #datingapp #single #beautiful https://t.co/fuyh8UxLnf",,0,0,0,0
https://twitter.com/i/web/status/1861047187188441491,"""I am a bright and friendly woman from Bangkok. I am calm. I am a dedicated person when I am in love."" 💖

Are you interested in connecting with Rachanikorn? 😍

Get started here: https://t.co/ZMUS6Erteo

#internationaldating #love #datingapp #single https://t.co/NinMeXBV6n",,0,0,0,0
https://twitter.com/i/web/status/1861047187188375796,"""I consider myself a simple woman with many good ethical and moral values. I am a happy and fun woman."" ☺️

Is Luisa the woman you want to spend a lifetime with? 💕

Talk to her here: https://t.co/bRU28aSkyE

#latinwomen #love #datingapp #single https://t.co/j1cgGWphGU",,0,0,0,0
https://twitter.com/i/web/status/1861041460067332102,"I haven’t used dating app in nearly 3 years now took a big break used to use them all the time early last decade even sold out all my @bumble stock at a profit because I no longer believe in the industry
#datingapp #Bumble https://t.co/Amzbd85UUE",,1,0,0,0
https://twitter.com/i/web/status/1861032015597838562,"it was here, I swear 🙃

#onlinedating #relationships #love #datingapp #flirtini https://t.co/vkOuWcy8E4",,0,0,0,0
https://twitter.com/i/web/status/1861012316437029227,"Dating app convos be like:

Avoid the awkward silences—learn how to start a real convo: https://t.co/Mc9rapeKzx

#BestWays #EasyTips #DatingApp #Conversation #WrizzlerApp https://t.co/PqilbKwuQ5",,0,0,0,0
https://twitter.com/i/web/status/1861011701920837986,"Dating in your 20s: dinner is at McDonalds, and he 'forgets' his wallet. Dating older? Michelin-starred restaurant and no question about who’s paying. 🍔🍷

 #Experiences #dinner #dating #datingapp #olderman #gentleman #millionaire #dates #firstdate #sugardaddy #sugarbabe",,3,0,0,0
https://twitter.com/i/web/status/1861003219431813295,"1 million euros or find the love of your life? 💶❤️

#duacom #findyourone #datingapp #albaniandating #app #chatshqip #takoshqiptar #viral #fyp https://t.co/pshXyFtM1a",,0,0,0,0
https://twitter.com/i/web/status/1860991615873257798,"Dating App with flutter &amp; Express Js. 
Download source code 
https://t.co/Rypm8VxxNf

#flutter #datingapp #expressjs #sourcecode #flutterdev https://t.co/TJvAuNN5Zb",,0,0,0,0
https://twitter.com/i/web/status/1860966897094688817,"QuackQuack surveyed 12,000 male users, revealing a refreshing new shift in the way men approach dating today.

Read the article here-
https://t.co/3JSQwtCrtC  
.
.
.
.
#quackquackapp #datingapp #indiandatingapp #matchmaking #startups #indianstartups",,0,0,0,0
https://twitter.com/i/web/status/1860954072162922863,"https://t.co/hwlioYKXlk
I'm Peter, 54, UK. Life is all about enjoying the journey with someone special.
#successfulmen #wealthymen #oldermenyoungerwomen #oldrichmendating #luxurymenclassywomen #romanticwomen #attractivewomen #maturewomen #classywomen #richmanyoungwoman #datingapp https://t.co/HY7ifdC5Dc",,0,0,0,0
https://twitter.com/i/web/status/1860879523077931032,"If you're left wondering, ‘Do they even like me?’—they probably don't. 😶
Remember, when someone truly likes you, you won't need to question it. Actions speak louder than words! 💕
#Dating_Available_now #dating_in_kuwait #datingapp #datingnow #DatingAdvice #dating_ksa",,0,0,0,0
https://twitter.com/i/web/status/1860874857371533810,"You damn kids, now ya got the zoo animals eating ass! 🤪 #badinfluence #datingapp https://t.co/abglRjJ0kw",,0,0,0,0
https://twitter.com/i/web/status/1860860464768623086,The only present love demands is love.#datingapp #senior #datingsites #datingover50 https://t.co/1Bqjd7bua8,,0,0,0,0
https://twitter.com/i/web/status/1860855109988806729,"I sincerely invite every potential user to Herpes dating. Everyone can share and communicate here. No restrictions on skin color, no restrictions on gender. https://t.co/zsssZTCGcv #HSV #herpes #datingapp #LGBTQ https://t.co/G8jPlw6pXr",,0,0,0,0
https://twitter.com/i/web/status/1860853615340015848,"Dear Abby Column , never married dating app made it onto the world famous Dear Abby column which has 100 million readers worldwide 💯📷 😍

https://t.co/BXKq7dZ3x3

#datingnow  #datingapp #SinglesDay #singlelady #SingleAndMingle #singleladies @AngelaBelcamino @AB84 @SaraCarterDC",,0,0,0,0
https://twitter.com/i/web/status/1860851084467601839,"Pennsylvania state with the highest rate of adults who have never been married.

@newsbreakApp 

https://t.co/mpLyctwvqn

@AngelaBelcamino @SaraCarterDC @AB84 @AntonioSabatoJr @Mashburn4NC @adamcarolla @annvandersteel @SharylAttkisson #singlelife  #singleladies #datingapp",,0,0,0,0
https://twitter.com/i/web/status/1860812910391349475,"@hungryhomestead @MAGA_Puppy 
@deaflibertarian 

It’s been suggested that come 2025, the 𝕏 #social medium will have its own #sensible, reader-matching #DatingApp as a side feature. ❤️‍🩹↔️💝",,0,0,0,0
https://twitter.com/i/web/status/1860769332445302849,"Dedicated to a friend ❤️💘

#transgirl #transgirls #transwoman #transwomen #transgendergirl #transgendergirls #transgenderwomen #tgirl #shemale #sissyboy #ladyboy #ladyboys #tranny #trans #transgender #dating #datingapp #datingonline https://t.co/c45V14df6j",,1,0,0,0
https://twitter.com/i/web/status/1860748215663862006,"https://t.co/BTX2YZG1QD will change your life!

#hinge #tinder #bumble #datingapp #onlinedating #relationshipgoals #CoupleGoals #boyfriend #interracial #datingadvice #RelationshipAdvice #flirting #interracialromance https://t.co/tMcGx9xh7x",,22,0,2,0
https://twitter.com/i/web/status/1860746861255983192,"Swiftplay = Tinder 
Twitch = Hinge

thoughts?
#DatingAdvice #Dating_Available_now #DatingFi #datingapp #VALORANT募集ps5 #VALORANTfanart #valorant #riot #egirl #ecouple #eboy #cringe",,2,0,0,0
https://twitter.com/i/web/status/1860742067447644570,"At NameFit you will find a #Domain that fits your #business!
Visit our #website and search through our selected list of over 55,000 #Love #DomainNames
https://t.co/lS2Y3tt10y

#web3 #relationship #dating #app #datingapp #onlinedating #Valentine #brand #loveislove #datenight https://t.co/yNsL23i30W",,2,0,0,0
https://twitter.com/i/web/status/1860730418347004226,"Do you agree with her? 🤔🤔
.
.
#GoVegan #Vegan #Veganism #VeganFood #Veg #VeganLove #VeganDate #VeganCouple #Vegetarian #VeganLife #VeganLifestyle #VeganInspiration #VeganInspo #VeganPower #CrueltyFree #PlantBased #WhatVegansEat #VeganEats #Date #Dating #DatingApp #BillieEilish https://t.co/7sO0NB759a",,2,0,0,1
https://twitter.com/i/web/status/1860715000521687417,"White girl explaining the growing trend of dating Black men only. 
 #datingapp #relationshipgoals #singlelady https://t.co/siD6KxO47n",,215,0,68,1
https://twitter.com/i/web/status/1860708454392025211,"Happy sanday!
anybody want some???
RT it or i'll block you!
#webcam #adultshots #Adultery #datingapp #dating #tinder #noonlyfans #sandayfun https://t.co/ghcy0Ucj8w",,1,0,0,2
https://twitter.com/i/web/status/1860707515069083813,"This proves that we are living  in an internet era. @WSJ 
#datingapp #dating #DatingOnline #Statistics #internet https://t.co/aGGjWa2Vcf",,1,0,0,0
https://twitter.com/i/web/status/1860672466588209657,"https://t.co/BTX2YZG1QD will change your life!

#hinge #tinder #bumble #datingapp #onlinedating #relationshipgoals #CoupleGoals #boyfriend #interracial #datingadvice #RelationshipAdvice #flirting #interracialromance https://t.co/TiwwKINFdi",,88,0,14,1
https://twitter.com/i/web/status/1860665985050591394,"Ministry of Sex – Undemographic Dividends?

This is not about regulating illicit sex. 120 countries which are experiencing population growth. With the counter trends such as influence of #wokeism, #techoference, #divorce pandemic and #datingapp rapp

https://t.co/TudtSqbo2y",,0,0,0,0
https://twitter.com/i/web/status/1860644281079525831,"Dating Mobile App UIUX Design | Figma | App Design
Visit Full Design : https://t.co/8XSADXsAwE
#datingapp #uiuxdesign #figma #appdesign #appui #appux #uidesigner #uxdesigner",,1,0,0,0
https://twitter.com/i/web/status/1860635132446625936,"on my way to another life lesson because it has pretty eyes and a cute smile.

#datingtips #datingapp #datenight #finedine #entreprenuer https://t.co/qdYawPzbhS",,0,0,0,0
https://twitter.com/i/web/status/1860434398065361249,https://t.co/QVIWCHDCiA  Ladies: How to find a quality #geek guy like Andy Stitzer #geekdating #datingapp #datingadvice #gamerdating #stardewvalley #thesims #thesims4 #geekyboyfriend #harvestmoon https://t.co/Vo52zLNBiZ,,0,0,0,0
https://twitter.com/i/web/status/1860430716741320795,This #datingapp won't make your phone explode. But it's the next best thing. Get POLARIZD. https://t.co/G39ByIyAE9,,0,0,0,0
https://twitter.com/i/web/status/1860430623120171439,"https://t.co/BTX2YZG1QD will change your life!

#hinge #tinder #bumble #datingapp #onlinedating #relationshipgoals #CoupleGoals #boyfriend #interracial #datingadvice #RelationshipAdvice #flirting #interracialromance https://t.co/fvPTExxU2G",,35,0,0,0
https://twitter.com/i/web/status/1860385323240304888,"What are you still waiting for?😉🌹

#women #love #attraction #womenpower #man #growth #you4me #men #datingapp 
#strongwoman #life #quotes #loveyou
#quote #relationships #motivation #success #inspiration #partner #love #wife #friend #motivational #successful #relationshipgoals https://t.co/mcq6GWFTCl",,0,0,1,0
https://twitter.com/i/web/status/1860385245716955647,"What are you still waiting for?😉🌹

#women #love #attraction #womenpower #man #growth #you4me #men #datingapp 
#strongwoman #life #quotes #loveyou
#quote #relationships #motivation #success #inspiration #partner #love #wife #friend #motivational #successful #relationshipgoals https://t.co/dGjRw7iZoW",,0,0,1,0
https://twitter.com/i/web/status/1860369721817747634,"https://t.co/BTX2YZG1QD will change your life!

#hinge #tinder #bumble #datingapp #onlinedating #relationshipgoals #CoupleGoals #boyfriend #interracial #datingadvice #RelationshipAdvice #flirting #interracialromance https://t.co/pZheJWIgJc",,47,0,4,0
https://twitter.com/i/web/status/1860368029097378042,"I wanna know!
.
.
#GoVegan #Vegan #Veganism #VeganFood #VeganRecipes #Veg #Veggie #VeganLove #VeganDate #VeganCouple #Vegetarian #VegetarianRecipes #VeganLife #VeganLifestyle #VeganInspiration #VeganPower #CrueltyFree #PlantBased #WhatVegansEat #VeganEats #Date #Dating #DatingApp https://t.co/TUo3oBt8KP",,1,0,0,0
https://twitter.com/i/web/status/1860345573057962483,#datingapp carnage. https://t.co/XdtNxjlEvi,,1,0,0,0
https://twitter.com/i/web/status/1860327041142284588,"Just launched a new dating app called Swoony, where professional matchmakers will create matches! We are trying to change the dating culture to be less superficial.  Will be publishing updates!

More here: https://t.co/hlIgMUVnqs

#DatingFi #datingapp https://t.co/I9Ag8d65Sm",,2,0,0,0
https://twitter.com/i/web/status/1860309072362213449,"https://t.co/BTX2YZG1QD will change your life!

#hinge #tinder #bumble #datingapp #onlinedating #relationshipgoals #CoupleGoals #boyfriend #interracial #datingadvice #RelationshipAdvice #flirting #interracialromance https://t.co/DgczzoZaWc",,32,0,5,0
https://twitter.com/i/web/status/1860307313921323068,""" From heaven to https://t.co/0UenFnZYoq, find your soulmate today!""
#PerfectMatch #perfectmatch #onlinedating #soulmate #findlove #datingsite #LoveStory #lovestory #relationshipgoals #matrimonialservices #datingapp https://t.co/fZryyXkAfk",,1,1,0,0
https://twitter.com/i/web/status/1860282283355255058,"One mandarin or 50€? 🍊 

#duacom #findyourone #datingapp #albaniandating #chatshqip #viral #trending #fyp #kosovo https://t.co/2H6pSaKzMB",,0,0,0,0
https://twitter.com/i/web/status/1860281641333129503,"Dating Mobile App UIUX Design | Figma | App Design

Visit Full Design : https://t.co/8XSADXs2H6

#datingapp #uiuxdesign #figma #appdesign #appui #appux #uidesigner #uxdesigner https://t.co/5lLU78op7E",,1,0,0,0
https://twitter.com/i/web/status/1860096952622522689,"Relationship goals…. your side due should make more than your husband; your wife should make more than your girlfriend. 

You are welcome. #datingapp #datingadvice #relationshipgoals",,1,0,0,0
https://twitter.com/i/web/status/1860066805009776900,Inbox me with your cashapp or PayPal or Apple Pay for blessing #SugarBabyTwitter #feetfinder #sugarbabyneededtobespoilt #sugarmomma #datingapp #onlinedating #sugarmummy #sugarmama #maturewomen #olderwome,,1,0,0,0
https://twitter.com/i/web/status/1860057917107347810,"✨ Find your cosmic connection! ✨
🌌 Let AstroMatch find your soulmate with astrology-powered matching. 
💫 Watch the clip &amp; start your path to love here!💕
👉https://t.co/uTNzphiNRW

#astrology #datingapp #dating  #DatingAdvice #Soulmates #zodiac #Spiritual  #love #Romance #FYP https://t.co/Tszd7L7RB1",,0,0,0,0
https://twitter.com/i/web/status/1860013036242874642,"hey guys, let tell me who is she? i need an name?. 💕 #DatingApp
https://t.co/9j00TEADOK https://t.co/NgexVNJJKQ",,0,0,0,0
https://twitter.com/i/web/status/1860011027171287203,"Charlotte, today’s the day! 🍻 Join us at Charlotte Beer Garden for Brew and Connect with NeverMissed. Free drinks, new faces, real connections. Doors open at 6 pm—don’t miss it! #datingapp #missedconnection #singlesevent https://t.co/2Fc90Mh0cS",,2,0,0,0
https://twitter.com/i/web/status/1860005827106541906,"Vegans who want to date other vegans, comment down below 💚⬇️
Video by @korinsutton
.
.
#GoVegan #Vegan #Veganism #VeganFood #Veg #Veggie #VeganLove #VeganDate #VeganCouple #VeganMeme #VeganLife  #VeganInspiration #VeganPower #CrueltyFree #PlantBased #Date #Dating #DatingApp https://t.co/PP5xEOfcfb",,4,0,0,1
https://twitter.com/i/web/status/1859983678593749467,"Hello, handsome!
Why aren't you chatting in my chat yet?
Come in and give me a napkin!
#webcam #adultshots #Adultery #datingapp #dating #tinder #noonlyfans #followme #addiction #chudairussian #Chudai https://t.co/4dekGOgWcJ",,3,0,1,7
https://twitter.com/i/web/status/1859976381251334261,"https://t.co/BTX2YZGzGb will change your life!

#hinge #tinder #bumble #datingapp #onlinedating #relationshipgoals #CoupleGoals #boyfriend #interracial #datingadvice #RelationshipAdvice #flirting #interracialromance https://t.co/s3TecmrzaL",,48,0,10,3
https://twitter.com/i/web/status/1859965016646255068,"• Love doesn't hate.
• Love has no rules.
• Love doesn't discriminate.
And,
• Love knows, no boundaries.
#love #date #dating #datingadvice #datingapp #relationship #relationships #meet #meetup #datenight #findlove #loveagain #singles #single https://t.co/3WE1V33Php",,0,0,0,0
https://twitter.com/i/web/status/1859948704746344832,"Today best day of my life
#USA #USAElections2024 #DonaldTrump #horny #datingapp https://t.co/Ts9bn5Mnq7",,4,0,0,1
https://twitter.com/i/web/status/1859948119175376979,"#2024MAMAVOTE #enhypen #INDvsAUS #TREASURE #VoteForENHYPEN #USA #Trump #datingapp #dating 
100% Free dating 💋 Free Live Call 💋 Live Sex Now 👉https://t.co/UzPJtLuwsl https://t.co/ljEgTLzFB8",,0,0,0,0
https://twitter.com/i/web/status/1859945930121986545,"https://t.co/BTX2YZGzGb will change your life!

#hinge #tinder #bumble #datingapp #onlinedating #relationshipgoals #CoupleGoals #boyfriend #interracial #datingadvice #RelationshipAdvice #flirting #interracialromance https://t.co/mQztohfh1X",,64,0,10,1
https://twitter.com/i/web/status/1859940027821920447,"Find meaningful connections, right where you belong. Start your story in your own city with Laung Elaichi.

#datingapp #onlinedating https://t.co/phb8xadI7V",,0,0,0,0
https://twitter.com/i/web/status/1859938735552676247,"Building the Next Big Thing in Dating Apps? 💘
JPLoft specializes in Dating App Development, bringing innovative features and sleek designs to life.

https://t.co/JDBMmCstsb

#datingapp #datingappdevelopment #dating #mobileapp #appdevelopment #datingonline #ondemandapp https://t.co/8nuHMHOhXJ",,1,0,0,0
https://twitter.com/i/web/status/1859938596427538546,"SIZZL is Simple, Safe &amp; Secure. 
Find your match today!

#dating #onlinesaftey #datingapp #single #LoveIsBlind
#DatingTips #stayingsafeonline https://t.co/SE1qexIEWW",,0,0,0,0
https://twitter.com/i/web/status/1859931393851379890,"@megmkeane Hey, Looking for a connection? Join Laungelaichi and find your perfect match!
Connect with us: https://t.co/35Ikv5lHA3
#datingapp #business #partner #love",,0,0,0,0
https://twitter.com/i/web/status/1859914844704502157,"How often do people get your age wrong? 😆👀

#duacom #findyourone #datingapp #dating #albaniandating #chatshqip #trending #viral #fyp #albania #pristina https://t.co/LlLbeEfxqh",,0,0,0,0
https://twitter.com/i/web/status/1859875947094343850,"Do you believe that honesty is always a better choice?🤡

#onlinedating #relationships #love #datingapp #flirtini https://t.co/D0hIb9QxrZ",,0,0,0,0
https://twitter.com/i/web/status/1859870935257579899,"https://t.co/BTX2YZGzGb will change your life!

#hinge #tinder #bumble #datingapp #onlinedating #relationshipgoals #CoupleGoals #boyfriend #interracial #datingadvice #RelationshipAdvice #flirting #interracialromance https://t.co/6er01bGodM",,14,0,1,0
https://twitter.com/i/web/status/1859647690742862213,"Holiday season + dating = tricky! 🎄 Check out our blog for tips on handling gatherings, holiday pressures, and finding real connections.✨ Read now at the link! https://t.co/3BARBaNffQ #datingapp #onlinedating #holidayszn https://t.co/I1L681itwP",,0,0,0,0
https://twitter.com/i/web/status/1859643391362912510,"Stop self-sabotaging! 🛑🤗
.
.
#GoVegan #Vegan #Veganism #VeganFood #VeganRecipes #Veg #VeganLove #VeganDate #VeganCrush #VeganCouple #Vegetarian #Meme #VeganMeme #VeganLife #VeganInspiration #VeganPower #CrueltyFree #PlantBased #WhatVegansEat #VeganEats #Date #Dating #DatingApp https://t.co/4onJeG6zwO",,4,0,0,0
https://twitter.com/i/web/status/1859628187434504556,She Wants A Man To Put A Electric Toy In Her Cheeks &amp; Last 1 Hour In Bed https://t.co/6I06wCI1Kk #dating #relationships #datingapp #RelationshipAdvice #RelationshipGoal https://t.co/7fdFo3N4mc,,0,0,0,0
https://twitter.com/i/web/status/1859627691688985004,She Wants A Man To Put A Electric Toy In Her Cheeks &amp; Last 1 Hour In Bed https://t.co/sSdtnXjqsT #dating #relationships #datingapp #RelationshipAdvice #RelationshipGoal https://t.co/wEgvUsd0zd,,0,0,0,0
https://twitter.com/i/web/status/1859600246751322441,"🌟 What would you like AIstrologer to help you with? 🤔💫
Love advice? Compatibility? Personal insights? Chose or Drop your thoughts below! 👇

 #Soulmates #AstroMatch #dating #DatingAdvice #astrologer #AI #datingapp #zodiac #Cosmic #Soulmates #relationships",,1,0,1,0
https://twitter.com/i/web/status/1859590872628617287,"Innovate Love Stories! Build the Next Big Dating App Now

Click on the link to learn more: https://t.co/dXbWMbx24Y

#datingapp #developdatingapp #builddatingapp https://t.co/daHW85tZO4",,0,0,0,0
https://twitter.com/i/web/status/1859569305970446439,"#relationship #relationshipgoals #datingadvice #datinglife #datingtips #datingapp #single #relationshipadvice.  Are you ok?
https://t.co/q9KrFlVJRl",,0,0,0,0
https://twitter.com/i/web/status/1859568736040067091,"#relationship #relationshipgoals #datingadvice #datinglife #datingtips #datingapp #relationshipadvice #single #onlinedating 

Is Love Enough?
https://t.co/J2BS6ZBgd6",,0,0,0,0
https://twitter.com/i/web/status/1859552420650496067,"What is the ideal age for marriage? 💍

#duacom #findyourone #datingapp #love #relationship #marriage #couple #albaniandating #viral‍‍‍ https://t.co/yok5dL3vdp",,0,0,0,0
https://twitter.com/i/web/status/1859501469537534292,"https://t.co/Aj2DOmMl5C      I’m a 50-year-old who enjoys the simple pleasures of life—gardening, baking, and cozy evenings with a good movie. I’m looking for someone to share these moments and create new memories with. #dating #datingsite #love #datingapp https://t.co/qDoPiBvQpW",,2,0,0,0
https://twitter.com/i/web/status/1859417443942400026,"A safe, authentic, and popular herpes dating website. It meets the needs of all sexual orientations. If you don't understand, you can send me a private message https://t.co/zsssZTCGcv #HSV #herpes #datingapp #LGBTQ https://t.co/c4JiohVfAJ",,0,0,0,0
https://twitter.com/i/web/status/1859320956675649785,"Looking for gorgeous, fun
women to chat with?
MOKO is where beautiful
women from around the world
are waiting to connect!
You can set up dates, have 1-on-1
video chats, and take it from
there.
Download now and see who's
waiting for you!
link: https://t.co/geuRung8RW.
#DatingApp https://t.co/a7QyeJLNYg",,45,0,3,3
https://twitter.com/i/web/status/1859314701785571419,💖 Welcome to Hulah! 🚺 The dating app where women take control and date only better guys. #EmpoweredDating #BetterGuys #WomenFirst #DatingApp #LoveYourWay https://t.co/9aFBPSP26X,,0,0,0,1
https://twitter.com/i/web/status/1859288578045452354,"I’m offering loyal and trustworthy sb helping hand financially, if you’ve got bills dm rn also giving week allowance 🤗 sb from 🇺🇸🇨🇦dm
#SugarBabyTwitter #feetfinder #sugarbabyneededtobespoilt #sugarmomma   #datingapp #onlinedating #sugarmummy #sugarmama #maturewomen #olderwome",,0,0,0,0
https://twitter.com/i/web/status/1859286155402834269,"I’m offering loyal and trustworthy sb helping hand financially, if you’ve got bills dm rn also giving week allowance 🤗 sb from 🇺🇸🇨🇦dm
#SugarBabyTwitter #feetfinder #sugarbabyneededtobespoilt #sugarmomma   #datingapp #onlinedating #sugarmummy #sugarmama #maturewomen #olderwome",,7,0,0,6
https://twitter.com/i/web/status/1859285975807012974,"With the rise of #datingapp and mobile phones providing 24/7 access to one another, the lines of communication can easily become blurred—or even avoided.

Our #writer explores the phenomenon of #ghosting and shares ways to combat it.

#hinge #voiceboxsite #tindergold #Youth https://t.co/KOy0fQh2Rw",,2,0,0,1
https://twitter.com/i/web/status/1859256169082102230,Meaningful connections on a #datingapp ? Yup with all verified blind dating on Dating Square https://t.co/T1rw4lA0ms,,0,0,0,0
https://twitter.com/i/web/status/1859252971470483932,"🚀 New post alert! 🚀 Wondering how to create a standout dating profile? We've got you covered with these key elements to attract the right match. 🔑💘 Check it out now! 
https://t.co/Ctp0TnWj0j
#dating #datingapp #onlinedating #LoveInTheBigCity",,0,0,1,0
https://twitter.com/i/web/status/1859218548910063848,Dr. Myles Munroe #mylesmunroe #drmylesmunroe #Beckysangels #BOYCOTTRIIZE #Crypto #Election2024 #GMMTVStarlympics2024 #RocaAFazenda #black #relationshipgoals #datingapp https://t.co/gZKafi48Bw,,0,0,0,0
https://twitter.com/i/web/status/1859197516102750687,"deleting in 12 hours, but whoever likes &amp; says hi, ill send nudie in dm 💕💦

#singlewomen #over #singlemen #onlinedating #dating #single #love #women #datingadvice #singlewoman #findlove #singlegirl #datingtips #marriage #relationships #datinglife #maturewoman #datingapp #self https://t.co/G0R5Fe3ntY",,0,0,0,0
https://twitter.com/i/web/status/1859190200330563747,"Can you say 'I love you' in 7 languages for 10 seconds? 💗

#duacom #findyourone #datingapp #love #relationship #iloveyou #ichliebedich #tedua #viral #albaniandating https://t.co/9KlX5nRQSR",,0,0,0,0
https://twitter.com/i/web/status/1859178340147511704,We have some fantastic people on our app. Check out @CharAndBry as they know our app well and can answer any questions from a long term user point of view. #teampineapple #datingapp #bbrightvc https://t.co/vWYBdWUvb6,,2,0,1,0
https://twitter.com/i/web/status/1859168228016099571,"This chart makes perfect sense to any guy whose ever been on a dating app.

#dating #datingapp $BMBL #investing #StockMarket #Stocks https://t.co/EdOPAZNZuJ",,1,0,0,0
https://twitter.com/i/web/status/1859155301456638162,The search for connection is just a swipe away. 💘 #DatingApp #SwipeRight #Pumpkin https://t.co/clBmdxpamu,,0,0,0,0
https://twitter.com/i/web/status/1859128542749225022,"Had some early adopters' feedback and they are pretty solid IMHO.

A bit nervous about the upcoming TikTok campaign. Hopefully we have enough users to kickstart the two-sided marketplace for the next best dating app in the US.

#buildinpublic #growthhacking #datingapp",,0,0,0,0
https://twitter.com/i/web/status/1859051216652689501,"Women in the #lifestyle just living their best lives. #thisandyap 
.
.
.
#swinger #swingerapp #datingapp #girlswholikegirls #FFM #FMF #FMFM #ENM #throuple #cozyszn https://t.co/jMFO5APURT",,4,0,1,0
https://twitter.com/i/web/status/1859043425116713165,"I sincerely invite every potential user to Herpes dating. Everyone can share and communicate here. No restrictions on skin color, no restrictions on gender. https://t.co/zsssZTCGcv #HSV #herpes #datingapp #LGBTQ https://t.co/SzeRwXfqd5",,0,0,0,0
https://twitter.com/i/web/status/1859042555951759661,"Find your next connection on Parent Seeking, the Australian dating app for single parents https://t.co/X7ETj2IlcA 

#singleparentsating #datingapp #parentseeking #parentdating #singlemum #singledad #australiandatingapp https://t.co/hhNJJSeekm",,0,0,0,0
https://twitter.com/i/web/status/1859039376434475318,"White Coat Romance isn’t just about finding a match; it’s about connecting with those who get your world! 🌍 

After a long shift, there’s nothing better than unwinding with your people. 

Ready to make unforgettable memories? 🎶❤️

#whitecoatromance #wcr #datingapp #doctors https://t.co/2I0wVTrW1H",,0,0,0,0
https://twitter.com/i/web/status/1859032166354575433,"ᗷEᒪᒪE

https://t.co/azxjzvIvhb

❄️ Half-Witch FMC
❄️ ""Bad Boys"" of the Paranormal World
❄️ Dating App/Site
❄️ Holiday Romance Christmas
❄️ Fated Mates
❄️ Why Choose/Polyam/MM

#mirandamay #kaytiemarie #covenofbestwitches #whychoose #datingapp #Christmas #fatedmates https://t.co/PxYspcbWHL",,0,0,0,0
https://twitter.com/i/web/status/1858988731749093483,"Link And Ting episode 139 is now up #banter #YouTube #datingapp 

https://t.co/AAxTojmgEM",,0,0,0,0
https://twitter.com/i/web/status/1858969250557554844,"🌟 What's your cosmic path? AstroMatch unveils your destiny! 💫
✨ Watch the video and vote on your starry path! 👇
#Astrology #Soulmates #AstroMatch #dating  #DatingAdvice  #astrologer  #AI  #datingapp #zodiac #Cosmic #Soulmates #relationships",,0,0,0,2
https://twitter.com/i/web/status/1858961317530661194,"Do you agree?🤔😅
.
.
.
.
#politic #compassion #empathy #LoveAndActivism #LovingLeft #dating #crush #single #passion #meme #datingapp #leftist #progressive #datingapps https://t.co/MbB1b89B5k",,3,0,1,0
