link,text,user,likes,quotes,retweets,comments
https://twitter.com/KishwarSiff/status/1842593244682809524#m,We warned u not to fall for Dating App #HoneyTrap scam & come running for help!😭😭😭😭😭,Kish Siff,23,2,23,0
https://twitter.com/manoramaonline/status/1843292505892368611#m,റഹ്മത്ത് ഉൾപ്പെടെ ആറുപേർക്കെതിരെ പൊലീസ് കേസെടുത്തിട്ടുണ്ട്. ... #mumtazali #honeytrap https://www.manoramaonline.com/news/latest-news/2024/10/07/reports-that-honeytrap-is-behind-suicide-of-businessman-mumtaz-ali.html,Manorama Online,1,0,0,0
https://twitter.com/maalaimalar/status/1843289583452369200#m,https://www.maalaimalar.com/news/national/honey-trap-case-arrest-27-year-old-woman-in-vizag-741711 #HoneyTrap #vizag #instagram,Maalai Malar தமிழ்,0,0,0,0
https://twitter.com/NtvTeluguLive/status/1843203957201818025#m,అందమే పెట్టుబడి.. ఉచ్చులో చిక్కితే విలవిలే.. హనీ ట్రాప్ కేసులో..!  #HoneyTrap #Visakhapatnam #Hyderabad #NTVTelugu,NTV Telugu,69,1,16,3
https://twitter.com/yespunjab/status/1843278311952384115#m,"Sex racket busted in Jaipur, five foreign girls among 8 held  https://yespunjab.com/?p=44360 #Sexracket #Busted #Jaipur #Monday #HoneyTrap #DeputyCommissioner #TejaswaniGautam",YesPunjab.com,0,0,0,0
https://twitter.com/ekamnyaay/status/1842150447710187975#m,"Police busted a family run honey trap racket led by Salim. His daughter lured married men, then threatened them with false rape allegations to force marriage. Further, the gang extorted money or property. They have filed 6 cases in UP, 1 in Faridabad.  #HoneyTrap #MenToo #Extort",Ekamnyaay,15,0,5,0
https://twitter.com/dslsynth/status/1843252357465092340#m,Haha! Det var en af de bedre! . o O ( #honeytrap ),dslsynth,0,0,0,0
https://twitter.com/BigSalUpNorth/status/1843248106844123495#m,"The MAGA imposter accounts usually feature a beautiful woman in a patriotic picture or video as a pinned post, 99% of the content... reposts, reaches out over DM on day 1 and starts the social engineering campaign. ✋️#stateactors #honeytrap #socialengineering #whaling #baiting",BigSalUpNorth,1,0,0,1
https://twitter.com/TestTest118048/status/1843246251451756940#m,#honeytrap #ハニートラップ #ハニトラ #北新地 #BAR @gaasyy_yade #ガーシー #GAREW #Ｇ海賊団🏴‍☠🐦‍🔥☀ #オフ会 申込みリンク ここから🔗🆑https://docs.google.com/forms/d/e/1FAIpQLScclEncmoeFqFj5RjVAmVn7eSBvHzvjgEKZWQYmZC6bJSU1ew/viewform?fbclid=PAZXh0bgNhZW0CMTEAAaazVBCnj95V-rR9RKdJY5iTQHkVqCVYVGan-fdCFDp6boNzLdIBUJ3jhnY_aem_cvCYKdzfloFDlkFIIB5spA&s=09,.°⑅ʚ basil ɞ⑅°.,2,0,0,0
https://twitter.com/SumanTVTelugu/status/1843245394949747038#m,కిలాడి లేడీ.. ధ‌న‌వంతులే ల‌క్ష్యంగా హ‌నీ ట్రాప్‌.. మత్తుమందు కలిపి.. నగ్నంగా వీడియోలు తీసి బ్లాక్ మెయిల్  #Honeytrap #vishakapatnam,SumanTV,1,0,1,0
https://twitter.com/MahaaOfficial/status/1843238263949263321#m,జాగ్రత్త రా అబ్బాయిలు #Hyderabad #Honeytrap #Vizag #MahaaNews,Mahaa News,3,0,0,0
https://twitter.com/TestTest118048/status/1843236253371920831#m,#honeytrap #ハニートラップ #ハニトラ #北新地 #BAR @gaasyy_yade #ガーシー #GAREW 2024年10月7日(月)投稿,.°⑅ʚ basil ɞ⑅°.,3,0,0,0
https://twitter.com/AK_CyberNews/status/1843220405605261706#m,"విశాఖపట్నంలో హనీట్రాప్ కేసులో జాయ్ అరెస్టు... సంపన్న వర్గాల యువకులను టార్గెట్ చేస్తూ, వారికి చేరువై బ్లాక్‌మెయిల్ ద్వారా డబ్బు వసూలు చేస్తున్న ఈ ముఠాను పోలీసులు అదుపులోకి తీసుకున్నారు.   #HoneyTrap #VisakhapatnamPolice #CyberCrime #FraudArrest #BlackmailScam #HoneyTrapCase",AK CYBER NEWS,0,0,0,0
https://twitter.com/TV9Telugu/status/1843219468433985814#m,మీరు బ్రహ్మచారా? అయితే ఈ అమ్మాయితో జాగ్రత్త! | Visakha Honey Trap case - TV9   #VisakhaHoneyTrapCase #andhrapradesh #tv9telugu #HoneyTrap,TV9 Telugu,6,0,0,0
https://twitter.com/NtvTeluguLive/status/1843218134440055087#m,విశాఖ హనీ ట్రాప్ కేసు దర్యాప్తులో వెలుగులోకి సంచలన విషయాలు..  WATCH - https://piped.video/watch?v=ZEISyUDskng #HoneyTrap #Visakhapatnam #Vizag #Hyderabad #NTVTelugu,NTV Telugu,0,0,0,0
https://twitter.com/HashtaguIn/status/1843214971393781782#m,#Visakhapatnam #Honeytrap : విశాఖ హ‌నీట్రాప్ కేసు.. దూకుడు పెంచిన పోలీసులు? https://telugu.hashtagu.in/andhra-pradesh/visakha-honeytrap-police-intensify-their-efforts-225046.html,Hashtag U,1,0,0,0
https://twitter.com/publictvnews/status/1843194491395854749#m,6 ಜನರ ಮೇಲೆ ಎಫ್‌ಐಆರ್ ದಾಖಲು - ಹನಿಟ್ರ್ಯಾಪ್‌ಗೆ ಮುಮ್ತಾಜ್ ಅಲಿ ಬಲಿ? https://publictv.in/fir-registered-against-6-people-if-mumtaz-ali-was-falled-in-honeytrap/ #Mangaluru #MumtazAli #FIR #HoneyTrap #DakshinaKannada #MohiuddinBava,PublicTV,17,0,1,0
https://twitter.com/himanshu0070070/status/1843182103837688167#m,#Alert #HoneyTrap #StayAway #BeAware #Boys #Males #Men,Himanshu N Kanani,0,0,0,0
https://twitter.com/himanshu0070070/status/1843182057817784745#m,#Alert #HoneyTrap #StayAway #BeAware #Boys #Males #Men,Himanshu N Kanani,0,0,0,0
https://twitter.com/themangaloremir/status/1843156530058993700#m,"#mangalore #Honeytrap #missing #FIR #mangaloremirror  ಉದ್ಯಮಿ ಧಾರ್ಮಿಕ ಮುಂದಾಳು ಮುಮ್ತಾಝ್ ಅಲಿ ನಾಪತ್ತೆ ಪ್ರಕರಣಕ್ಕೆ ಹನಿಟ್ರಾಪ್ ವಾಸನೆ , ಮಹಿಳೆ ಸೇರಿ 6 ಮಂದಿ ಮೇಲೆ FIR...!  https://wp.me/pcZJEB-p38",themangaloremirror,0,0,0,0
https://twitter.com/Oliplauder1234/status/1843053900976562467#m,GRU recruited Irish politician through honeytrap #spiesandinformers #honeytrap #agentsofinfluence #russianmilitaryintelligence #gru #loyalistterrorism https://www.belfasttelegraph.co.uk/news/republic-of-ireland/claims-russia-tried-to-use-irish-politician-to-link-with-loyalist-paramilitaries-during-brexit-rows/a1320298930.html,Oliver Plauder,0,0,0,0
https://twitter.com/UttarandhraNow/status/1842977453125562821#m,ధ‌న‌వంతులను ల‌క్ష్యంగా చేసుకొని లోంగదిసుకొని హ‌నీ ట్రాప్‌ చేసిన కిలాడి లేడీ జాయ్.  ఓ వ్య‌క్తి ఫిర్యాదుతో జాయ్‌ని అరెస్ట్ చేసిన గ్రేటర్ పోలీసులు.  #HoneyTrap #Vizag #AndhraPradesh #UANow,ఉత్తరాంధ్ర నౌ!,42,0,7,0
https://twitter.com/EddieWhoWrites/status/1842980446482952510#m,CIA teaches you all the skills that you need in order to attract someone of the opposite sex (or same sex) and they teach you all the skills that you need to know how to seduce for the purposes of operational goal but not actual intercourse.  #Honeytrap https://piped.video/EwkzsbHrxPU?feature=shared,Eddie,0,0,0,0
https://twitter.com/NomadicFather/status/1842765225767932252#m,"#HoneyTrap scam . Men, save yourselves from indian women who are looking to date. They are notorious. If it’s too good to be true, then tell your brain to save yourself #MaritalRape #FalseCases #MarriageStrike",Nomadic Father’s Chronicles,2,0,4,0
https://twitter.com/KishwarSiff/status/1840504817581506695#m,BEWARE of rapidly growing #HoneyTrap thru 𝘿𝘼𝙏𝙄𝙉𝙂 𝘼𝙋𝙋𝙎 ⚠️🛑🛑🛑🛑🛑,Kish Siff,165,0,70,6
https://twitter.com/johnlatkins/status/1842916417013686675#m,But surely our politicians know a honeytrap when they see one? Offering free tickets etc is not exactly well disguised.  #HoneyTrap   Presumably Sue Gray was on board with their acceptance  policy.,John Atkins,0,0,0,0
https://twitter.com/sakshinews/status/1842876486811894022#m,బెజవాడ దుర్గగుడిలో జత్వానికి రాచమర్యాదలు కాదంబరి సేవలో కూటమి TDP Govt Arranged Special VIP Entry To Kadambari Jethwani In Vijayawada Durga Temple #KadambariJethwani #HoneyTrap #BusinessManAmitSingh #SakshiNews,Sakshi,4,0,2,0
https://twitter.com/sakshitvdigital/status/1842876571377426517#m,బెజవాడ దుర్గగుడిలో జత్వానికి రాచమర్యాదలు కాదంబరి సేవలో కూటమి TDP Govt Arranged Special VIP Entry To Kadambari Jethwani In Vijayawada Durga Temple #KadambariJethwani #HoneyTrap #BusinessManAmitSingh #SakshiNews,Sakshi TV Official,0,0,0,0
https://twitter.com/donjulio2023/status/1842686784636874815#m,⚠️ #اکانت_نا_امن ⚠️ #پرستو #HoneyTrap افشاء اطلاعات جغرافیایی کاربران,Alejandro 🇮🇱,1,0,0,0
https://twitter.com/PSCAsafecities/status/1842516051193684009#m,خبر دار ہوشیار! محتاط رہیں ہنی ٹریپ ہو کر نوسر بازوں کے جھانسے میں مت آئیں.  #honeytrap #socialmedia #scam #warning #safety #caution #alert #online #trap #protect #SafeCity,Safe City,0,0,0,0
https://twitter.com/KishwarSiff/status/1837904186458996765#m,Do not fall for Dating app #HoneyTrap scams ⚠️  Software Engineers are the easiest target by these women filing false rabe cases & get easy settlement money. Read news & beware of innocent men implicated in such cases!  Don't remain ignorant! #BNS69,Kish Siff,29,0,27,0
https://twitter.com/himanshu0070070/status/1842350285626257505#m,#Alert #HoneyTrap #StayAway #BeAware #Boys #Males #Men,Himanshu N Kanani,0,0,0,0
https://twitter.com/himanshu0070070/status/1842350212334960963#m,#Alert #HoneyTrap #StayAway #BeAware #Boys #Males #Men,Himanshu N Kanani,0,0,0,0
https://twitter.com/TestTest118048/status/1842305047860031521#m,#honeytrap #ハニートラップ #ハニトラ #北新地 #BAR @gaasyy_yade #ガーシー #GAREW 2024.10.5(土),.°⑅ʚ basil ɞ⑅°.,1,0,0,0
https://twitter.com/ekamnyaay/status/1840666269374091737#m,"A Builder in Faridabad, was extorted of 33 Lacs by a gang that framed him in a fake rape case, after demanding Rs.50 lakhs to settle the matter!  The same gang has got fake rape cases filed against many people!!  #rape #falsecase #builder #honeytrap #FIR #misuseoflaw #fakecase",Ekamnyaay,39,0,16,1
https://twitter.com/Aviccheda/status/1842203262931361802#m,बोलाति है मगर जाने का नहि 😂😂😂 #Honeytrap,अविच्छेद -Indivisibility,18,2,0,7
https://twitter.com/BharatRaftarTV/status/1842125577404211534#m,"Jaipur News: हनीट्रैप के शिकार, बुजुर्ग से लेकर अधिकारी तक फंस रहे लाखों गंवा रहे   #honeytrap #JaipurNews https://bharatraftar.com/rajasthan-news/social-media-friendships-turning-into-costly-traps-for-professionals-and-elders-alike-6128",Bharat Raftar TV,0,0,0,0
https://twitter.com/insightful_2/status/1841944994393031167#m,#QaziFaezIsa sir yai kia silsila chala howa hai khudara #blasphemy #HoneyTrap issue par So motto action lain🙏🏼 @OfficialDGISPR look into that matter pls🙏🏼,Maha,3,0,2,0
https://twitter.com/NewsCapitalGJ/status/1841886093102252046#m,"ખૂદ પતિએ જ પત્નીને હનીટ્રેપમાં ધકેલી, ધમકી આપી કરાવ્યું આવું કામ | CRIME KAHANI   #crime #crimestory #law #honeytrapcase #Honeytrap #NewsCapitalGujarat #JaneCheGujarat",NewsCapital Gujarat,3,0,1,0
https://twitter.com/himanshu0070070/status/1842027440110997769#m,#Alert #HoneyTrap #StayAway #BeAware #Boys #Males #Men,Himanshu N Kanani,0,0,0,0
https://twitter.com/himanshu0070070/status/1842016927478120858#m,#Alert #HoneyTrap #StayAway #BeAware #Boys #Males #Men,Himanshu N Kanani,0,0,0,0
https://twitter.com/sanjeevchadha8/status/1841519594755830141#m,#NewsKiPathshala #HoneyTrap @SushantBSinha @narendramodi @salah_shoaib Sushant when you were analysing #Mossad hand in glove with Iran to destroy #Mossad my attention came to India. Salah is carrying on campaign which we are silent. Who was the person #HoneyTrap political family,Sanjeev Chadha,39,0,67,2
https://twitter.com/deadlinear2011/status/1530282847193288704#m,#フォロー返します #みんなで楽しむTwitter展覧会 #ArtistOnTwitter  　#アトリエの系譜　 #cutyhoney #キューティハニー #ハニトラ #拡散希望　#honeytrap 来年で50周年 ♬この頃流行りの議員様はお国を裏切る議員様よ どっちに向かうのハニー～♪。 だって〇〇〇に、〇〇〇に嵌められたんだも～ん♪,DeadLiner:デッドライナー,78,2,61,2
https://twitter.com/dave_janak/status/1841810490344739021#m,"બોલો.. ખૂદ પતિએ જ પત્નીને હનીટ્રેપમાં ધકેલી,   ધમકી આપી કરાવ્યું આવું કામ.  #HoneyTrap",Janak Dave,0,0,0,0
https://twitter.com/TestTest118048/status/1841767762772860950#m,#honeytrap #ハニートラップ #ハニトラ #北新地 #BAR @gaasyy_yade #ガーシー #GAREW #東京 #バースデー #オフ会 #G海賊団 #一般募集枠 #申込み,.°⑅ʚ basil ɞ⑅°.,3,0,0,0
https://twitter.com/SpecialluNM/status/1841756468162216376#m,"ಮುನಿರತ್ನ ಮನೆಯಲ್ಲಿ ರಾಜಕಾರಣಿ, ಪೊಲೀಸರ ಪೋಲಿ ವಿಡಿಯೋ : ಸುದ್ದಿವಾಹಿನಿಯ ಪತ್ರಕರ್ತನೇ ಸಾಕ್ಷಿ..!  https://www.speciallu.com/news/kannada-news-obsence-video-of-politician-and-police-in-muniraths-house-news-channel-journalist-is-the-witness/ #ಮುನಿರತ್ನ #ಅತ್ಯಾಚಾರಪ್ರಕರಣ #ಹನಿಟ್ರ್ಯಾಪ್ #Muniratna #rapecase #honeytrap",speciallu media,1,0,1,0
https://twitter.com/sanjeevchadha8/status/1841726972482732055#m,She used to call and then #HoneyTrap . Poor Man,Sanjeev Chadha,0,0,0,1
https://twitter.com/AsianetNewsSN/status/1841382199603437841#m,ಷಡಕ್ಷರಿ ಮಠದ ಸ್ವಾಮೀಜಿ ರಾಸಲೀಲೆ ವಿಡಿಯೋ: 6 ಕೋಟಿ ರೂ.ಗೆ ಬೇಡಿಕೆ ಇಟ್ಟಿದ್ದ ಆರೋಪಿಗಳು ಬಂಧನ  #KannadaNews #Bengaluru #Tipatur #Honeytrap #ShadakshariSwamiji #Swamiji https://kannada.asianetnews.com/crime/shadakshari-mutt-swamiji-rasalile-video-rs-6-crore-demanded-vidya-arrested-sat-skpvy1,Asianet Suvarna News,3,0,0,0
https://twitter.com/AntipodianM/status/1841370716509179955#m,#honeytrap,Antipodian Motwall 📟🥓🇦🇺🇺🇦🇮🇱🇹🇼🇸🇪,2,0,0,0
https://twitter.com/himanshu0070070/status/1841312063949303864#m,#Alert #HoneyTrap #StayAway #BeAware #Boys #Males #Men,Himanshu N Kanani,0,0,0,0
https://twitter.com/himanshu0070070/status/1841311718514757817#m,#Alert #HoneyTrap #StayAway #BeAware #Boys #Males #Men,Himanshu N Kanani,0,0,0,0
https://twitter.com/sakshitvdigital/status/1841034888121618641#m,ఫ్యామిలీ మొత్తం అదే పని.. బయటపడ్డ కిలాడీ చీకటి కోణం Kadambari Jethwani Honey Trap on Business Man Amit Singh #KadambariJethwani #HoneyTrap #BusinessManAmitSingh #SakshiNews,Sakshi TV Official,1,0,0,1
https://twitter.com/sakshinews/status/1841032521951125890#m,ఫ్యామిలీ మొత్తం అదే పని.. బయటపడ్డ కిలాడీ చీకటి కోణం Kadambari Jethwani Honey Trap on Business Man Amit Singh #KadambariJethwani #HoneyTrap #BusinessManAmitSingh #SakshiNews,Sakshi,1,0,0,1
https://twitter.com/ChrisKarlKnecht/status/1841013740478620035#m,#honeytrap,Chris Knecht 💙💛 | Joggeli: 🍐🍐🍐 wänd nid fallä,0,0,0,0
https://twitter.com/ChrisKarlKnecht/status/1841013528049664232#m,#honeytrap,Chris Knecht 💙💛 | Joggeli: 🍐🍐🍐 wänd nid fallä,0,0,0,0
https://twitter.com/IranGuardian/status/1723602415729918240#m,زامبی‌های #محور_خباثت داخل #دام_عسل بزرگی افتادند  #AxisOfEvil's zombies are stuck in a big #HoneyTrap #IraniansStandWithIsrael #MEPeaceWithPahlavi #WeStandWithIsrael,ارتش سری ® Secret Army,1,0,1,1
https://twitter.com/thedarshanjoshi/status/1840654699948658972#m,"The harassment doesn’t 🛑 stop, kindly reinform Event ID P29092444528 PRV SRR4169. Kindly ask them to stop my mental abuse. Abusive calls n messages. Suicidal pressure. Kindly reconnect me with yesterday’s officer. #honeytrap #fakeacidattack #mentalharassment #suicide #help #humanrights   Fake acid attack complaints  False allegations  Honeytrap Suicidal pressure   @112UttarPradesh @News18UP @Uppolice @saharanpurpol @digsaharanpur",Darshankumar Joshi,1,0,1,1
https://twitter.com/himanshu0070070/status/1840806865636106523#m,#Alert #HoneyTrap #StayAway #BeAware #Boys #Males #Men,Himanshu N Kanani,0,0,0,0
https://twitter.com/KannadaRepublic/status/1840789542460342403#m,Honey Trap with Businessman in Kalaburagi: ಉದ್ಯಮಿ ಜೊತೆ ಹನಿ ಬಿಟ್ಟು ಟ್ರ್ಯಾಪ್​ | Big Twist  WATCH #RepublicKannada LIVE: https://piped.video/watch?v=y_704-AtGWg #honeytrap #businessman #kalaburagi #bigtwist #poojajangam #rajulengati #kingpin #vikram #sagar #aleem #republickannada #kannadanews #kannadalatestnews #karnatakanews #karnatakalatestnews #karnatakatodaynews #kannadanewslive #kannadalivenews,Republic Kannada,1,0,0,0
https://twitter.com/PublicTVEnglish/status/1840742227997323412#m,"Honeytrap: Two held, police on lookout for 7 others after bizman lodges complaint https://english.publictv.in/honeytrap-two-held-police-on-lookout-for-7-others-after-bizman-lodges-complaint/ #honeytrap #Kalaburagi #BusinessMan @KlbCityPolice",Public TV English,0,0,0,0
https://twitter.com/himanshu0070070/status/1840705382882161063#m,#Alert #HoneyTrap #StayAway #BeAware #Boys #Males #Men,Himanshu N Kanani,0,0,0,0
https://twitter.com/Nishkama_Karma1/status/1839895619218850045#m,"ಕಾಂಗ್ರೇಸ್ ನಾಯಕಿಯ ಹನಿಟ್ರಾಪ್,  ಭಾಗ - 1   A1 ಪವಿತ್ರ ನಾಗರಾಜ್ ಮತ್ತು ದಲಿತ ಸಂಘಟನೆಯ ಮೂರ್ತಿ ಅವರ ಆಡಿಯೋ ವೈರಲ್.  2.5 ಲಕ್ಷಕ್ಕೆ ಬೇಡಿಕೆ ಇಟ್ಟಿದ್ದ ಕಾಂಗ್ರೇಸ್ ನಾಯಕಿ ಪವಿತ್ರಾ! 1/n  #honeytrap #Congress",Nishkama_Karma,345,13,145,10
https://twitter.com/Nishkama_Karma1/status/1839897458588991854#m,"ಕಾಂಗ್ರೇಸ್ ನಾಯಕಿಯ ಹನಿಟ್ರಾಪ್,  ಭಾಗ - 3  #honeytrap #Congress",Nishkama_Karma,14,0,1,2
https://twitter.com/News9Tweets/status/1840360705104445533#m,"Woman in room, secret video: How this ‘honeytrap’ gang in Bihar tricked its victims  #Bihar #Honeytrap https://www.news9live.com/crime/woman-in-room-secret-video-how-a-honeytrap-gang-in-bihar-tricked-its-victims-2708920",News9,0,0,0,0
https://twitter.com/rajbalai1627/status/1837160331472408694#m,"सोशल मिडिया पर एक्टिव रहें, पर सावधानी भी बरतें।   अनजान व्यक्ति की मीठी - मीठी बातें आपको 'Honey Trap' का बना सकती है शिकार।  ऐसी किसी शिकायत के लिए #Cyber_Helpline Number 1930 पर कॉल करें।  #RajasthanPolice #HoneyTrap",Rajendra Prasad,3,0,2,1
https://twitter.com/JapePuntila/status/1840091931843399714#m,En ole. Sellainen on 100-varma #honeytrap.,Jape Puntila 🐠🇺🇦,1,0,0,1
https://twitter.com/TV9Bharatvarsh/status/1840088743170191842#m,"हनीट्रैप का नया तरीका! कमरे में लड़की, अंदर जाते ही बन जाती थी वीडियो  #Bihar #HoneyTrap https://www.tv9hindi.com/state/bihar/kishanganj-a-new-method-of-honey-trap-adopted-to-trap-youth-stwam-2856005.html",TV9 Bharatvarsh,1,0,1,0
https://twitter.com/LaurenMarii3/status/1840065803926024342#m,You're retards. #BaitCar #HoneyPot #HoneyTrap #HitMeWithYourBestShot,Laur3n,0,0,0,0
https://twitter.com/HardikBhattPT/status/1840054923595002108#m,મધમાખી(Honey )ઓ આજ કાલ બહુ ડંખ પણ મારે છે મોટા ભાઈ #honeytrap,Dr Hardik Bhatt PT,1,0,0,1
https://twitter.com/PoliceRajasthan/status/1836955942371594482#m,"सोशल मिडिया पर एक्टिव रहें, पर सावधानी भी बरतें।   अनजान व्यक्ति की मीठी - मीठी बातें आपको 'Honey Trap' का बना सकती है शिकार।  ऐसी किसी शिकायत के लिए #CyberHelpline1930 पर कॉल करें।  #RajasthanPolice #HoneyTrap",Rajasthan Police,219,4,82,10
https://twitter.com/HmghPolice/status/1839270891278184695#m,"सोशल मिडिया पर एक्टिव रहें, पर सावधानी भी बरतें।   अनजान व्यक्ति की मीठी - मीठी बातें आपको 'Honey Trap' का बना सकती है शिकार।  ऐसी किसी शिकायत के लिए #CyberHelpline1930 पर कॉल करें।  #hanumangarhpolice #HoneyTrap",Hanumangarh Police,5,0,2,0
https://twitter.com/sandychow118/status/1839962963886612906#m,"#AndhraPradesh @naralokesh @ncbn @Anitha_TDP @JaiTDP and Tata DCM mi pawala ku*ka #PawanKalyan @PawanKalyan Velli #TamilNadu CM @mkstalin Sanka nakandi that too with out sugar 😂😂😂😂😂  Companies CEO s and managers ni #Honeytrap chese vallani me yellow media support  chesindhi kada ,Anni #Kammaravati lo pettalante kudaradu ✌️🥲🥲",Sandya Chowdary TDP🇧🇳,18,0,5,0
https://twitter.com/sandeshnews/status/1839891726669926781#m,Surat |  હનીટ્રેપના ગુનામાં સંડોવાયેલા બે આરોપી ઝડપાયા  #surat #SuratNews #Honeytrap #SuratCrimeNews #Accused #SuratPolice #Gujarat,Sandesh,0,0,0,0
https://twitter.com/gujratsamachar/status/1839637346532364455#m,"Anjar govt health official blackmailed by woman and husband, extort ₹30 lakh from him  https://english.gujaratsamachar.com/news/gujarat/anjar-govt-health-official-blackmailed-by-woman-and-husband-extort-rs-30-lakh-from-him #Anjar #Kutch #governmentofficial #blackmail #honeytrap #government   #Gujarat #GujaratSamachar #GScard",Gujarat Samachar,1,0,0,0
https://twitter.com/sandeshnews/status/1839617745463251301#m,Bhavnagarના મહુવાથી ચાલતા હનીટ્રેપનો પર્દાફાશ થયો   #Honeytrap #Mahuva #Bhavnagar #Gujarat https://sandesh.com/gujarat/a-honey-trap-running-from-mahuva-in-bhavnagar-was-busted,Sandesh,0,0,0,0
https://twitter.com/KannadaPrabha/status/1839512359288598928#m,ಹನಿಟ್ರ್ಯಾಪ್ ಮಾಡಿ SDPI ಮುಖಂಡನಿಗೆ ಬ್ಲ್ಯಾಕ್'ಮೇಲ್: ಮಹಿಳೆ ವಿರುದ್ಧ ದೂರು ದಾಖಲು https://www.kannadaprabha.com/karnataka/2024/Sep/27/sdpi-leader-files-a-complaint-of-extortion-against-woman #ಬೆಂಗಳೂರು #Crime #complaint #blackmail #ಅಪರಾಧ #honeytrap #ಹನಿಟ್ರ್ಯಾಪ್ #Benglauru #BRBhaskarPrasad #ಬಿಆರ್ಭಾಸ್ಕರ್ಪ್ರಸಾದ್ #SDPIleader #ಬ್ಲ್ಯಾಕ್ಮೇಲ್ #ಎಸ್‌ಡಿಪಿಐಮುಖಂಡ @XpressBengaluru,kannadaprabha,6,0,0,0
https://twitter.com/himanshu0070070/status/1839173906923663728#m,#Alert #HoneyTrap #StayAway #BeAware #Boys #Males #Men,Himanshu N Kanani,0,0,0,0
https://twitter.com/TheLallantop/status/1838805809561518565#m,अहमदाबाद में एक हनीट्रैप का मामला सामने आया है. दोनों आरोपियों ने हनीट्रैप के जरिए एक युवक से 7.25 करोड़ रुपये वसूले थे. उनमें से 1 आरोपी ऑनलाइन गेमिंग में 6 करोड़ रुपये हार गया. बाकी के पैसों से पत्नी के लिए गहने खरीदे. #Ahmedabad #HoneyTrap https://www.thelallantop.com/news/post/ahmedabad-honey-trap-case-duped-7-crores-lost-6-crores-in-online-gaming,The Lallantop,27,1,5,1
https://twitter.com/himanshu0070070/status/1838799486685950028#m,#Alert #HoneyTrap #StayAway #BeAware #Boys #Males #Men,Himanshu N Kanani,0,0,0,0
https://twitter.com/AsianetNewsSN/status/1838410146739032292#m,"ಬಲಾತ್ಕಾರ, ಹನಿಟ್ರ್ಯಾಪ್: ಮುನಿರತ್ನ ಬಳಿ ಇದ್ದ ಅಶ್ಲೀಲ ವಿಡಿಯೋ ನಾಶ?   #ObsceneVideo #BJP #Munirathna #Honeytrap @DrParameshwara https://kannada.asianetnews.com/state/obscene-video-with-munirathna-was-destroyed-grg-skaqey",Asianet Suvarna News,1,0,0,0
https://twitter.com/FukMusk48576/status/1838218011670446480#m,"Zeg niks op internet dat je niet dronken door een kroeg vol vreemden schreeuwen zou.   Wat je intoetst, moet je als mogelijk bij derden bekend beschouwen. Ook als je het niet verzend.  Internet eerst en vooral, is een surveillance tool.  #durov #telegram #honeytrap",Sander Faas,0,0,0,0
https://twitter.com/johnlatkins/status/1838174987036860542#m,A Taste of Honey. Money Can't Buy Me Love. #HoneyTrap reinvented for the new #VirtueSignallingGeneration of politicians.,John Atkins,0,0,0,0
https://twitter.com/johnlatkins/status/1838170527103344869#m,#HoneyTrap reinvented for VirtueSignallers   #VirtueSignallingGeneration,John Atkins,0,0,0,0
https://twitter.com/johnlatkins/status/1838170281975632291#m,The Old HoneyTrap has been reimagined & reinvented for the VirtueSignalling Generation.  #HoneyTrap #VirtueSignallingGeneration,John Atkins,0,0,0,0
https://twitter.com/KhairthalPolice/status/1838084625710600428#m,"सोशल मिडिया पर एक्टिव रहें, पर सावधानी भी बरतें।   अनजान व्यक्ति की मीठी - मीठी बातें आपको 'Honey Trap' का बना सकती है शिकार।  ऐसी किसी शिकायत के लिए #CyberHelpline1930 पर कॉल करें।  #RajasthanPolice #HoneyTrap",KHAIRTHAL POLICE,1,0,0,0
https://twitter.com/Samir61891713/status/1837607090329997354#m,1. Are they paying you..?  2. Or does the Mossad have some dirt on you?  Nod once for 1.  Nod twice if it's 2.  #Mossad #Dirt #Tesla #Musk #HoneyTrap #PDiddy #Epstein #Maxwell,Sam,0,0,0,0
https://twitter.com/thedarshanjoshi/status/1837597695059415368#m,"Post 2 of 6: Aastha, knowing Darshankumar was married since July 2023, pressured him for an emotional and physical relationship. Her goal? Exploiting him to enjoy luxury clothes, U.S. travel, Dubai travel, and embezzling funds.   #instagram #clubhouse #honeytrap #defamation #fakeacidattack #suicideinduction #FraudAlert #Manipulation #JusticeForDarshankumar #indianlaw @UPPolice @saharanpurpol @DIGSaharanpur",Darshankumar Joshi,1,0,0,1
https://twitter.com/bons68669/status/1837590650113626317#m,i.e great but becareful  and regular basis supervision to PREVENT #Honeytrap,Banamali Mandal,1,0,0,0
https://twitter.com/CarFreeRoutes/status/1837584801605263558#m,Really interesting  #Israel #Honeytrap,Car Free Routes,0,0,0,0
https://twitter.com/NtvTeluguLive/status/1837543312783532438#m,HIV పేషంట్లతో హనీట్రాప్.. ఓ బీజేపీ ఎమ్మెల్యే రాక్షస క్రీడ..! - Real Story  #HIV #HoneyTrap #MLA #BJP #RealStory #NTVNews #NTVTelugu,NTV Telugu,34,5,16,0
https://twitter.com/aeltrileaf/status/1837505994047606896#m,"@RonBurkle is also the majority (60%) shareholder of @sohohouse. The over-glorified #honeytrap where  #MeghanMarkle went on her first ""date"" with #PrinceHarry and where #SophieHunter gave an ""exclusive"" interview. What illicit perks does that club offer that makes it so popular?",Aeltri,3,1,0,1
https://twitter.com/VikalpTimes/status/1837469829172961426#m,"#News #Jaipur ""हनी*ट्रैप का शिकार हुए सरकारी अफसर, ऐंठे 10 लाख""  https://vikalptimes.com/honey-trap-government-officer-jaipur-police-news-21-sept-24/ #Officer #HoneyTrap #JaipurPolice #Rajasthan #HindiNews #LatestNews #LatestUpdates #SawaiMadhopurApp #VikalpTimes @Jaipur_Police",Vikalp Times,0,0,0,0
https://twitter.com/Dave76XXX/status/1837456686329548917#m,Daar weten ze in het gevang straks wel raad mee...#Diddy #DiddyFreakoffs #DiddyArrested #badboyrecords #honeytrap,Dave de Zweefvlieger,2,0,0,0
https://twitter.com/OneindiaKannada/status/1837454227678826803#m,BJP MLA Munirathna: ಆಕೆ ನಂಗೆ ತುಂಬಾ ಪರಿಚಯ.. ಹನಿಟ್ರ್ಯಾಪ್‌ ಬಗ್ಗೆ ಶಾಸಕ ಮುನಿರತ್ನ ಸ್ಫೋಟಕ ಹೇಳಿಕೆ-ಇಲ್ಲಿದೆ ಮಾಹಿತಿ  https://kannada.oneindia.com/news/bengaluru/bjp-mla-munirathna-shocking-statement-about-honeytrap-know-details-376615.html #news #bengaluru #bjp #munirathna #statement #honeytrap,oneindiakannada,0,0,0,0
https://twitter.com/mgvimal_12/status/1837425643186757685#m,બિલ્ડર કમ નેતાના પુત્રના Honey Trap કેસમાં મોબાઈલ ફોન ગાયબ થયો ?  @AhmedabadPolice @GujaratPolice @dgpgujarat @CMOGuj @sanghaviharsh @InfoGujarat #Gujarat #GujaratFirst #Honeytrap #IPSGujarat https://www.gujaratfirst.com/exclusive/honey-trap-case-tampering-with-evidence-ahmedabad-crime-branch/,MG Vimal  - વિમલ પ્રજાપતિ,0,0,0,0
https://twitter.com/MohitSa40614184/status/1837359152185643092#m,"#सोशल_मिडिया पर एक्टिव रहें, पर सतर्क रहें सावधानी भी बरतें।   अनजान व्यक्ति की मीठी - मीठी बातें आपको 'Honey Trap' का बना सकती है शिकार।  ऐसी किसी शिकायत के लिए #Cyber_Helpline Number 1930 पर कॉल करें।  #RajasthanPolice #HoneyTrap",Mohit,1,0,0,0
https://twitter.com/KannadaPrabha/status/1837345586674053381#m,HIV ಸೋಂಕಿತರನ್ನು ಬಳಸಿ ಮುನಿರತ್ನ ಹನಿಟ್ರ್ಯಾಪ್: ಸಂತ್ರಸ್ತರ ಲಿಸ್ಟ್ ನಲ್ಲಿ ಪೊಲೀಸ್ ಅಧಿಕಾರಿ! ಮಹಿಳೆಯರನ್ನು ಪತ್ತೆ ಹಚ್ಚುವುದೇ ದೊಡ್ಡ ಸವಾಲು! https://www.kannadaprabha.com/karnataka/2024/Sep/21/mla-used-hiv-women-to-honey-trap-rivals @XpressBengaluru #HIV #women #honeytrap #munirathna,kannadaprabha,2,0,0,1
https://twitter.com/GuruBairwa_/status/1837334848203096527#m,"सोशल मिडिया पर एक्टिव रहें, पर सावधानी भी बरतें।   अनजान व्यक्ति की मीठी - मीठी बातें आपको 'Honey Trap' का बना सकती है शिकार।  ऐसी किसी शिकायत के लिए #Cyber_Helpline Number 1930 पर कॉल करें।  #RajasthanPolice #HoneyTrap",Raaz Bairwa,3,0,0,0
https://twitter.com/kprabhanews/status/1837321194338402530#m,ಏಡ್ಸ್ ರೋಗಕ್ಕೆ ತುತ್ತಾಗಿರುವ ಸಂತ್ರಸ್ತೆ ಮೂಲಕ ಹನಿಟ್ರ್ಯಾಪ್‌ : ಶಾಸಕ ಮುನಿರತ್ನ ವಿರುದ್ಧ ಆರೋಪ #AIDS #muniratna #HoneyTrap https://www.kannadaprabha.in/politics-news/munirath-s-case-should-be-investigated-by-sit-/articleshow-ogdk163,Kannada Prabha,0,0,0,0
https://twitter.com/GuruBairwa_/status/1837299750816600134#m,"सोशल मिडिया पर एक्टिव रहें, पर सावधानी भी बरतें।   अनजान व्यक्ति की मीठी - मीठी बातें आपको 'Honey Trap' का बना सकती है शिकार।  ऐसी किसी शिकायत के लिए #Cyber_Helpline Number 1930 पर कॉल करें।  #RajasthanPolice @Aaru_180 @damor_kalawati #HoneyTrap",Raaz Bairwa,0,0,0,0
