link,text,user,likes,quotes,retweets,comments
https://twitter.com/ABryanAuthor/status/1046614792146808832#m,"Contact us now for help and assistance.  For free advice, please contact us at:  https://www.abcipi.com/contact.html #internetdatingscam #investigationservices #bestdetectives #privateinvestigator #onlinefraud",Anthony Bryan,0,0,0,0
https://twitter.com/RandallStumpCLT/status/926120440266940416#m,Child Pornography and Internet Dating Scams federaldefensenc.com/blog/20… #internetdatingscam #randallstump #criminaldefense,"Randall & Stump, Criminal Defense Attorneys",0,0,0,0
https://twitter.com/JournalistJill/status/835128451719921664#m,Seeking #internetdatingscam stories. Have you been conned? For news story highlighting dangers. PlsRT (Can pay for story if you'll be ID'd),Jill Foster,0,0,1,0
https://twitter.com/JenniferGNovels/status/632160185319051264#m,Turning an #InternetDatingScam into a #LoveStory ... #IfLoveIsALie myBook.to/IfLoveIsALieSpicy #JenniferGeoghanNovels,Jennifer Geoghan,0,0,0,0
https://twitter.com/prettyhotbooks/status/570601685287960578#m,Featured... pretty-hot.com/match-dot-mur… #attemptedmurder #internetdatingscam #Truecrimememoir #wrongfularrest,Jennifer - Pretty-Hot Books,0,0,0,0
https://twitter.com/prettyhotbooks/status/570239050533052417#m,Featured... pretty-hot.com/match-dot-mur… #attemptedmurder #internetdatingscam #Truecrimememoir #wrongfularrest,Jennifer - Pretty-Hot Books,0,0,0,0
https://twitter.com/KidazzleParties/status/563668694342336512#m,#Awareness #DatingWarning #InternetDatingScam #DatingSiteScam #Share Youtube.com/aishaRgriffin... fb.me/79iQgIWWf,Kidazzle Parties,0,0,0,0
https://twitter.com/PhilippinesPI/status/454862623096328192#m,#Internetdatingscam is spreading like epidemic now a day. Get rid of these #frauds with our detail checking service. tinyurl.com/7zyqps9,Zele Investigators,0,0,0,0
https://twitter.com/mas_kil/status/137278043206070272#m,bank account wiped out + credit cards maxed out = #InternetDatingScam,Mas,0,0,0,0
