link,text,user,likes,quotes,retweets,comments
https://twitter.com/wonconnect/status/1816850975808012473#m,"Heartbroken & betrayed? You're not alone.💔 Online dating scams are on the rise and they're destroying lives. We are sharing a story to help you rebuild. Discover how to spot red flags, protect your heart, and regain trust. #onlinedatingscam #heartbreak #safetytips #trustyourself",Won Connect CIC,0,0,0,0
https://twitter.com/VPNRanks/status/1811282165084422281#m,"❤️ Love Scam Alert! 🚨 Romance scams are skyrocketing! 107K scam victims by 2025, 65% trapped predicted by VPNRanks.  See the scary stats & protect yourself: https://www.vpnranks.com/resources/shocking-online-dating-scams-statistics/ #Cybersecurity #onlinedating #VPNRanks #OnlineScam #StaySafeOnline #infosec #OnlineDatingScam",VPNRanks,3,1,3,0
https://twitter.com/mamta222ch77428/status/1801059942608072766#m,"🚨 Breaking News: The Madhapur Police have cracked down on an elaborate online dating scam in Hyderabad, arresting seven individuals.  #HyderabadNews #OnlineDatingScam #SafetyFirst #BreakingNews #teekhasamachar",mamta222choudhary@gmail.com,0,0,0,0
https://twitter.com/DeccanChronicle/status/1800844282183741697#m,Hyderabad police arrested seven people in an online dating scam. The accused used a dating app to lure victims to a pub where they were forced to buy expensive liquor.  #Hyderabad #OnlineDatingScam #Arrest https://www.deccanchronicle.com/southern-states/telangana/hyderabad-online-dating-app-scam-police-arrest-seven-persons-898541,Deccan Chronicle,15,3,9,1
https://twitter.com/igsaiyed/status/1800821379270578538#m,#OnlineDatingScam,Irfan Saiyed,0,0,0,0
https://twitter.com/AmendLaws4Men/status/1796257158482255996#m,"#RaginiFraud - beware of #onlinedatingscam. Stay vigilant to avoid falling victim. Today, a face-to-face relationships won't work, so how come a virtual relationship will? #BNS69 is ready to attack youth - 10 years in jail + Financial & Carrier Loss. https://inv.tux.pizza/watch?v=Lmq2Zfq2K8A",AmendLaws4Men,17,2,14,1
https://twitter.com/DatingAppNews/status/1795704626706014431#m,Unmasking the Tinder Swindler: A Tale of Romance Fraud  #RomanceFraud #OnlineDatingScam #OnlineSafety  Read More: https://www.datingapp.news/post/unmasking-the-tinder-swindler-a-tale-of-romance-fraud,Dating App News,0,0,0,0
https://twitter.com/LakeStLouisPD/status/1783466193547931895#m,Beware of online dating scams in ! Don't let a charming profile fool you - always stay cautious and protect your heart (and wallet) 🚨💔💸 #onlinedatingscam #ScamAlert,Lake Saint Louis Police,1,0,0,0
https://twitter.com/tdn_news/status/1781364422948290895#m,Dating Scam In Pune Rs20 lakh Senior citizen duped by the woman met on dating site https://www.thedemocracynews.in/asia/dating-scam-in-pune-rs20-lakh-senior-citizen-duped-by-the-woman-met-on-dating-site #datingscaminpune #rs20lakh #seniorcitizenduped #womanmetondatingsite #datingsitefraud #onlinedatingscam #punepolice #pune #india #crime #fraud #safety #security #awareness #tips #advice #help #support #prevention #recourse #DatingScam #PuneFraud #SeniorCitizenScam #OnlineDatingScam #PuneDuped #RomanceScam #LoveFraud #PuneCon #ScamAlert #PuneDatingScam #SeniorCitizenVictim #PuneCrime #DatingSiteScam #PunePolice #FraudPrevention #ScamAwareness #PuneSafety #OnlineSafety #PuneAlert #ScamVictim,The Democracy News,0,0,0,0
https://twitter.com/DatingAppNews/status/1732688931290837058#m,Are Restaurants Now Catfishing on Dating Apps?  #OnlineDatingSafety #ScamAwareness #OnlineDatingScam  Full Article Here: https://www.datingapp.news/post/are-restaurants-now-catfishing-on-dating-apps,Dating App News,0,0,0,0
https://twitter.com/amooreavon_/status/1730658785004306786#m,"https://Throuple.Dating review: Overbearing paywall, suspected bots, and restricted free use. User feedback is often edited or deleted, raising concerns about site authenticity. Clear scam, not genuine. ★☆☆☆☆ #OnlineDatingScam #DatingSiteReview #OnlineDating",💟 Alexis Moore 💟,0,0,0,0
https://twitter.com/timelinelatest/status/1723260405144015015#m,"Bumble Dating Scam: A Man Duped To Pay Restaurant Bill Over Rs. 15,000  #Bumbleapp #Onlinedatingscam #Bumbledatingscam #onlinefraud https://timelinedaily.com/india/bumble-dating-scam-a-man-duped-to-pay-restaurant-bill-over-rs-15000",Timeline.,0,0,0,0
https://twitter.com/iammarkspace/status/1707755959383175217#m,Thailand's Biggest Romance Scam  #RomanceScam #Fraud #Thailand #OnlineDatingScam #Iammarkspace #LoveScam #Investigation #Cybersecurity #Scammers #Tiktokcrime #Truecrimetiktok  Note: This post is for educational purposes only. We are against violence and cyber crimes,Mark Space,0,0,0,0
https://twitter.com/chennaipolice_/status/1693888232394518938#m,Don't be scammed!  Online dating could be a trap for scammers who want to take advantage of your feelings. Beware!  Cyber Crime Helpline Number 1930  Signs of #OnlineDatingScam,GREATER CHENNAI POLICE -GCP,19,0,7,0
https://twitter.com/Tazaakhabar24X7/status/1680858699026268161#m,"#SerialFraudster: Man Marries 15 Women Using Fake Identities of Doctor, Engineer, and Contractor  https://tazaakhabar.in/serialfraudster-man-marries-15-women-using-fake-identities-of-doctor-engineer-and-contractor/ #FraudsterExposed #MarriageScam #MysuruFraudCase #OnlineDatingScam #VictimJustice #PoliceInvestigation #FinancialFraud #GoldJewelryTheft",ताज़ा खबर,1,0,0,0
https://twitter.com/ThaigerNews/status/1669191080557031424#m,Thailand News | Deceived in Thai Romance  #ThaiScamAlert #RomanceScamVictim #OnlineDatingScam,The Thaiger,0,0,0,0
https://twitter.com/sauga960am/status/1666944449534894080#m,"📣 New Podcast! ""Brian Crombie Radio Hour - Epi 902 - Online Dating Scams with Shai Plonski"" on @Spreaker #briancrombie #briancrombieradiohour #newstalksauga960am #onlinedatingscam #pigbutcheringscam #sauga960am #shaiplonski https://www.spreaker.com/user/sauga960am/brian-crombie-radio-hour-epi-902-podcast",@Sauga960AM,0,0,0,0
https://twitter.com/wimia/status/1599460799185096704#m,"Military romance scams are more common than many people think. Any time you see someone in uniform on a dating site, you should be suspicious. Learn more red flags: https://bit.ly/3ihxCet #onlinedating #romancescam #militaryromancescam #catfishing #onlinedatingscam #scamsavvy",WhatIsMyIPAddress.com,0,0,0,0
https://twitter.com/wimia/status/1598744832859570199#m,"Military romance scams are more common than many people think. Any time you see someone in uniform on a dating site, you should be suspicious. Learn more red flags: https://bit.ly/3gNt4w0 #onlinedating #romancescam #militaryromancescam #catfishing #onlinedatingscam #scamsavvy",WhatIsMyIPAddress.com,0,0,1,0
https://twitter.com/wimia/status/1598506510006771713#m,"Military romance scams are more common than many people think. Any time you see someone in uniform on a dating site, you should be suspicious. Learn more red flags: https://bit.ly/3VxurO4 #onlinedating #romancescam #militaryromancescam #catfishing #onlinedatingscam #scamsavvy",WhatIsMyIPAddress.com,0,0,0,0
https://twitter.com/wimia/status/1598154943613083650#m,"Military romance scams are more common than many people think. Any time you see someone in uniform on a dating site, you should be suspicious. Learn more red flags: https://bit.ly/3AXEdRP #onlinedating #romancescam #militaryromancescam #catfishing #onlinedatingscam #scamsavvy",WhatIsMyIPAddress.com,0,0,0,0
https://twitter.com/aninditagmishra/status/1583738478176919553#m,Online romance scams be like a whirlwind- that will definitely blow you off your feet and perhaps empty out your account. Stay #cybersmart! #DatingScam #OnlineDatingScam #CybersecurityAwarenessMonth,Mission CyberSafety,3,0,4,0
https://twitter.com/wimia/status/1579162531285041152#m,"Scammers are combining romance scams and cryptocurrency into a new, technologically sophisticated scam: ""Pig butchering."" Learn how it works and what to watch out for: https://bit.ly/3SVKe8h #scamsavvy #scamalert #cryptoscam #pigbutchering #onlinedatingscam #onlinesafety",WhatIsMyIPAddress.com,0,0,0,0
https://twitter.com/wimia/status/1578577928014667778#m,"Scammers are combining romance scams and cryptocurrency into a new, technologically sophisticated scam: ""Pig butchering."" Learn how it works and what to watch out for: https://bit.ly/3RxDtbz #scamsavvy #scamalert #pigbutchering #onlinedatingscam #onlinesafety",WhatIsMyIPAddress.com,1,0,1,0
https://twitter.com/wimia/status/1578098522431291393#m,"Scammers are combining romance scams and cryptocurrency into a new, technologically sophisticated scam: ""Pig butchering."" Learn how it works and what to watch out for: https://bit.ly/3CsxKP1 #scamsavvy #scamalert #pigbutchering #onlinedating #onlinedatingscam #onlinesafety",WhatIsMyIPAddress.com,1,0,1,0
https://twitter.com/Vijaykarnataka/status/1559726722534473729#m,"ಡೇಟಿಂಗ್‌ ಸುಂದರಿಯರ ಕೈಚಳಕ: ಬಲೆಗೆ ಬಿದ್ದ ಹಣವಂತರು, ಸಿಗದ ಮಾಯಾಂಗನೆಯರು!    #Onlinedatingscam toi.in/REgZfZ80",vijaykarnataka,5,0,2,0
https://twitter.com/ezchargebacks/status/1534817580577615872#m,"Retired Cop Lost More Than $15,000 in A Hybrid CryptoCurrency / Online Dating Scam. Learn more about his story here: https://ezchargeback.com/a-hybrid-cryptocurrency-online-dating-scam/ #excop #retiredcopscammed #scammed #cryptoscam #onlinedatingscam",EZChargeBack,0,0,0,1
https://twitter.com/KatieKulich/status/1496566038233849860#m,"#OnlineDatingScam report - Match.com https://inv.tux.pizza/szY610Wdj14 via @YouTube  This single mother of 2 was #catfished on match.com.  Some #datingadvice, don't fall for this #romancescam",Katie Kulich,0,0,0,0
https://twitter.com/CherieFireball/status/1475357888071626752#m,Oh those guys stuck on an ocean platform oil rig unable to send their daughters tuition money... #OnlineDatingScam,Cherie Baby 🎶,2,0,0,0
https://twitter.com/DataGuard365/status/1469411631130189825#m,"Together, we’ll leave a footprint that stomps out cybercrime! visit data-guard365.com?utm_source… #DataGuard365 #cybersecurity #CyberInSight #GetDG365Cybersecure #onlinedatingscam #personalinformation",Data-Guard365,0,0,0,0
https://twitter.com/PortalComplaint/status/1438427974567489542#m,"If you are also a victim of online Scam Or Fraud, So don't worry we are here to help you, Just post your complaint on our website complaintportal.org #complaintportal #legal #helpconsumer #yourvoiceagainstscam #fraud #scam #onlinefraud #onlinedatingfraud #onlinedatingscam",Complaint Portal,3,0,0,0
https://twitter.com/PortalComplaint/status/1438029005429489668#m,"If you are also a victim of online Scam Or Fraud, So don't worry we are here to help you, Just post your complaint on our website complaintportal.org #complaintportal #legal #helpconsumer #yourvoiceagainstscam #fraud #scam #onlinefraud #onlinedatingfraud #onlinedatingscam",Complaint Portal,3,0,0,0
https://twitter.com/PortalComplaint/status/1437374717548134401#m,"If you are also a victim of online Scam Or Fraud, So don't worry we are here to help you, Just post your complaint on our website complaintportal.org #complaintportal #legal #helpconsumer #yourvoiceagainstscam #fraud #scam #onlinefraud #onlinedatingfraud #onlinedatingscam",Complaint Portal,1,0,0,0
https://twitter.com/PortalComplaint/status/1435495389675720705#m,"Professor said time is greater than money.   If you don't to be a part of an online Scam Or Fraud, So listen to Professor's  Word. Take your time Before payment online.  Quotes Credit:- Money Heist  #complaintportal #fraud #scam #onlinefraud #onlinedatingscam #MoneyHeist",Complaint Portal,3,0,0,0
https://twitter.com/PortalComplaint/status/1433721006342901761#m,"If you are also a victim of online Scam Or Fraud, So don't worry we are here to help you, Just post your complaint on our website complaintportal.org #complaintportal #legal #helpconsumer #yourvoiceagainstscam #fraud #scam #onlinefraud #onlinedatingfraud #onlinedatingscam",Complaint Portal,0,0,0,0
https://twitter.com/PortalComplaint/status/1433323616444108803#m,"If you are also a victim of online Scam Or Fraud, So don't worry we are here to help you, Just post your complaint on our website complaintportal.org #complaintportal #legal #helpconsumer #yourvoiceagainstscam #fraud #scam #onlinefraud #onlinedatingfraud #onlinedatingscam",Complaint Portal,0,0,0,0
https://twitter.com/PortalComplaint/status/1432233629892022273#m,"If you are also a victim of online Scam Or Fraud, So don't worry we are here to help you, Just post your complaint on our website complaintportal.org #complaintportal #legal #helpconsumer #yourvoiceagainstscam #fraud #scam #onlinefraud #onlinedatingfraud #onlinedatingscam",Complaint Portal,0,0,0,0
https://twitter.com/TechforingLtd/status/1390622447192453120#m,How a person get trapped in online dating scam in 21st century? https://blog.techforing.com/case_studies/online-dating-scam-love-trap/ #onlinedating #onlinedatingscam #cyberattack #cybersecurity #cybersecurityawareness,TechForing Ltd.,0,0,0,0
https://twitter.com/dogegal/status/1384429350481666054#m,❗️THREAD PENIPUAN ONLINE❗️  Please Help RT!  TWITTER BANTU AKU CARI LIU YU DAN SINDIKAT PENIPUAN INVESTASI ONLINE💸💸💸 #threadpenipuan #onlinedatingscam #meeff,Ace,20,11,28,3
https://twitter.com/tulsabbb/status/1364999155937021953#m,"Finding out a potential love interest is a scammer is heartbreaking, but it's also important to report them so it doesn't happen to anyone else! 💻💔 https://bit.ly/3cC9puv #TulsaBBB #OnlineDatingScam #Scammmer #Report",Tulsa BBB,1,0,0,0
https://twitter.com/TheNextTech2018/status/1335961537186553858#m,Online Dating and #Cybersecurity https://www.the-next-tech.com/?p=14893&utm_source=twitter&utm_medium=social&utm_campaign=TNT #oninepartner #onlinedating #onlinedatingscam #onlinemarriage,The Next Tech,0,0,0,0
https://twitter.com/TheNextTech2018/status/1331857339746553857#m,Online Dating and #Cybersecurity https://www.the-next-tech.com/?p=14893&utm_source=twitter&utm_medium=social&utm_campaign=ReviveOldPost #oninepartner #onlinedating #onlinedatingscam #onlinemarriage,The Next Tech,0,0,1,0
https://twitter.com/TheNextTech2018/status/1322608786067042305#m,Online Dating and #Cybersecurity https://www.the-next-tech.com/?p=14893&utm_source=twitter&utm_medium=social&utm_campaign=ReviveOldPost #oninepartner #onlinedating #onlinedatingscam #onlinemarriage,The Next Tech,0,0,0,0
https://twitter.com/ET_CISO/status/1306125841403764737#m,ETCISO | Telangana: Cyber fraudsters target people looking out for romantic liasons on dating apps #DatingScam #OnlineDatingCyberFraud #CyberFraudDating #OnlineDatingScam #Vulnerabilities #Telangana https://ciso.economictimes.indiatimes.com/news/telangana-cyber-fraudsters-target-people-looking-out-for-romantic-liasons-on-dating-apps/78139494,ET CISO,0,0,0,0
https://twitter.com/TheNextTech2018/status/1305257439881760768#m,Online Dating and #Cybersecurity https://www.the-next-tech.com/?p=14893&utm_source=twitter&utm_medium=social&utm_campaign=ReviveOldPost #oninepartner #onlinedating #onlinedatingscam #onlinemarriage,The Next Tech,0,0,0,0
https://twitter.com/trevmikewrites/status/1285674605148024835#m,"Error? Hmm...I smell a fake profile, @bumble #Bumble #Onlinedating #Onlinedatingscam #Bots",Trevor Michaels,0,0,0,2
https://twitter.com/CliffviewPilot/status/1276161148199538689#m,"A married South Jersey couple orchestrated an online dating scam that wooed victims out of more than $6 million, federal authorities said. #dailyvoice #datingscam #onlinedating #onlinedatingscam https://dailyvoice.com/new-jersey/hackensack/police-fire/feds-nj-couples-online-dating-scam-costs-those-looking-for-love-6-million/789834/#824",Jerry DeMarco,0,0,0,0
https://twitter.com/DVBergen/status/1276161147155120133#m,"A married South Jersey couple orchestrated an online dating scam that wooed victims out of more than $6 million, federal authorities said. #dailyvoice #datingscam #onlinedating #onlinedatingscam https://dailyvoice.com/new-jersey/hackensack/police-fire/feds-nj-couples-online-dating-scam-costs-those-looking-for-love-6-million/789834/#325",DV Bergen County,0,0,0,0
https://twitter.com/CliffviewPilot/status/1275810071423959047#m,"A married South Jersey couple orchestrated an online dating scam that wooed victims out of more than $6 million, federal authorities said. #dailyvoice #datingscam #onlinedating #onlinedatingscam https://dailyvoice.com/new-jersey/hackensack/police-fire/feds-nj-couples-online-dating-scam-costs-those-looking-for-love-6-million/789834/#117",Jerry DeMarco,0,0,1,0
https://twitter.com/DVBergen/status/1275810070476046337#m,"A married South Jersey couple orchestrated an online dating scam that wooed victims out of more than $6 million, federal authorities said. #dailyvoice #datingscam #onlinedating #onlinedatingscam https://dailyvoice.com/new-jersey/hackensack/police-fire/feds-nj-couples-online-dating-scam-costs-those-looking-for-love-6-million/789834/#529",DV Bergen County,0,0,0,0
https://twitter.com/trevmikewrites/status/1270071912950124547#m,"@bumble You should really stop sending fake ‘likes’, I’m not buying your beehive service #Bumble #onlinedating #Onlinedatingscam",Trevor Michaels,0,0,0,0
https://twitter.com/JennaRShellman/status/1236389389061640192#m,"Thank you @juleshannaford for featuring our interview on Hong Kong Confidential! It was a privilege to hear your story. Episode has received close to 6,000 downloads on Fool Me Twice. Listen: https://bit.ly/39C0lli #podcasts #PodcastRecommendations #truecrime #onlinedatingscam",Jenna Renee Shellman,4,0,1,1
https://twitter.com/exchange_bank/status/1228021603944030208#m,Keep your Valentine's Day Happy. Don't get caught in a romance scam. #onlinedatingscam #romancescam #imposters bit.ly/RomScam,Exchange Bank,0,0,0,0
https://twitter.com/TiogaBank/status/1227998479861141506#m,"Love is in the air in February, but fraud may be as well. Never send money or gifts to a sweetheart you haven’t met in person. Here are some tips from the FTC that can help you spot a romance scam. #OnlineDatingScam #RomanceScam #Fraud  hhttp://trst.in/z4PTSS",Tioga State Bank,0,0,0,0
https://twitter.com/funnywhowhy/status/1204333669047046144#m,#onlinedatingscam,👀VCM,0,0,0,0
https://twitter.com/SAPoliceService/status/1189521214584303618#m,"#sapsHQ Western Cape: More suspects linked to an #OnlineDatingScam, appear in court facing charges for nearly R1 MIL fraud. ME saps.gov.za/newsroom/msspeec…",SA Police Service 🇿🇦,3,0,3,0
https://twitter.com/SocialSafer/status/1178531927906754560#m,"#onlinedatingscam: The FTC has accused Match.com (who also owns OKCupid, Plenty of Fish and Tinder) of using scam matches to drive up their subscription base, putting customers at risk of being defrauded.  # #onlinescams #datingapps #romancescam #SocialSafer #FTC",#SaferSocialMedia,1,0,0,0
https://twitter.com/BBBwmi/status/1170759973116284929#m,Have you encountered an #onlinedatingscam or any other potential scam situation? Tell BBB. Report it to Scam Tracker:  https://www.bbb.org/scamtracker/us/,BBB Western Michigan,1,0,0,0
https://twitter.com/Dating50T/status/1166414083719159809#m,https://is.gd/8LtpoI #onlinedatingscam #maturedating,Dating50PlusTips,0,0,0,0
https://twitter.com/CherieFireball/status/1164199286906576897#m,"We need more fed investigations & prosecution's like this going after the international scammers. Thx for a job well done! This is an Insidious Nationwide problem particularly targeting our elderly community, raping them of their nest-egg in their golden years. #onlineDatingscam",Cherie Baby 🎶,0,0,0,0
https://twitter.com/sexycises/status/1136813795932889093#m,Online Dating Scams and How to Recognize Them Helpful Tips to Avoid Scammers and Bots on Dating Profiles: https://www.askmen.com/dating/dating_advice/online-dating-scams-and-how-to-recognize-them.html #OnlineDating #DatingWebsites #DatingApps #DatingAdvice #Dating #Sexpert #OnlineDatingScam #OnlineScam,Sexycises,0,0,1,0
https://twitter.com/Jdsamuels25/status/1129473721578790914#m,My Online Military Romance Scammer Story https://inv.tux.pizza/G6LCiDVtM_c via @YouTube #onlinescammer #militaryromancescam #scam #onlinedatingscam,Jess /WolfieWitchCat25,1,0,0,1
https://twitter.com/D3pak/status/1125112807014289408#m,Be Careful from emerging Online Dating Scam 😎 For examples:  👉Russian Biwi Con 👉Your Sex tape Scam 👉Blackmailing Extra Marital Affair 👉Proposal Turn Extortion  Some tips to avoid becoming victim of an online dating scam 🕵️‍♀️  #OnlineDatingScam #CyberCrime #D3pak #Tinder,DR. DEEPAK (D3) FORENSICS,6,1,4,1
https://twitter.com/juleshannaford/status/1120364744819347463#m,Please check out my book 'Fool Me Twice' a #memoir about surviving an #onlinedatingscam for #indieapril #IndieAuthors #WritingCommunity #indieauthor,Jules Hannaford,6,1,2,0
https://twitter.com/Omaha_Love/status/1112761849915822082#m,"It may be #April Fools, but this is one #prank you don't want to fall for. Be wary of the signs of an #onlinedatingscam, and remember, if it sounds too good to be true, it probably is. Want a fun, safe way to meet like-minded individuals? Visit OmahaLove.com. #omahalove",Omaha Love,0,0,0,0
https://twitter.com/trevmikewrites/status/1109605429934469120#m,Imagine a dating company not trying to scam you into buying an ‘A-list’ subscription #Okcupid #scam #onlinedatingscam,Trevor Michaels,0,0,0,0
https://twitter.com/CheatedOnline/status/1097797719844888576#m,When love becomes a nightmare: Online dating scams @CheatedOnline #onlinecheated #Onlinedatingscam #datingscam #dating #scammers #SCAM #cheated #FRAUDS,Cheated Online,0,0,0,0
https://twitter.com/CSPGlobal/status/1096234409026453504#m,Finding your one true love may turn out to be a never happy ending. Here's how hackers could pull your heartstrings. https://cnb.cx/2nV7WW3 #ValentineScam #OnlineDatingScam #Cyberthreat #Cybersafety #CSPGlobal #BeyondSolutions #Valentinesday #Vday,CSP Global Technologies,1,0,0,0
https://twitter.com/BBBCentralON/status/1095735055798829056#m,Fall in Love - Go to Jail: BBB Report on How Some Romance Fraud Victims Become Money Mules!  https://www.bbb.org/article/news-releases/19398-fall-in-love---go-to-jail-bbb-report-on-how-some-romance-fraud-victims-become-money-mules #bbbscamalert #bbbcentralon #bbbscams #scam #moneymule #onlinedatingscam,BBB Central Ontario,1,0,0,0
https://twitter.com/ABryanAuthor/status/1066904747234357248#m,"For a FREE consultation, please visit   wilsonsdetectives.com/contac… #romancescam #privateinvestigation #detectiveagency #onlinedatingscam",Anthony Bryan,0,0,0,0
https://twitter.com/AprilBraswell/status/1055558803653971968#m,New #OnlineDatingScam A woman who said that a man she met through an online dating site was threatening to post photos she'd sent him on the internet. #SafetyFirst #RedFlags #Safety #Security #OnlineMatchmaker #DatingCoach #DatingCoach4Women https://www.gazettetimes.com/news/local/public-safety-log-oct/article_e9352230-45ec-58d0-9d2a-07634c5b4f6c.html,April Braswell,2,0,0,0
https://twitter.com/AARPVa/status/1050053602193141760#m,"#FRAUDALERT #OnlineDatingScam Scammers will make fake online dating profiles to get close to victims, build an online relationship, & then ask for $$$. Exercise caution when dating online & remember It's never a good idea to send $$$. 4 more info visit spr.ly/6012D4DE4",AARP Virginia,1,0,1,0
https://twitter.com/BeenVerified/status/1041683447666892801#m,A Hong Kong woman recently realized she'd been swindled out of $23 million USD by a British con artist over the course of four years: ow.ly/RHkx50iT0Ea #onlinedatingscam,BeenVerified.com,1,0,0,0
https://twitter.com/drakritikhatri/status/1040517222689591297#m,https://goo.gl/XRs2uB Keep Safe When You using Dating Sites? #onlinedatingscam,DR. Akriti khatri,0,0,0,0
https://twitter.com/ideabuzzz/status/1039466739166142465#m,How to Protect Yourself From an Online Dating Scam #OnlineDatingScam #Onlin DatingTips #relationshipadvice #datingadvice #relationshipcoaching #GetHimHooked #harveyhooke #AskHarvey https://inv.tux.pizza/0IR72xdIoqs,Idea Buzz,5,1,1,0
https://twitter.com/ReAdverts/status/1039466713048182784#m,How to Protect Yourself From an Online Dating Scam #OnlineDatingScam #Onlin DatingTips #relationshipadvice #datingadvice #relationshipcoaching #GetHimHooked #harveyhooke #AskHarvey https://inv.tux.pizza/0IR72xdIoqs,RE Adverts,6,0,1,0
https://twitter.com/StrikerPierce/status/1021737878177685504#m,"#onlinedatingscam groups are using US addresses 4 bank accnt&money wire accounts unbeknownst to actual address owner.If U receive any mail from a name U don’t recognize,email us the name & address.We are trying to connect the dots on several cases.We will check out the sender too",Striker Pierce,0,0,0,0
https://twitter.com/StrikerPierce/status/1013622677041541120#m,Thanx 2 the all who sent in 100+ fake online dating profiles leads! & we believe many r connected 2 the we tweeted!All will b going in our gallery which will be published on our website soon! Citizen Striker Network to the rescue! TU again! #strikerpierce #onlinedatingscam,Striker Pierce,1,0,0,0
https://twitter.com/juleshannaford/status/1000538541988823040#m,"My book ""Fool Me Twice"" about being scammed whilst internet dating will be released on 20th of August so please purchase a copy. #book #author #Writers #scammed #memior #onlinedatingscam #shame #guilt #ownyourstory #foolmetwice @p_pashmina",Jules Hannaford,6,0,3,2
https://twitter.com/Trendolizer/status/941979282942910464#m,Woman Travels 500 Miles To Meet Date Only To Find Out She Was Victim Of 'Pull A Pig' Prank #onlinedatingscam trendolizer.com/2017/12/woma…,Trendolizer,0,0,0,0
https://twitter.com/KempenAnnalise/status/936457431294578688#m,Another #CyberScam #CatFishing is real! #OnlineDatingScam - Read and learn! @SER_VA_MUS,Annalise Kempen,1,0,0,0
https://twitter.com/Detective_MJ/status/934612601903841280#m,@KelemenCari Here’s an interesting story for you about online dating scams; An epidemic that is causes ladies and men to lose all their life savings to a con-artist scammer. nowpi.com/online-dating-scam… #RomanceScam #Onlinedating #Onlinedatingsite #OnlinedatingScam #Datingscam,Private Investigator,10,0,2,1
https://twitter.com/benfotiaminenet/status/925716828474789888#m,SEEK Out The Authorities #onlinedatingscam https://inv.tux.pizza/eYMWhONHiAs via @YouTube,BenfoComplete,0,0,0,0
https://twitter.com/REVEAntivirus/status/925710554752339968#m,How to be #safe when #dating #online? #OnlineDatingScam https://buff.ly/2h2Vgwe,REVE Antivirus,2,0,0,0
https://twitter.com/DiligenceJo/status/925375423785177089#m,My company can find out all U need to know #DueDiligence #fraud #scam #onlinedatingscam #help,jo Due diligence,2,0,0,2
https://twitter.com/DetectiveLa/status/920511590675427328#m,nowpi.com/online-dating-scam… #Virtual #Kidnappings are #RomaceScam & #OnlineDatingScam #InternationalInvestigator #privateinvestigator #defense,LA Private Detective,1,0,1,0
https://twitter.com/DetectiveLa/status/920511240757227521#m,#Virtual #Kidnappings are #RomaceScam & #OnlineDatingScam #InternationalInvestigator #PrivateEye #mjpi learn more at nowpi.com/online-dating-scam…,LA Private Detective,1,0,1,0
https://twitter.com/Detective_MJ/status/920025900036456448#m,#Virtual #Kidnappings are #RomaceScam & #OnlineDatingScam #InternationalInvestigator #PrivateEye #mjpi learn more at nowpi.com/online-dating-scam…,Private Investigator,4,0,2,0
https://twitter.com/Detective_MJ/status/920025862711345152#m,#Virtual #Kidnappings are #RomaceScam & #OnlineDatingScam #InternationalInvestigator #PrivateEye #mjpi learn more at nowpi.com/online-dating-scam…,Private Investigator,4,1,2,0
https://twitter.com/StrikerPierce/status/870412178960113664#m,LA PLATA COUNTY: Deputies warn residents about growing #onlinedatingscam ow.ly/DMYf30c71gr,Striker Pierce,0,0,0,0
https://twitter.com/StrikerPierce/status/865951551554289664#m,"Prince George, Virginia: 3 people have been arrested in an #onlinedatingscam robbery ow.ly/XprS30bKEDq #onlinedating #scam #RT",Striker Pierce,0,0,0,0
https://twitter.com/StrikerPierce/status/864979053853462529#m,This soldier speaks out after his photos were used in an #onlinedatingscam ow.ly/9UOU30bHdh3,Striker Pierce,0,0,0,0
https://twitter.com/MauiBizBrain/status/857021380847558656#m,example of real case by #SCAMArtists expert #DatingSCAM #OnlineDatingSCAM #OnlineSCAM  Same scammer also here►scamwarners.com/forum/viewto… @FTC,Maui Business Brainstormers,0,0,0,0
https://twitter.com/ComtelComUSA/status/831536452550926336#m,Don't get scammed this valentine's day on your dating app. #valentinesday #onlinedatingscam ow.ly/Rm6F308ZV8w,Comtel Communication-A Telarus Owned Company,0,0,0,0
https://twitter.com/humphreys66amy/status/831536322854658048#m,Don't get scammed this valentine's day on your dating app. #valentinesday #onlinedatingscam ow.ly/YFm3308ZV2U,Amy Humphreys,0,0,0,0
https://twitter.com/VincentSqEastNW/status/831525188156153862#m,#Protect urself/ur #money 2day #ValentinesDay from #romancescam #onlinedatingscam. bit.ly/1eY3zPb #fraud #SCAM #bank #trust #NHW,Vincent Square East NHW,0,0,0,0
https://twitter.com/ukonlinebanking/status/825245168102158337#m,Romance Fraud Is All Time High And Here Is Why online-banking.biz/2017/01/r… #onlinedatingscam,Online Banking,1,0,0,0
https://twitter.com/ukonlinebanking/status/825244869648142337#m,Romance Fraud Is All Time High And Here Is Why online-banking.biz/2017/01/r… #onlinedatingscam,Online Banking,0,0,0,0
https://twitter.com/datestips/status/813733491573604352#m,How To Spot An Online #Dating Scam bit.ly/2hpP4eT #onlinedatingscam,Dating Tips,4,0,4,0
https://twitter.com/Detective_MJ/status/811679426974879744#m,Just got another client lady that was scammed out of lots of 💰.  Pleas pass the word about #onlinedatingscam #Askfbi nowpi.com/practice-areas/onl…,Private Investigator,1,0,0,0
