link,text,user,likes,quotes,retweets,comments
https://twitter.com/SedimentIV/status/1808854772415389888#m,#ProfileScam #FakeProfil #Abuse @Safety @Support @x @XDACH @jolanta,𝒮𝑒𝒹𝒾𝓂𝑒𝓃𝓉 𝟦 #NieWieder 🦄 #OSINT #Trance,0,0,0,0
https://twitter.com/SedimentIV/status/1808854727418855437#m,"Na hast du ein eigenes Handle vergeigt, denk dran es wird gerade eine Anzeige aus Deutschland geschrieben.  #ProfileScam #FakeProfil #Abuse @Safety @Support @x @XDACH @jolanta",𝒮𝑒𝒹𝒾𝓂𝑒𝓃𝓉 𝟦 #NieWieder 🦄 #OSINT #Trance,0,0,0,0
https://twitter.com/SedimentIV/status/1808854551115464895#m,#ProfileScam #FakeProfil #Abuse @Safety @Support @x @XDACH @jolanta,𝒮𝑒𝒹𝒾𝓂𝑒𝓃𝓉 𝟦 #NieWieder 🦄 #OSINT #Trance,0,0,0,0
https://twitter.com/SedimentIV/status/1808854500343447577#m,#ProfileScam #FakeProfil #Abuse @Safety @Support @x @XDACH @jolanta,𝒮𝑒𝒹𝒾𝓂𝑒𝓃𝓉 𝟦 #NieWieder 🦄 #OSINT #Trance,0,0,0,0
https://twitter.com/SedimentIV/status/1808854450200850781#m,#ProfileScam #FakeProfil #Abuse @Safety @Support @x @XDACH @jolanta,𝒮𝑒𝒹𝒾𝓂𝑒𝓃𝓉 𝟦 #NieWieder 🦄 #OSINT #Trance,0,0,0,0
https://twitter.com/SedimentIV/status/1808854387516678211#m,#ProfileScam #FakeProfil #Abuse @Safety @Support @x @XDACH @jolanta,𝒮𝑒𝒹𝒾𝓂𝑒𝓃𝓉 𝟦 #NieWieder 🦄 #OSINT #Trance,0,0,0,0
https://twitter.com/SedimentIV/status/1808854317987942466#m,#ProfileScam #FakeProfil #Abuse @Safety @Support @x @XDACH @jolanta,𝒮𝑒𝒹𝒾𝓂𝑒𝓃𝓉 𝟦 #NieWieder 🦄 #OSINT #Trance,1,0,0,1
https://twitter.com/SedimentIV/status/1808834606348599589#m,#ProfileScam #FakeProfil #Abuse @Safety @Support @x @XDACH @jolanta,𝒮𝑒𝒹𝒾𝓂𝑒𝓃𝓉 𝟦 #NieWieder 🦄 #OSINT #Trance,0,0,0,0
https://twitter.com/SedimentIV/status/1808834418313699507#m,#ProfileScam #FakeProfil #Abuse @Safety @Support @x @XDACH @jolanta #ProfileScam #FakeProfil #Abuse,𝒮𝑒𝒹𝒾𝓂𝑒𝓃𝓉 𝟦 #NieWieder 🦄 #OSINT #Trance,0,0,0,0
https://twitter.com/SedimentIV/status/1808832781234983290#m,#ProfileScam #FakeProfil #Abuse @Safety @Support @x @XDACH @jolanta,𝒮𝑒𝒹𝒾𝓂𝑒𝓃𝓉 𝟦 #NieWieder 🦄 #OSINT #Trance,2,0,0,0
https://twitter.com/MsCaliQueen86/status/1413628207622868995#m,Thank you love I just had to ask when it started asking me way too personal questions! Everything keep an eye out! Reporting now! #profilescam,𝐂𝐚𝐥𝐢𝐐𝐮𝐞𝐞𝐧𝟖𝟔 😈👑🏦🖤🇸🇻,0,0,0,1
https://twitter.com/sanjuniba/status/1314963883161911299#m,@rashtrapatibhvn @PMOIndia @himantabiswa @AmitShah   What is going on & on;do you want a #SSR like activities. Now the Makan Malik & his young son is threatening with dire consequences; any relationship with d #profilescam we have raised against so many #Bank #Tweet 2 coming,"🇮🇳"" Mr Sanjoy Bhattacharjee ""🇮🇳",0,1,0,0
https://twitter.com/sanjuniba/status/1296438700239446016#m,Tomorrow morning sharp at 9:30 ; again I would give a try. There is a say also #BetterLuckNextTime . There is no option of #DM to twitter account @rashtrapatibhvn  ( #presidentkovind  )but anyway. Let me fight for #CitizenOfIndia .  🇮🇳🙏🇮🇳  #Lopltd14 #ProfileScam,"🇮🇳"" Mr Sanjoy Bhattacharjee ""🇮🇳",1,1,0,0
https://twitter.com/sanjuniba/status/1296435282162704388#m,"@rashtrapatibhvn since August 3rd 2020; just trying to communicate with presidential secretariat; which I did in 2014 also, but seems same( #NORESPONSE ) Right 4m PRO 2 Director(would write their name in next tweet,regarding this #profilescam matter)very busy 2 understand this.🐜","🇮🇳"" Mr Sanjoy Bhattacharjee ""🇮🇳",1,1,0,0
https://twitter.com/linhforexo1/status/937505277032652800#m,My profile pictures have been stolen 2 time: the first time on facebook and the second time on a chinese dating app. How dangerous it's... How about you? #ALC203 #profilescam,Vic,0,0,0,0
