link,text,user,likes,quotes,retweets,comments
https://twitter.com/MarolMoVo/status/1814559275798171823#m,The chats of Tinder scam same location infinity mall Andheri W  @MumbaiPolice seems Amboli police  is aware of this but not acting   @DiwakarSharmaa @mid_day @mashrujeet @sabahvir @Khanmidday #tinderscam   💐💐💐💐💐💐💐💐💐💐💐💐💐💐,MaroL Citizens Voice,1,0,0,0
https://twitter.com/timelinelatest/status/1808793216046526504#m,"#TinderScam: #Thane Man Ends Up With Rs 44,000 Bill At A #Restaurant https://timelinedaily.com/india/tinder-scam-thane-man-ends-up-with-rs-44-000-bill-at-a-restaurant",Timeline.,0,0,0,0
https://twitter.com/timelinelatest/status/1808779488911585315#m,"#TinderScam: #Thane Man Ends Up With Rs 44,000 Bill At A #Restaurant https://timelinedaily.com/india/tinder-scam-thane-man-ends-up-with-rs-44-000-bill-at-a-restaurant",Timeline.,0,0,0,0
https://twitter.com/htTweets/status/1808472317426598110#m,Expectation: A nice date with a #Tinder match Reality: Getting scammed instead  What is the #TinderScam #Reddit is unveiling?   https://www.hindustantimes.com/trending/thane-mans-tinder-date-ends-with-a-whopping-bill-of-rs-44-000-heres-what-happened-101719992109809.html,Hindustan Times,64,6,8,5
https://twitter.com/musicyricsnews/status/1808364642944581652#m,"Tinder date turns into Rs 1.2 Lakh Scam in Delhi Cafe! Man meets Versha on Tinder, gets duped into paying huge bill at Black Mirror Cafe. Police arrest cafe owners, table managers. #TinderScam #DelhiPolice https://news.musicyrics.com/tinder-date-turns-into-rs-1-2-lakh-scam-in-delhi-cafe/",Musicyrics News,0,0,0,0
https://twitter.com/News21Ind/status/1808107141359693869#m,"🚨 Attention, Delhiites! Beware of Tinder scams plaguing the city! A civil service aspirant was duped into paying ₹1.2L at a cafe. 💰 Scammers used fake profiles, threats, and coercion. #TinderScam #FraudAlert #StaySafe  Click here to read the full story https://www.news21india.com/honey-trappers-lurking-in-masses-across-sub-urbs-and-urban-cities/",News21India,0,0,0,0
https://twitter.com/EaglesJournal01/status/1807412923230310450#m,🚨 Tinder Scam in Delhi: Man Duped with ₹1.2 Lakh Café Bill 🚨  A civil service aspirant was scammed out of ₹1.2 lakh after a Tinder date at Black Mirror Café in East Delhi.   Read more: https://eaglesjournal.com/delhi-tinder-scam-man-duped-with-cafe-bill/ #TinderScam #DelhiNews #ScamAlert #OnlineDating,Eagles Journal,0,0,0,0
https://twitter.com/zee24taasnews/status/1807331582727823423#m,"Tinder गर्ल गोडीगुलाबीने  कॅफेत बोलावायची, नंतर यायचा मॅनेजर; डेटींग अ‍ॅपवरुन 'अशी' चालायची फसवणूक #TinderScam https://zeenews.india.com/marathi/india/delhi-crime-tinder-scam-delhi-online-dating-app-fraud-marathi-news/821501",ZEE २४ तास,1,0,0,0
https://twitter.com/aninditagmishra/status/1807069073962053996#m,#TinderScam #cybercrime https://www.livemint.com/news/trends/tinder-scam-ias-aspirant-goes-for-a-date-threatened-to-pay-bill-worth-rs-1-2-lakh-heres-what-happened-11719645606217.html,Mission CyberSafety,0,0,0,0
https://twitter.com/adi93264857/status/1796127752489165011#m,"Chinese scam #tinder scam  . Chinese scam fake exchange,fake trading,scamming , crypto tax scam . Careful  #SCAM #cryptoscam #scamexchange #tinderscam #fakexchange mt9pto.com mt9w.com",adi,0,0,0,0
https://twitter.com/adi93264857/status/1792766043833663762#m,"Chinese scam #tinder scam  . Chinese scam fake exchange,fake trading,scamming , crypto tax scam . Careful  #SCAM #cryptoscam #scamexchange #tinderscam #fakexchange mt9pto.com mt9w.com mt9nance.com",adi,1,0,0,0
https://twitter.com/adi93264857/status/1792765942096965962#m,"Chinese scam #tinder scam . Chinese scam fake exchange,fake trading,scamming , crypto tax scam . Careful  #SCAM #cryptoscam #scamexchange #tinderscam #fakexchange mt9pto.com mt9w.com mt9nance.com",adi,1,0,0,0
https://twitter.com/adi93264857/status/1792765868965069005#m,"Chinese scam #tinder scam  . Chinese scam fake exchange,fake trading,scamming , crypto tax scam . Carefully  #SCAM #cryptoscam #scamexchange #tinderscam #fakexchange mt9pto.com mt9w.com mt9nance.com",adi,1,0,0,0
https://twitter.com/adi93264857/status/1792765799586759094#m,"Chinese scam #tinder scam  . Chinese scam fake exchange,fake trading,scamming , crypto tax scam . Careful  #SCAM #romancescam #scamexchange #tinderscam #fakexchange mt9pto.com mt9w.com mt9nance.com",adi,0,0,0,2
https://twitter.com/adi93264857/status/1789663533539467669#m,"Chinese scam #tinder scam  . Chinese scam fake exchange,fake trading,scamming , crypto tax scam . Careful  #SCAM #cryptoscam #scamexchange #tinderscam #fakexchange mt9pto.com mt9w.com mt9nance.com #cryptocurrencynews",adi,1,0,0,0
https://twitter.com/adi93264857/status/1789663419257221273#m,"Chinese scam #tinder scam  . Chinese scam fake exchange,fake trading,scamming , crypto tax scam . Careful  #SCAM #cryptoscam #scamexchange #tinderscam #fakexchange mt9pto.com mt9w.com mt9nance.com #cryptomarket",adi,1,0,0,0
https://twitter.com/adi93264857/status/1789663338781122748#m,"Chinese scam #tinderscam  . Chinese scam fake exchange,fake trading,scamming , crypto tax scam . Careful  #SCAM #cryptoscam #scamexchange #tinderscam #fakexchange mt9pto.com mt9w.com mt9nance.com #cryptomarket",adi,1,0,0,0
https://twitter.com/adi93264857/status/1789663207113609515#m,"Chinese scam #tinder scam  . Chinese scam fake exchange,fake trading,scamming , crypto tax scam . Careful  #SCAM #cryptoscam #scamexchange #tinderscam #fakexchange mt9pto.com mt9w.com mt9nance.com #crypto",adi,1,0,0,1
https://twitter.com/adi93264857/status/1789663152084300281#m,"Chinese scam #tinder scam  . Chinese scam fake exchange,fake trading,scamming , crypto tax scam . Careful  #SCAM #cryptoscam #scamexchange #tinderscam #fakexchange mt9pto.com mt9w.com mt9nance.com #cryptocurrency",adi,1,0,0,0
https://twitter.com/DatingAppNews/status/1788818754002169873#m,"Scammer Defrauds Women of $100,000, Victims Share Their Shock Stories  #RomanceScam #TinderScam #DatingFraud  Read More: https://www.datingapp.news/post/scammer-defrauds-women-of-100-000-victims-share-their-shock-stories",Dating App News,0,0,0,0
https://twitter.com/Cyberhack0001/status/1775561924559708211#m,"Scammed in online dating? Don't panic.message me for All your Socal media accounts Spy/Hack's/Recovery and Crypto Lost fund's Recovery, Available 24/ 7 Hours inbox me t.me/Maxwellhacker0 #onlinedating #scam #romancescam #datingscam #fraud #tinderscam #datingapp",Cyber_Hack_Maxwell,0,0,0,0
https://twitter.com/Cyberhack0001/status/1775561817592381907#m,"Scammed in online dating? Don't panic.message me for All your Socal media accounts Spy/Hack's/Recovery and Crypto Lost fund's Recovery, Available 24/ 7 Hours inbox me t.me/Maxwellhacker0 #onlinedating #scam #romancescam #datingscam #fraud #tinderscam #datingapp",Cyber_Hack_Maxwell,0,0,0,0
https://twitter.com/idstrong/status/1759989846116794619#m,Scammed in online dating? Don't panic. Here's how to take back control.  #onlinedating #scam #romancescam #datingscam #fraud #tinderscam #datingapp,IDStrong,0,0,0,1
https://twitter.com/news18dotcom/status/1698656945014706310#m,#TinderScam: #Delhi woman asks man to meet her at a shady restaurant and makes him pay a hefty bill for drinks and food. https://www.news18.com/viral/delhi-man-scammed-by-tinder-match-who-made-him-pay-this-much-at-a-shady-cafe-8563242.html,News18.com,3,0,2,0
https://twitter.com/SparksJaxx54764/status/1697570546479665639#m,@Tinder how is that I’m a gold member - before loosing my phone I had 100’s of matches. Now I receive zero for months. What an absolute scam. #tinderscam,Jaxx Sparks,0,0,0,0
https://twitter.com/Indigive/status/1663532347956838403#m,"For more information, please visit: 𝗶𝗻𝗱𝗶𝗴𝗶𝘃𝗲.𝗼𝗿𝗴  @Indigive #cybercrimes #awareness #seniorcitizens #workshops #proactivesteps #cyberthreats #staysafeonline #tinderscam #datingscam #onlinescam",IndiGive Foundation,0,0,0,0
https://twitter.com/musicyricsnews/status/1663235327471894532#m,"Bengaluru woman falls victim to Tinder scam, losing Rs 4.5 lakh. This incident highlights the need for vigilance in online dating. #TinderScam #OnlineSafety Read more: https://news.musicyrics.com/bengaluru-woman-loses-rs-4-5-lakh-in-tinder-scam-stay-alert-and-stay-safe/",Musicyrics News,0,0,0,0
https://twitter.com/BumblingDad79/status/1662787182447173633#m,"What a surprise….Tinder Gold membership ran out last night…all of a sudden, I’ve apparently got a bunch of likes? Not this time @TinderUk…. #tinderscam #tinder #singlelife #datingapps",BumblingDad,0,0,0,0
https://twitter.com/CryptoBuzzByCG/status/1661132778186891265#m,"🚨💔 Crypto ""pig butchering"" scam on Tinder! 😱💸   Binance wins lawsuit after being accused of aiding theft! 🔥🏛️  #CryptoNews #Binance #TinderScam #CryptoExchange https://www.cryptogmblr.com/cryptobuzz/binance-escapes-8m-tinder-lawsuit-pig-butchering-laid-to-rest/",CryptoBuzzByCG,0,0,0,0
https://twitter.com/EndaTrading/status/1638495084374278144#m,Tinder Scam Exposed | Crypto Scammers https://inv.tux.pizza/hNrOoX3Woew #tinder #tinderscams #tinderscam #tinderscamexposed #tinderexperiment #tinderswindler #tinderstory #scamsontinder #tindercatfish #crypto #cryptoscam #cryptoscams #scammer #scammers #cryptoscammer #cryptonews,Enda Trading,0,0,0,0
https://twitter.com/TodayEmerging/status/1633077654290145281#m,The rise in scams has coincided with the widespread adoption of two forms of technology: dating apps and mobile payment.  #Brazil #Tinderscam https://restofworld.org/2023/tinder-robberies-dating-apps-brazil/,Emerging Markets Today,0,0,0,0
https://twitter.com/indiansontinder/status/1613394255426523137#m,#scammers #tindermemes #tinderscam #datingapp #delhi #playgue #zomato @Tinder_India @zomato,indiansontinder,0,0,0,0
https://twitter.com/aiwanger_h/status/1608383398170755072#m,"Achtung! Mit diesem Foto wird aktuell wieder viel #lovescam versucht, ein Model mit 100k Followern. Benutzt die Google Rückwärtssuche oder https://yandex.com/images/ #ScamAlert #lavoo #tinderscam",Aiwanger Hubert,0,0,0,0
https://twitter.com/luxuricity/status/1584668288193372160#m,"5 Dangerous Tinder Scams: Safe Tinder Dating Tips https://ift.tt/D2T98HB #Lifestyle, #catfish, #datingapp, #datingwebsites, #fraud, #scam, #tinder, #tinderapp, #tinderscam #Hot",Luxuricity,0,0,0,0
https://twitter.com/ShahidA97265475/status/1583878085702979585#m,#TINDERSCAM #TINDER,UKNKID,0,0,0,0
https://twitter.com/cameroun24/status/1563208268377640961#m,"Escroqueries amoureuses, restez vigilants sur les plateformes de rencontre. #tinderscam #arnaque #tinder https://www.cameroun24.net/actualite-cameroun-Escroqueries_amoureuses__restez_vigilants_sur_les_-1-1-60101.html",Cameroun24,1,0,0,0
https://twitter.com/InfoSecPhysa/status/1561626456983322624#m,"#cybersecurite Global Security Mag a publié ""Escroqueries amoureuses, restez vigilants sur les plateformes de rencontre. #tinderscam #arnaque #tinder""  L'artile complet: globalsecuritymag.fr/Escroqu…",News Physa,0,0,2,0
https://twitter.com/GS_Mag/status/1561622680859807746#m,"Escroqueries amoureuses, restez vigilants sur les plateformes de rencontre.  #tinderscam #arnaque #tinder https://bit.ly/3Csdoad",Global Security Mag,0,0,0,0
https://twitter.com/gamer_tweak/status/1560635199356010499#m,She Convinced Men On Tinder To Buy Nier: Automata And Then Ghosted Them  Stay Focused kings  #NieRAutomata #gamingmemes #Gamermemes #tinderswindler #Tinderscam #Tindermeme #gamingnews #gamingcommunity #gaminglife,Gamer Tweak,1,0,1,0
https://twitter.com/Whois_he090/status/1553894773940969472#m,Looking for the REAL person in this picture. His pictures are being used to catfish girls. Please DM info #CatfishUK #catfish #exposecatfish #aretheyacatfish #realcatfish #tinderscammeruk #faketinder #tinderscam #oceanbeach #fakeprofile,Whoare,0,0,0,0
https://twitter.com/KidN0b0dy/status/1542930062378471426#m,"Profile verification means nothing on @Tinder scammers & solicitors have found a way to subvert the safe guards. They verify their photo and then just upload their phoney photos after, & change the info in their profile. Fix this #tinder #tinderscam #romancescams #tinderswindler",Kid N0b0dy,0,0,0,0
https://twitter.com/chargebackway/status/1526774578386817026#m,The Tinder Forex Scam is considered a worse scam compared to others as it tries to fabricate a private and personal connection with the person. This sort of scam leverages one’s weakness and manipulates the victim’s life. Read more: https://chargebackway.com/the-major-411-on-tinder-forex-scams/ #tinderscam #datingapp,Chargeback Way,0,0,0,0
https://twitter.com/NewsbytesHindi/status/1512722313581821955#m,लोकप्रिय डेटिंग ऐप टिंडर से जुड़े एक स्कैम में अमेरिकी युवक ने 2.7 लाख डॉलर  मूल्य की क्रिप्टोकरेंसी गंवा दी। स्कैमर ने अपनी पहचान छुपाते हुए डेटिंग पार्टनर बनकर युवक को फंसाया और उसका भरोसा जीता।  #TinderScam #Cryptocurrency https://hindi.newsbytesapp.com/news/science/tinder-romance-scam-leads-man-in-losing-cryptocurrency-worth-20-lakh-rupees/story,NewsBytes हिन्दी,1,0,0,0
https://twitter.com/VoiceActorSam/status/1451366543678328836#m,"@SmallBizGeekUK wrote an article about Tinder scammers. Someone called ""May"" appeared, offering ""to help"" the victims.  The duplicitous psycho-drama with May was detailed in a documentary and I voice act as her 🙃  #tinderscam #voiceactor #documentary",Sam Yeow (rhymes with Meow),0,0,1,0
https://twitter.com/MiOwnOpinion33/status/1442856203651108867#m,Which ones the fake? #TinderScam,Patrick 33,0,0,0,1
https://twitter.com/JhandBaa/status/1436194098063372301#m,@Tinder Par bhi bandi 'I have a boyfriend' bol rahi hai.  Didi account kya hame jalane ke liye rakha hai? #TinderScam,Ravi Kishen,1,0,0,0
https://twitter.com/ollyfilmer/status/1428792268002037764#m,"Beware of the gold. @Tinder just want your money. They have no interest with your single status. If you sign up for a “free“ account then you will shortly have a gold account by a slight swiping error like me, owe them over £80 and no contact with support. #swipeleft #tinderscam",Olly Gark Filmer,0,0,0,0
https://twitter.com/ticktacklife13/status/1417689839999225860#m,今日はやたら #tinder にマッチングが来る。どう見ても詐欺系。活動積極的のようだ。 #tinderscam #国際ロマンス詐欺 #詐欺注意,お金が無くなっていく日記帳,1,0,0,0
https://twitter.com/ticktacklife13/status/1412356037412147209#m,Tinderにて急にLIKEが2件とんできた。 君達、どう見ても引っ掛けだろ。詐欺師もノルマあるのかな。時期的に活発になる気がする。 #Tinder #datingapp #fraud #tinderscam #詐欺被害 #投資詐欺,お金が無くなっていく日記帳,4,0,0,0
https://twitter.com/Adamgaron686/status/1406755896768696322#m,Fucking @tinder scammers says they want my social security number before sending nudes wow y’all need to step your game up if they thinking weak shit like that is gonna work 😂😂😂 #tinderscam #tinderstories #tindersucks,#dirtyskibum,0,0,0,0
https://twitter.com/vellyafonso/status/1397113646958907397#m,@Tinder this shouldn’t be new to you guys but I thought of tweeting it anyway. #tinder #tinderscam,Velly Afonso,1,0,0,0
https://twitter.com/YadaTyni/status/1380118830089920519#m,#ose #fakeTinder #Tinder #TinderScam #cryptotrading #cryptotradingscam #Finland,Yada Tyni,4,0,1,2
https://twitter.com/YadaTyni/status/1380117915853291521#m,"I wish I see this earlier 🥺 3-4weeks of being lured and scammed to invest in OSE. I lost almost 100k € Here is the fake tinder match and another 2 suspected.   With phone numbers +44 7309 264485, +852 5937 8900  #tinderscam #OSE #cryptotrading",Yada Tyni,3,0,0,2
https://twitter.com/Inocentes171/status/1372780463018758152#m,"For this week I matched with 4 scammers in Tinder, this is very alarming and Tinder should do something about this. #scamalert #shortterminvestment #tinder #tinderscam #Fraud #cryptocurrencyscams",Lurk3r_7,1,0,0,2
https://twitter.com/HkSmallpotato/status/1369115851396313090#m,How pathetic a scammer has to be to use the photo of this piece of shit?   #tinder #tinderscam #hongkong,SmallPotato_HK 🇭🇰😷💙💛,5,0,0,0
https://twitter.com/acidbluesboy/status/1367093250398552065#m,Is @Tinder just Asian scammers and Instagram posers now? Honestly no other profiles on site #tinder #tinderscam #dating #scam,Sergio Mesa,1,0,0,0
https://twitter.com/grittyzed/status/1366051604185587712#m,@Tinder has become so unethic that you can't find a girl to date without paying. That's so pathetic.   #Tinder #Tinderscam #UnistallTinder,Zain,1,0,0,0
https://twitter.com/Inocentes171/status/1363836958636580868#m,Another fake profile Chinese scammer! #goldFutures #ScamAlert #scammer #tinderscam,Lurk3r_7,2,0,1,2
https://twitter.com/FM_Nederland/status/1357705619759857664#m,"Pas op, als je op @Tinder zit en Koreaanse Julie wil wat van je. Is scammer. (jaja ik zit op Tinder)  Heeft me wel even vermaakt, maar echt Koreaans spreekt ze niet & uiteindelijk na een Russische tirade heeft  ""ze"" me geblokkeerd op Whatsapp.   Telnr: +44 7933 238130 #tinderscam",Jeroen Thijssen,3,0,0,2
https://twitter.com/travels766723/status/1342115301270421509#m,"Been 2 months since @tinder wiped my account without asking, no help, kept my years payment. Any journalists want to investigate #tinderscam ?  @TinderSupport @jlanzone @badeen @guardian @VICENews @mashable @Telegraph @BuzzFeed @TheSun @DailyMailUK @DailyMail #crime",tommy_travels766723,3,0,2,0
https://twitter.com/yoe_gurt/status/1338781949414895616#m,Sharing #tinderscam stories..  He stopped talking to me when I did not avail his insurance-investment offer.   What are yours?,September Marie 🌷🌸💖,2,0,0,1
https://twitter.com/yoe_gurt/status/1338779578261630976#m,"Bakit ganun? Investment opportunity lang pala ako,, 😆😆😩😩.. nung hindi ako nag invest, I was insulted and told me that I was dirt poor. I can’t even afford coffee daw. Sabi ko may 3in1 naman.. 😂🥺🥺 #tinderscam",September Marie 🌷🌸💖,2,0,0,0
https://twitter.com/japelska/status/1338241514862940161#m,"Maybe get tinder to actually work, it’s constantly down paying for nothing! Maybe make it a free service until you fix it, doesn’t work everyday and it’s just a joke!!! #tinderscam #tinder",J,0,0,0,0
https://twitter.com/jason_c_luna/status/1337457013693972480#m,"Well, @aquariaofficial can’t see me cause y’all banned me for no good reason. #TinderScam",Jason Luna,0,0,0,0
https://twitter.com/jason_c_luna/status/1337456791194505216#m,How about you take some marketing staff and assign them to customer service and deal with some of these unwarranted bans y’all are so fond of handing out? #TinderScam,Jason Luna,1,0,0,0
https://twitter.com/jason_c_luna/status/1337456542124142594#m,I would but we can’t match now that y’all banned me for no damn good reason. #TinderScam,Jason Luna,0,0,0,0
https://twitter.com/jason_c_luna/status/1337456284547739648#m,I ended up in the ban bunker since y’all banned me for no reason. #TinderScam,Jason Luna,1,0,0,0
https://twitter.com/jason_c_luna/status/1337456112359014400#m,Not me posting on every Tinder post to say #TinderScam for banning me for no reason.,Jason Luna,0,0,0,0
https://twitter.com/jason_c_luna/status/1337455909031702528#m,Me is me - the 2020 asteroid is Tinder banning my ass for no reason. #TinderScam,Jason Luna,1,0,0,0
https://twitter.com/jason_c_luna/status/1337455659407659008#m,Even these puppies hate you for banning me for no reason. #TinderScam,Jason Luna,0,0,0,0
https://twitter.com/jason_c_luna/status/1337455557502853122#m,Can get cuffed if my account is banned. #TinderScam,Jason Luna,0,0,0,0
https://twitter.com/jason_c_luna/status/1337455397964156928#m,I can’t message you at all now that you’ve banned my account for no reason. #TinderScam,Jason Luna,0,0,0,0
https://twitter.com/jason_c_luna/status/1337455259975761921#m,"I don’t trust Tinder for banning me for absolutely no reason, so I guess we have that. #TinderScam",Jason Luna,0,0,0,0
https://twitter.com/jason_c_luna/status/1337446826530594818#m,"It’s not going at all for me because I, like many others, have been banned for no reason and Tinder has NO customer service for its paying members. #TinderScam",Jason Luna,0,0,0,0
https://twitter.com/jason_c_luna/status/1337446651858878468#m,You need to answer your customer service complaints and tell us paying customers why we were banned for no reason. #TinderScam,Jason Luna,0,0,0,0
https://twitter.com/jason_c_luna/status/1337446498045288449#m,Option 3: No date because Tinder banned you for no good reason. #TinderScam,Jason Luna,0,0,0,0
https://twitter.com/jason_c_luna/status/1337446384732028928#m,Option 3: Tinder doesn’t care about their paying customers and only wants your money. #TinderScam,Jason Luna,0,0,0,0
https://twitter.com/jason_c_luna/status/1337446113637371906#m,Something your customer service should take into consideration...replying to paying customers to get their accounts banned for no good reason. #TinderScam,Jason Luna,0,0,0,0
https://twitter.com/jason_c_luna/status/1337445945525432320#m,It would be nice if we could fill your DMs with ban appeals...but your customer service is non existent. #TinderScam,Jason Luna,0,0,0,0
https://twitter.com/jason_c_luna/status/1337445523356147712#m,"(\_/) ( •_•) / >🔨  This bunny should be your new logo - it’s holding a ban hammer and mindless hops from one account to another, banning users for no good reason...just like you did to me today. #TinderScam",Jason Luna,0,0,0,0
https://twitter.com/jason_c_luna/status/1337445034602295296#m,What’s spooky is the large number of people who are on here complaining they got banned for no reason...just like me. THATS what should be haunting your company. #TinderScam,Jason Luna,0,0,0,0
https://twitter.com/jason_c_luna/status/1337444812786528256#m,He’s probably not returning texts because he got banned for no reason just like I was today. #TinderScam,Jason Luna,2,0,0,0
https://twitter.com/jason_c_luna/status/1337443818719694848#m,I tell a wanna be sugar baby “I don’t want to buy your nudes or premium snap” and I’M the bad guy and get banned because I used the word “nudes” but these fake profiles get to continue to run wild? #Tinder #TinderScam,Jason Luna,1,1,0,0
https://twitter.com/travels766723/status/1337424132049428481#m,Any journalists want to investigate why tinder have stopped responding to customers?  @TinderSupport @jlanzone @badeen @guardian @Independent @VICENews @mashable @Telegraph @BuzzFeed @TheSun @DailyMailUK @DailyMail @DailyMirror #tinderscam,tommy_travels766723,2,0,0,1
https://twitter.com/travels766723/status/1337420463077789697#m,"You are a peasant to them mate, no chance they'll help you out by actually responding to a customer. #tinderscam #theft #dataprotection",tommy_travels766723,1,0,0,0
https://twitter.com/EvanOher/status/1327786956713934849#m,Girl on tinder* be yourself hehehe 🤭🤭🤭 Same girl when I be myself*  what an ass you are ew. *Unmatched*  #hypocrisy #yudumelykdat #ithurts #yme #tinderscam #dilgaltikarbethahai,Evan Oher,0,0,0,0
https://twitter.com/aamitkoul/status/1324262993073524736#m,@DelhiPolice #cyberfraud2020 #tinderscam some one just took 16k on pretext of job and then didn't reply back he's has taken the money now he blocked he just said he wants to be next big scammer in india please help i have his number and voice note,AMIT KOUL,0,0,0,0
https://twitter.com/JenniferUduak_/status/1320671124221579265#m,"Please fix this or give me a refund, like this seems to me like a rip off.  My profile has been working well until few hours after I subscribed, it’s not funny anymore. You need to fix it #Tinder #TinderScam #RefundmeTinder",Jennifer,1,0,0,0
https://twitter.com/Abhisheksinhaha/status/1314516635365961728#m,"This is new shit ""#tinderscam"" 😂🤣",Abhishek Sinha,3,0,0,0
https://twitter.com/TheGeneration95/status/1290639288183529473#m,Girl Uses Tinder in Clever (But Dishonest) Way... And is able to make money!    https://www.generation95.com/girl-uses-tinder-in-clever-but-dishonest-way-and-makes-money/ #Tinder #TinderFail #Dating #TinderScam,Generation95,0,0,0,0
https://twitter.com/loncarevic/status/1173713057761103872#m,Beware of dating app scammers  https://loncarevic.wordpress.com/2019/09/16/beware-of-dating-app-scammers/ #dating #tinder #scam #scammer #datingscam #tinderscam,Petar Lončarević,0,0,0,0
https://twitter.com/andrewrosemeyer/status/1140711202542239744#m,@Tinder charges me even if I cancelled 5 days after renewal. #tinderblunders #tinderscam,Andrew Rosemeyer Chapman,0,0,0,0
https://twitter.com/TheeWISEST/status/1131559831607873538#m,Like girls..was on @Tinder havein a great time!Decided 2 pay4 a year membership for 140 buck like a complete idiot! decided to put a photo of my amazing boobs in profile!was 8 days into to my year membership was banned with no refund or even an email 2 explain why! #TinderSCAM,@TheeWisest🇺🇸✊💙,2,0,1,2
https://twitter.com/Rahul88689920/status/1127603370649358338#m,@Tinder tried purchasing your Tinder Plus. Got charged INR 330 but never got the upgrade. Going to launch a complain to National Consumer Forum India soon if not refunded. @consumerforum_ #tinderscam #tinder #scam #cheatcustomer #thugs,Rahul,0,0,0,0
https://twitter.com/krazyjohnny/status/1115334570117881857#m,"Sure @Tinder .. 10+ likes, yet used up all of my “swipes”, and not a single match.  Liars.  #TinderScam #horseshit",John.,0,0,0,0
https://twitter.com/MarianaSMarques/status/1094548424932950017#m,Looking for a person who has been scammed on a dating app for a news project #journorequest #datingappscam #tinderscam #grinderscam #london,Mariana Almeida Marques,2,0,0,0
https://twitter.com/nedsalv/status/1082191820711477248#m,"Naka swipe right ka na ng bente, ni isa walang nag match. #TinderScam",Nick,0,0,0,0
https://twitter.com/PAfriques/status/1073161261683277825#m,"#Repost @scamrepublique  Our feature film was shot on location in Yaounde , Cameroon .    #art #funny #artistsoninstagram #tinderscam #world #afrique #movies #notreal #followart #cinema… https://www.instagram.com/p/BrUvE3OntyK/?utm_source=ig_twitter_share&igshid=1cj5uq6jfzflr",PavillonAfriques,0,0,0,0
https://twitter.com/P_Rob480/status/1033574253193453569#m,@Tinder tinder is a scam!! Class action lawsuits in the future! #tinderscam,P.Rob 💀,1,0,1,0
https://twitter.com/ScottyBGud/status/1033282812357615616#m,"Just imagine how quick a horde of middle aged White American Women would turn from Mary Poppins to Madame LaLaurie, had they been the victims of this same stunt, if the actor is a young athletic Chris Brown lookalike.  @chrisbrown #TinderTrap #TinderScam",Scott E 🌱 🇯🇲,0,0,0,0
