username,caption,media_path
lckycookie,"So an obvious fake profile (guy in the military, out of the country, wanting a serious relationship, wants to talk off the app) came up and I swiped for him because I love to mess with scumbags. At the end of my screenshots is when he unmatched me. Oh well, my loss I guess huh lol 
#tinderscams #tinderscam #tinderscammers #tinderscammer #tinderfail #tinder","[WindowsPath('C:/Users/hp/Desktop/Project/Full_code_Amala (1)/Full_code_Amala/downloads/lckycookie_2291266169544137949.jpg'), WindowsPath('C:/Users/hp/Desktop/Project/Full_code_Amala (1)/Full_code_Amala/downloads/lckycookie_2291266169535847341.jpg'), WindowsPath('C:/Users/hp/Desktop/Project/Full_code_Amala (1)/Full_code_Amala/downloads/lckycookie_2291266169569362403.jpg'), WindowsPath('C:/Users/hp/Desktop/Project/Full_code_Amala (1)/Full_code_Amala/downloads/lckycookie_2291266169561077865.jpg'), WindowsPath('C:/Users/hp/Desktop/Project/Full_code_Amala (1)/Full_code_Amala/downloads/lckycookie_2291266169594707175.jpg'), WindowsPath('C:/Users/hp/Desktop/Project/Full_code_Amala (1)/Full_code_Amala/downloads/lckycookie_2291266169569329649.jpg'), WindowsPath('C:/Users/hp/Desktop/Project/Full_code_Amala (1)/Full_code_Amala/downloads/lckycookie_2291266169594571360.jpg'), WindowsPath('C:/Users/hp/Desktop/Project/Full_code_Amala (1)/Full_code_Amala/downloads/lckycookie_2291266169611226150.jpg'), WindowsPath('C:/Users/hp/Desktop/Project/Full_code_Amala (1)/Full_code_Amala/downloads/lckycookie_2291266169552708747.jpg'), WindowsPath('C:/Users/hp/Desktop/Project/Full_code_Amala (1)/Full_code_Amala/downloads/lckycookie_2291266169603048860.jpg')]"
pinknews,"Bradley was only looking for love. A 27-year-old living in London, he did what any gay man does and joined a dating website.⁠
⁠
Then he met Alfie. They exchanged mobile phone numbers, swapped photos, but hadn’t yet met. Still, Bradley thought, it was going well.⁠
⁠
Alfie wanted to visit Bradley in London. He said he cares for his mother, so where would he get the money for the train fare? Bradley offered to pay – after all, how could he not sympathise? ⁠
⁠
Without a second thought, he transferred £150: but that was far from the end of the story.⁠
⁠
In recent years, con artists have found a new target – those looking for love, fun and everything in between on dating apps such as Grindr and Tinder.⁠
⁠
Click the 🔗 in bio to read more.⁠
⁠
#thetinderswindler #lgbtmemes #tinderscams #romancescams",C:\Users\hp\Desktop\Project\Full_code_Amala (1)\Full_code_Amala\downloads\pinknews_2772017044222718992.jpg
alwaysanalytical,"Catfish Examples #2
Fake Profiles: Catfishers may create entirely fake profiles using stolen photos and fabricated information. Watch out for profiles with minimal or generic information, and be wary if the conversation feels scripted or unnatural.
#catfishing #tinderscams #fannymeets #nakedcasuals #kinkcasual #romptonight #smashmeets #fakeprofiles #datingappscams #datingtips #datingadvice101","[WindowsPath('C:/Users/hp/Desktop/Project/Full_code_Amala (1)/Full_code_Amala/downloads/alwaysanalytical_3335869327750615731.jpg'), WindowsPath('C:/Users/hp/Desktop/Project/Full_code_Amala (1)/Full_code_Amala/downloads/alwaysanalytical_3335869327758951214.jpg'), WindowsPath('C:/Users/hp/Desktop/Project/Full_code_Amala (1)/Full_code_Amala/downloads/alwaysanalytical_3335869327750484785.jpg'), WindowsPath('C:/Users/hp/Desktop/Project/Full_code_Amala (1)/Full_code_Amala/downloads/alwaysanalytical_3335869327750725146.jpg'), WindowsPath('C:/Users/hp/Desktop/Project/Full_code_Amala (1)/Full_code_Amala/downloads/alwaysanalytical_3335869327750552222.jpg')]"
alwaysanalytical,"Let’s address the dreaded topic of catfishing. 🐟 It is so frustrating, investing time and energy into conversations, only to discover we’ve been deceived by someone hiding behind a false identity. 😤 

But fear not, because I’m here to share some tips on how to avoid falling victim to the catfish trap. Stay tuned for some insights, and in the meantime, feel free to share your own catfishing horror stories in the comments below.

#datingfails #catfishing #tinderfakes #tinderscams #datingscams #fakeprofiles #catfish #dishonesty #datingadvice #datingover30 #datingafterdivorce",C:\Users\hp\Desktop\Project\Full_code_Amala (1)\Full_code_Amala\downloads\alwaysanalytical_3335766712064674460.jpg
pineda_cybersecurity,"Not all dating app matches are made in heaven, some are made by scammers. 🚫💔

Hindi lang hopeless romantics ang nasa Tinder, it can also be a breeding ground for scammers and fraudsters taking advantage of the anonymity and disclosure of personal information commonly done in these platforms. 

Here are dating app “red flags”, and how to protect your hearts and wallets from these online scammers.

#PinedaCyberSecurity
#CyberSecurity
#CyberSecurityPH
#DataProtection
#CyberAwareness
#SwipeSmart 
#OnlineSafety
#TinderScams
#OnlineDating","[WindowsPath('C:/Users/hp/Desktop/Project/Full_code_Amala (1)/Full_code_Amala/downloads/pineda_cybersecurity_3175532067046567143.jpg'), WindowsPath('C:/Users/hp/Desktop/Project/Full_code_Amala (1)/Full_code_Amala/downloads/pineda_cybersecurity_3175532066467935791.jpg'), WindowsPath('C:/Users/hp/Desktop/Project/Full_code_Amala (1)/Full_code_Amala/downloads/pineda_cybersecurity_3175532067851883704.jpg')]"
djcoladotnet,#PLENTYOFFISH Part 5: POF Live! is Ridiculous - Passive women all over the place #datingappsonline #howtousedatingapps #datingappscams #tinderscams #POF #POFLIVE #plentyoffishapp #dating #relationships #howtofindlove #love #sex #xxx http://ow.ly/qGgX50KETCg,C:\Users\hp\Desktop\Project\Full_code_Amala (1)\Full_code_Amala\downloads\djcoladotnet_2933315137267906090.jpg
nationtaxrelief,"Minimize the risk of becoming a fraud victim. 

Scammers pose as an IRS employee telling you that if you don't immediately pay the taxes you owe you will be arrested, never deposit a check for more than the amount you are owed.

Be vigilant, and make sure you work with responsible professionals. 
#tinderscam #tinderscammer #tinderscammers #tinderscams #fraudvictim #fraudvictims #scamvictim #scamvictims #scamvictimcouldbeyou",C:\Users\hp\Desktop\Project\Full_code_Amala (1)\Full_code_Amala\downloads\nationtaxrelief_2773609074673648729.jpg
ahora_saa,Warning online dating scammer going by the name Brianna or BriannaJesse. Report the account BriannaJesse22 #datingscam #tinderscams #bumblescam #scammerwarning #briannajesse22,C:\Users\hp\Desktop\Project\Full_code_Amala (1)\Full_code_Amala\downloads\ahora_saa_2887119131423511991.jpg
tinderscams,#tinderscams #fake #fakeprofile #truth,C:\Users\hp\Desktop\Project\Full_code_Amala (1)\Full_code_Amala\downloads\tinderscams_920452914140174753.jpg
peoplelooker,"Tinder users may be targeted for sneaky online dating schemes, such as catfishing, verification scams, spam bot messages and Skype sextortion scams. Some telltale signs of a scam include a single, suggestive profile picture, immediate sexually explicit conversations, odd or stilted text conversations, link or download requests, unwillingness to meet in person and ""hard-luck"" stories designed to gain sympathy (and your hard-earned cash). #onlinedating #datingscams #tinder #tinderscams #romancescams #catfishing #botscams #safety #datingtips #datingapp",C:\Users\hp\Desktop\Project\Full_code_Amala (1)\Full_code_Amala\downloads\peoplelooker_2108369176096961265.jpg
frasersimons,"Ah yes, tinder bots. Good times #tinder #tindertimes #tinderscams #lol #funny #whatyoudowhenyourebored",C:\Users\hp\Desktop\Project\Full_code_Amala (1)\Full_code_Amala\downloads\frasersimons_923615047043224676.jpg
itsasheraw,"Romance Scammers Are Upgrading?!
Romance scamming is on the rise, and both men and women get targeted. Now, they're even using artificial tools to scam more people! #scamalert #scamalertsg #spfsingapore #scams #romancescams #romancescammers #lovescams #whatsappscams #telegramscams #tinderscams #coffeemeetsbagelscam",C:\Users\hp\Desktop\Project\Full_code_Amala (1)\Full_code_Amala\downloads\itsasheraw_3197534096769282129.mp4
boccadutri.law,"🔹 Tinder Forex Scam or Honey Trap🔹 

It is called the Tinder Forex Scam because it is developed in dating app chats.

Dating applications are apps that connect people looking for potential partners.

This type of scam shows that scammers can leverage all of our weaknesses, manipulate every aspect of our lives, and attack us even when we are most vulnerable.

Unfortunately, for those with bad intentions, the purpose of any such tool is to make easy money.

How does the Scam Develop?

▪️The scammer acts like any person on Tinder would, responding to messages and phone calls, sending photos and videos, presenting themselves as available and affable. 

▪️The scammer usually portrays themselves as a good-looking and successful person.

▪️To complete the package is this affinity with someone who has knowledge of financial secrets.

If you realize that you have experienced something similar, do not hesitate to contact Boccadutri International Law Firm who will advise you on the best course of action to take to try to recover your money, at least in part.

Are you interested in learning more? 

Check our article in bio ⤴️

#BoccadutriInternationalLawFirm

#forex #forextraders #forexlawyers #forexscams #forexinvestments #forextrader #ForexTrading #RecoverMoney #TradingScams #ForexBrokers  #CryptoCurrencies #Frauds #FraudulentFund #RecoverInvestment
#Scams #Investment #BinaryOptionScams #BinaryOptionBroker #FinancialProduct #OnlineTrading #ForexLitigation #Brokers #FinancialProducts #CriminalAssociation #Cryptocurrency #Investor #Catfish #Catfishing #TinderScams","[WindowsPath('C:/Users/hp/Desktop/Project/Full_code_Amala (1)/Full_code_Amala/downloads/boccadutri.law_2611962917996860268.jpg'), WindowsPath('C:/Users/hp/Desktop/Project/Full_code_Amala (1)/Full_code_Amala/downloads/boccadutri.law_2611962918005364518.jpg'), WindowsPath('C:/Users/hp/Desktop/Project/Full_code_Amala (1)/Full_code_Amala/downloads/boccadutri.law_2611962917980112554.jpg'), WindowsPath('C:/Users/hp/Desktop/Project/Full_code_Amala (1)/Full_code_Amala/downloads/boccadutri.law_2611962918047184721.jpg'), WindowsPath('C:/Users/hp/Desktop/Project/Full_code_Amala (1)/Full_code_Amala/downloads/boccadutri.law_2611962918021954986.jpg'), WindowsPath('C:/Users/hp/Desktop/Project/Full_code_Amala (1)/Full_code_Amala/downloads/boccadutri.law_2611962918038801016.jpg'), WindowsPath('C:/Users/hp/Desktop/Project/Full_code_Amala (1)/Full_code_Amala/downloads/boccadutri.law_2611962918198256700.jpg'), WindowsPath('C:/Users/hp/Desktop/Project/Full_code_Amala (1)/Full_code_Amala/downloads/boccadutri.law_2611962918013754319.jpg')]"
tinderscams,#tinderscams #fakeprofile #fake #bereal #liar #wastemytime,C:\Users\hp\Desktop\Project\Full_code_Amala (1)\Full_code_Amala\downloads\tinderscams_920439516048415729.jpg
tinderscams,#tinderscams #fakeprofiles #truth #scammers,C:\Users\hp\Desktop\Project\Full_code_Amala (1)\Full_code_Amala\downloads\tinderscams_920763471355468497.jpg
boccadutri.law,"🔹 Catfish 🔹

The Catfish phenomenon is not new. 

▪️This is about people who creating a false identity on the Internet, portraying themselves through photos and information that do not belong to them.

▪️Creating fake profiles to spy on someone, to offend (a practice that often results in a crime).

▪️On dating sites, these scammers make you believe that they have, thanks to a relative or a trusted manager who works there, exclusive information on a certain investment. 

▪️Often it is a new cryptocurrency, the value of which, according to them, is bound to rise. 

▪️Needless to say, sponsored cryptocurrencies do not exist, and any money invested will end up in the pockets of scammers.

🔸Scammers must be reported in order to have even the slightest chance of recovering swindled money and to save future possible victims. 

If you are interested in learning more check our article in bio ⤴️

#BoccadutriInternationalLawFirm

#forex #forextraders #forexlawyers #forexscams #forexinvestments #forextrader #ForexTrading #RecoverMoney #TradingScams #ForexBrokers  #CryptoCurrencies #Frauds #FraudulentFund #RecoverInvestment
#Scams #Investment #BinaryOptionScams #BinaryOptionBroker #FinancialProduct #OnlineTrading #ForexLitigation #Brokers #FinancialProducts #CriminalAssociation #Cryptocurrency #Investor #Catfish #Catfishing #TinderScams","[WindowsPath('C:/Users/hp/Desktop/Project/Full_code_Amala (1)/Full_code_Amala/downloads/boccadutri.law_2612532603281097372.jpg'), WindowsPath('C:/Users/hp/Desktop/Project/Full_code_Amala (1)/Full_code_Amala/downloads/boccadutri.law_2612532603297749763.jpg'), WindowsPath('C:/Users/hp/Desktop/Project/Full_code_Amala (1)/Full_code_Amala/downloads/boccadutri.law_2612532603339756059.jpg'), WindowsPath('C:/Users/hp/Desktop/Project/Full_code_Amala (1)/Full_code_Amala/downloads/boccadutri.law_2612532603322971130.jpg'), WindowsPath('C:/Users/hp/Desktop/Project/Full_code_Amala (1)/Full_code_Amala/downloads/boccadutri.law_2612532603314590293.jpg'), WindowsPath('C:/Users/hp/Desktop/Project/Full_code_Amala (1)/Full_code_Amala/downloads/boccadutri.law_2612532603482370310.jpg')]"
