username,caption,media_path,post_url,likes,comments
mirrornow_in,"A new wave of scams has emerged in the country where women are trapping men on dating apps and exploiting them financially in connivance with bar and pub owners. These scams have targeted unsuspecting men who are lured into meeting at specific establishments. Once there, the victims are pressured into spending large amounts of money, often on overpriced drinks and food. 

The men, looking for genuine connections, end up being victims of a well-coordinated scam. This trend has raised concerns about the safety and integrity of dating platforms, as well as the ethical practices of some hospitality businesses.

The most recent incident has taken place in Mumbai's The Godfather Club in Andheri West. The scam was uncovered after a social media post went viral. The post was shared by activist Deepika Narayan Bhardwaj on X.

After orders are placed, women abruptly leave, often citing an emergency, leaving men to face exorbitant bills. Bills range from 23,000 to 61,000, as evidenced by photos of receipts shared by Bhardwaj. When the men protest or refuse to pay, they are threatened by the club's staff or bouncers, forcing them to settle the bill out of fear and humiliation. 

#Viral #Scam #Dating #Mumbai #DatingScam","[WindowsPath('C:/Users/hp/Desktop/Project/Full_code_Amala (1)/Full_code_Amala/downloads/mirrornow_in_3442426208014745275.jpg'), WindowsPath('C:/Users/hp/Desktop/Project/Full_code_Amala (1)/Full_code_Amala/downloads/mirrornow_in_3442426207888985410.jpg'), WindowsPath('C:/Users/hp/Desktop/Project/Full_code_Amala (1)/Full_code_Amala/downloads/mirrornow_in_3442426208098455151.jpg'), WindowsPath('C:/Users/hp/Desktop/Project/Full_code_Amala (1)/Full_code_Amala/downloads/mirrornow_in_3442426208467798633.jpg'), WindowsPath('C:/Users/hp/Desktop/Project/Full_code_Amala (1)/Full_code_Amala/downloads/mirrornow_in_3442426207972705959.jpg')]",https://www.instagram.com/p/C_F9GhstrFt/,633,18
mirrornow_in,"In a bizarre turn of events, a man from Delhi seeking romance found himself ensnared in a scam instead. On October 21, he received an invitation for a date via WhatsApp, unaware that it was a carefully orchestrated trap. The meeting point was Kaushambi metro station, where he was later taken to the Tiger Cafe, located on the first floor of Kaushambi Hotel.

Upon arriving at the cafe, the man became suspicious. He noticed the establishment lacked an online presence and had no visible signboard. Sensing something was off, he immediately shared his live location with a friend and sent a message detailing his situation.

His suspicions were confirmed when, as he attempted to leave, he was confronted with a bill amounting to ₹16,400 for a glass of cold drink that the girl had ordered. When he protested, the staff demanded ₹50,000, forcibly preventing him from exiting.

Fortunately, his friend, aware of the troubling circumstances, contacted the police. This prompt action led to the dismantling of a dating scam operation involving five women and three men. Investigations revealed that four of the women were from Delhi and maintained profiles on various dating apps. They would lure unsuspecting men to the Tiger Cafe, where patrons were grossly overcharged for food and drinks. Victims were then held hostage until they paid the demanded sum, a scheme aimed at extorting money. 

#Dating #Ghaziabad #Scam #DatingScam #Viral #Kaushambi",C:\Users\hp\Desktop\Project\Full_code_Amala (1)\Full_code_Amala\downloads\mirrornow_in_3488514192034561439.jpg,https://www.instagram.com/p/DBpsSy6IP2f/,253,0
reeltalkindia,"The Ghaziabad police have arrested eight individuals, including five women, for a scam that targeted unsuspecting men at Tiger Café. Victim Vikas Gupta found himself facing a jaw-dropping ₹16,000 bill for a single soft drink after being lured by a woman he met on a dating app. Desperate for help, he sent his live location to a friend, leading to a police rescue after he was held hostage for refusing to pay ₹50,000. With authorities now on high alert, this case serves as a stark reminder of the dangers lurking in online dating. Stay cautious out there!

Follow @reeltalkindia for more trending updates!

#GhaziabadNews #DatingScam #IndiaNews #TrendingNow","[WindowsPath('C:/Users/hp/Desktop/Project/Full_code_Amala (1)/Full_code_Amala/downloads/reeltalkindia_3486704453049878847.jpg'), WindowsPath('C:/Users/hp/Desktop/Project/Full_code_Amala (1)/Full_code_Amala/downloads/reeltalkindia_3486704453024682074.jpg'), WindowsPath('C:/Users/hp/Desktop/Project/Full_code_Amala (1)/Full_code_Amala/downloads/reeltalkindia_3486704452831731383.jpg'), WindowsPath('C:/Users/hp/Desktop/Project/Full_code_Amala (1)/Full_code_Amala/downloads/reeltalkindia_3486704452865134399.jpg'), WindowsPath('C:/Users/hp/Desktop/Project/Full_code_Amala (1)/Full_code_Amala/downloads/reeltalkindia_3486704251352750313.mp4'), WindowsPath('C:/Users/hp/Desktop/Project/Full_code_Amala (1)/Full_code_Amala/downloads/reeltalkindia_3486704452731118773.jpg')]",https://www.instagram.com/p/DBjQzzKz56Q/,3,1
bloombergoriginals,"As dating scams continue to rise, thieves are increasingly turning to crypto payments. ⁠
⁠
In 2021 alone, Americans lost an estimated $139 million in cryptocurrency to romance scam, according to the FTC.⁠
⁠
It's 5 times higher than 2021, and 25 times higher than 2019. The average person lost nearly $9,770. ⁠
⁠
Scammers will approach their victims via apps or websites and lure them into faux investment opportunities. ⁠
⁠
The FTC recommends that you never give cryptocurrency, gift card numbers or wire money to anyone you meet online and do not act on their investment advice.",C:\Users\hp\Desktop\Project\Full_code_Amala (1)\Full_code_Amala\downloads\bloombergoriginals_2780105371840873298.jpg,https://www.instagram.com/p/CaU6xsmuwNS/,1062,20
startupnews.fyi,"Day 125 of covering what happened in startup world in the last 24 hours 
Follow for more @startupnews.fyi 

#scams #datingscam #dating #happen",C:\Users\hp\Desktop\Project\Full_code_Amala (1)\Full_code_Amala\downloads\startupnews.fyi_3482287472695073020.mp4,https://www.instagram.com/p/DBTkgGnyFj8/,89,1
abc7la,"The Better Business Bureau says more people are becoming victims of so-called ""romance scams."" @abc7phillip",C:\Users\hp\Desktop\Project\Full_code_Amala (1)\Full_code_Amala\downloads\abc7la_2096664927179950205.mp4,https://www.instagram.com/p/B0Y2aSFlMh9/,797,17
nbc6,"Florida is looking for love in all the wrong places, apparently. 💔⁠
⁠
Tap the link in our bio to see how the Sunshine State ranks among the states that lost the most money in online dating scams last year. 📲⁠
⁠
#florida #onlinescam #datingscam #onlinedating #scams #scammer",C:\Users\hp\Desktop\Project\Full_code_Amala (1)\Full_code_Amala\downloads\nbc6_3094085492105700808.jpg,https://www.instagram.com/p/CrwZlylpmXI/,139,6
ethical_anonymous_hacker,"Don't feel embarrassed It is
very common after experiencing an online dating
Scam to feel shame and embarrassment. Do not feel
guilt or shame address the red flags you overlooked
but l understand you had good intentions.
#romancescam #scam #scammers #scammer
#scamming #onlinerelationship #onlinedating
#onlineromance #onlineromancescammers
#datingscam #datingscams #datingscam
#datingscams101",C:\Users\hp\Desktop\Project\Full_code_Amala (1)\Full_code_Amala\downloads\ethical_anonymous_hacker_3487444404709481226.webp,https://www.instagram.com/p/DBl5DV0odsK/,1,0
ethical_anonymous_hacker,"Don't feel embarrassed It is
very common after experiencing an online dating
Scam to feel shame and embarrassment. Do not feel
guilt or shame address the red flags you overlooked
but l understand you had good intentions.
#romancescam #scam #scammers #scammer
#scamming #onlinerelationship #onlinedating
#onlineromance #onlineromancescammers
#datingscam #datingscams #datingscam
#datingscams101",C:\Users\hp\Desktop\Project\Full_code_Amala (1)\Full_code_Amala\downloads\ethical_anonymous_hacker_3487444248916331153.webp,https://www.instagram.com/p/DBl5BEuowqR/,1,0
unvssectech,"L#bgmirecovery #biketrip
#binance #bitcoinrecove #bitcoinrecoverycompany #blockfiles #bridgestone #bt #california #cashback #cheap #coscoindia #cresta #cryptocurrencyhack #cryptocurrencyhackers #cryptonews #cryptotrading #datingscam #deletedphotos #earlyfromwork #ecuador #eww #facebookmarketing #facebookmemes #facebookrecovery #fbrecovery #florida #focusracing #forgottenkeys #forgottenwalletsaga",C:\Users\hp\Desktop\Project\Full_code_Amala (1)\Full_code_Amala\downloads\unvssectech_3484117527487959424.webp,https://www.instagram.com/p/DBaEm59odGA/,0,0
vincent_pardieu,"Scammer Alert! (yes another…)
Checking my spam, i was informed by three ladies: one from Spain, one from Poland and one Chinese speaking (thats new…) that a scammer under the name of “Leonard A Dawn” ir “Leonard Dawn” has tried to get money from them on some dating websites using photos of me and photos stolen from my social media.
Please feel welcome to report that scammer (i just did it).

Please again: i’m not on any dating websites and if you see anybody using photos of me please feel welcome to inform me and then please go to report that guy to the police (particularly if you received from him phone numbers, bank accounts, etc. ). All the best!
#internetscam #facebookscam #datingscam","[WindowsPath('C:/Users/hp/Desktop/Project/Full_code_Amala (1)/Full_code_Amala/downloads/vincent_pardieu_2869241563190166319.jpg'), WindowsPath('C:/Users/hp/Desktop/Project/Full_code_Amala (1)/Full_code_Amala/downloads/vincent_pardieu_2869241563324556025.jpg')]",https://www.instagram.com/p/CfRmAFyvEQd/,64,9
ethical_anonymous_hacker,"Don't feel embarrassed It is
very common after experiencing an online dating
Scam to feel shame and embarrassment. Do not feel
guilt or shame address the red flags you overlooked
but l understand you had good intentions.
#romancescam #scam #scammers #scammer
#scamming #onlinerelationship #onlinedating
#onlineromance #onlineromancescammers
#datingscam #datingscams #datingscam
#datingscams101",C:\Users\hp\Desktop\Project\Full_code_Amala (1)\Full_code_Amala\downloads\ethical_anonymous_hacker_3483316576611123370.webp,https://www.instagram.com/p/DBXOfiVIsCq/,0,0
unvssectech,"#bgmirecovery #biketrip
#binance #bitcoinrecove #bitcoinrecoverycompany #blockfiles #bridgestone #bt #california #cashback #cheap #coscoindia #cresta #cryptocurrencyhack #cryptocurrencyhackers #cryptonews #cryptotrading #datingscam #deletedphotos #earlyfromwork #ecuador #eww #facebookmarketing #facebookmemes #facebookrecovery #fbrecovery #florida #focusracing #forgottenkeys #forgottenwalletsaga",C:\Users\hp\Desktop\Project\Full_code_Amala (1)\Full_code_Amala\downloads\unvssectech_3484117285954889835.webp,https://www.instagram.com/p/DBaEjZBI6hr/,0,0
hindustantimes,"Mumbai #datingscam traps 12 victims to pay bill amounts between ₹23K - ₹61K on a date. Find out more details from the link in bio!

#DatingApp #Tinder #Bumble #SocialMedia #InstaWithHT",C:\Users\hp\Desktop\Project\Full_code_Amala (1)\Full_code_Amala\downloads\hindustantimes_3441537546598936994.jpg,https://www.instagram.com/p/C_CzCoiMvGi/,19514,169
zaobaosg,"小心！他们以中大奖、账号被盗为名，冒充政府或机构发送诱骗信息！一旦得到你的机密个人信息，他们便会偷摸进行未经授权交易，骗走你的血汗钱。往左滑，看20岁女大生怎么坠入骗局。

点击 @zaobaosg 首页 Link in Bio，阅读新加坡五大骗案的真实案例。

#zaobaosg #新加坡 #新加坡新闻 #新加坡人 #新加坡生活 #诈骗 #诈骗案 #诈骗手法 #诈骗电话 #反诈 #华侨银行 #sgnews #singapore #singaporean #livinginsg #sglife #scam #sgscam #scammer #sgscammer #scamalert #phishing #datingscam #romancescams #fakefriends #money #antiscam #ocbc","[WindowsPath('C:/Users/hp/Desktop/Project/Full_code_Amala (1)/Full_code_Amala/downloads/zaobaosg_3329374977092822305.jpg'), WindowsPath('C:/Users/hp/Desktop/Project/Full_code_Amala (1)/Full_code_Amala/downloads/zaobaosg_3329374993668841113.jpg'), WindowsPath('C:/Users/hp/Desktop/Project/Full_code_Amala (1)/Full_code_Amala/downloads/zaobaosg_3329375013834867403.jpg'), WindowsPath('C:/Users/hp/Desktop/Project/Full_code_Amala (1)/Full_code_Amala/downloads/zaobaosg_3329375032516480410.jpg'), WindowsPath('C:/Users/hp/Desktop/Project/Full_code_Amala (1)/Full_code_Amala/downloads/zaobaosg_3329375054997949845.jpg'), WindowsPath('C:/Users/hp/Desktop/Project/Full_code_Amala (1)/Full_code_Amala/downloads/zaobaosg_3329375078452475960.jpg'), WindowsPath('C:/Users/hp/Desktop/Project/Full_code_Amala (1)/Full_code_Amala/downloads/zaobaosg_3329375094113902169.jpg'), WindowsPath('C:/Users/hp/Desktop/Project/Full_code_Amala (1)/Full_code_Amala/downloads/zaobaosg_3329375115798617058.jpg')]",https://www.instagram.com/p/C40UQjDsRAd/,565,11
blackenship_hacker_,"Don't feel embarrassed It is
very common after experiencing an online dating
Scam to feel shame and embarrassment. Do not feel
guilt or shame address the red flags you overlooked
but l understand you had good intentions.
#romancescam #scam #scammers #scammer
#scamming #onlinerelationship #onlinedating
#onlineromance #onlineromancescammers
#datingscam #datingscams #datingscam
#datingscams101",C:\Users\hp\Desktop\Project\Full_code_Amala (1)\Full_code_Amala\downloads\blackenship_hacker__3487670130356482656.webp,https://www.instagram.com/p/DBmsYFNo3Jg/,0,0
mattartisan,"𝗗𝗘𝗩𝗘𝗟𝗢𝗣𝗜𝗡𝗚 𝗔 𝗗𝗘𝗘𝗣 𝗦𝗧𝗥𝗢𝗡𝗚 𝗩𝗢𝗜𝗖𝗘
.
This is one of the easiest things that you can do to become more desired by women because it’s been proven that 𝘸𝘰𝘮𝘦𝘯 𝘱𝘳𝘦𝘧𝘦𝘳 𝘭𝘰𝘸𝘦𝘳 𝘷𝘰𝘪𝘤𝘦𝘴, 𝘸𝘩𝘦𝘳𝘦𝘢𝘴 𝘮𝘦𝘯 𝘱𝘳𝘦𝘧𝘦𝘳 𝘩𝘪𝘨𝘩𝘦𝘳 𝘷𝘰𝘪𝘤𝘦𝘴.
.
The main reason behind this is because a 𝗵𝗶𝗴𝗵𝗲𝗿 𝘃𝗼𝗶𝗰𝗲 is typically a sign of higher levels of 𝗲𝘀𝘁𝗿𝗼𝗴𝗲𝗻, which is the female hormone.
.
Whereas 𝗹𝗼𝘄 𝘃𝗼𝗶𝗰𝗲𝘀 are caused by higher levels of 𝘁𝗲𝘀𝘁𝗼𝘀𝘁𝗲𝗿𝗼𝗻𝗲, which is the male hormone...
.
And it’s this 𝗳𝗲𝗺𝗶𝗻𝗶𝗻𝗲-𝗺𝗮𝘀𝗰𝘂𝗹𝗶𝗻𝗲 𝗽𝗼𝗹𝗮𝗿𝗶𝘁𝘆 that brings the two sides of the spectrum together, right?
.
𝗢𝗽𝗽𝗼𝘀𝗶𝘁𝗲𝘀 𝗮𝘁𝘁𝗿𝗮𝗰𝘁. Therefore, if you fail to develop a deep, strong voice, you may subconsciously signal to the girl that you are weak, more feminine and ultimately turn her off.
.
Additionally, having a deep voice may signal to others that you’re actually more likable and competent.
.
.
.
#voice #tonality #deepvoice #strongvoice #lowervoices #datingfacts #datingtips #datinggoals #datingadvice #datingadviceformen #datingtipsformen #dating101 #datinggirls #datingthoughts #datingclub #datingblock #datingcanbefun #datingandrelationships #datinglessons #datingnightmares #datingisoverrated #datingoldermen #datingvscourtship #datingfail #alphamindset #datingscam #datingcoach #datingexpert #theattractiveman #mattartisan",,https://www.instagram.com/p/B-7PxbABgs9/,120,5
timesnow,"The Club in Mumbai's Andheri West is now under investigation following a viral social media post exposing a disturbing scam involving high-end restaurant bills and dating app connections. Activist Deepika Narayan Bhardwaj shared details on X, revealing how this exploitative scheme has left several men embarrassed and financially burdened.

According to Bhardwaj, the scam starts on popular dating apps. Men connect with women who express a keen interest in meeting up. The venue is often high-end location. Once there, the women order expensive items such as high-end liquor or hookah, which are not listed on the menu. Unaware of the trap, the men are eager to impress.

After placing their orders, the women abruptly leave, often citing an emergency. This leaves the men with a hefty bill, ranging from Rs 23,000 to Rs 61,000. Photos of these receipts, shared by Bhardwaj, highlight the staggering amounts. When men protest or refuse to pay, they are reportedly threatened by the club's staff or bouncers, forcing them to settle the bill under duress.

Bhardwaj’s post suggests that a network of nightclubs across Mumbai may be involved in similar schemes. These venues are said to employ PR personnel who recruit women to lure men into these costly and intimidating scenarios.

Such scams have also been reported in other major cities, including Delhi, Gurugram, Bengaluru, and Hyderabad. In June, a civil service aspirant faced a similar situation, paying an outrageous Rs 1.2 lakh at a popular venue in Delhi. The exposure of these practices has raised significant concern about dating app sca and their impact on unsuspecting individuals.

#Mumbai #DatingScam #TimesNow #InstaWithTimesNow",C:\Users\hp\Desktop\Project\Full_code_Amala (1)\Full_code_Amala\downloads\timesnow_3441753571399434945.jpg,https://www.instagram.com/p/C_DkKNTsgLB/,1505,20
cnnnews18,"#Pune: Man scammed by a woman who made him pay Rs 23,000 for hookah and wine at a shady cafe.

Link in bio to read more. 🔗

#DatingScam #ScamAlert #DatingApp #PuneMan #IndiaNews",C:\Users\hp\Desktop\Project\Full_code_Amala (1)\Full_code_Amala\downloads\cnnnews18_3233679101009742011.jpg,https://www.instagram.com/p/CzgVgJ1Ski7/,724,8
ethical_anonymous_hacker,"Don't feel embarrassed It is
very common after experiencing an online dating
Scam to feel shame and embarrassment. Do not feel
guilt or shame address the red flags you overlooked
but l understand you had good intentions.
#romancescam #scam #scammers #scammer
#scamming #onlinerelationship #onlinedating
#onlineromance #onlineromancescammers
#datingscam #datingscams #datingscam
#datingscams101",C:\Users\hp\Desktop\Project\Full_code_Amala (1)\Full_code_Amala\downloads\ethical_anonymous_hacker_3483316726482013446.webp,https://www.instagram.com/p/DBXOht6Iw0G/,0,0
ethical_anonymous_hacker,"Don't feel embarrassed It is
very common after experiencing an online dating
Scam to feel shame and embarrassment. Do not feel
guilt or shame address the red flags you overlooked
but l understand you had good intentions.
#romancescam #scam #scammers #scammer
#scamming #onlinerelationship #onlinedating
#onlineromance #onlineromancescammers
#datingscam #datingscams #datingscam
#datingscams101",C:\Users\hp\Desktop\Project\Full_code_Amala (1)\Full_code_Amala\downloads\ethical_anonymous_hacker_3487444066237670136.webp,https://www.instagram.com/p/DBl4-amI-L4/,1,0
mattartisan,"𝗬𝗢𝗨 𝗡𝗘𝗘𝗗 𝗧𝗢 𝗠𝗔𝗞𝗘 𝗛𝗘𝗥 𝗙𝗘𝗘𝗟 𝗦𝗔𝗙𝗘
.
This is absolutely crucial because why do you think women like buff big guys?
.
This is also why I think women love men in uniform. I’m not saying that you have to become a cop or a firefighter and put your life in danger.
.
There are a lot of simpler things that you can do to make her feel safe.
.
For example, open doors for people. Pick up the tab at dinner every once in a while to show her that you’re taking care of her. Hold her hand when crossing the street or pull out her chair for dinner.
.
Basically be a little bit chivalrous.
.
𝗪𝗼𝗺𝗲𝗻 𝘀𝘁𝗶𝗹𝗹 𝗹𝗶𝗸𝗲 𝗰𝗵𝗶𝘃𝗮𝗹𝗿𝘆. And these are things that ideally both parties in a relationship should do for each other. However, it’s going to be valued a lot more by a woman as opposed to by a man because it gives that woman a sense of safety when she’s with you.
.
Also, make sure to be the one who is 𝗹𝗲𝗮𝗱𝗶𝗻𝗴 𝗮𝗻𝗱 𝘁𝗮𝗸𝗶𝗻𝗴 𝗰𝗵𝗮𝗿𝗴𝗲 𝗼𝗳 𝘁𝗵𝗲 𝗱𝗮𝘁𝗲. Decide where you’re going to go and what you’re going to do because women love a man with a plan.
.
.
.
#makeherfeelsafe #security #leadher #confidence #women #datingfacts #datingtips #datinggoals #datingadvice #datingadviceformen #datingtipsformen #dating101 #datinggirls #datingthoughts #datingclub #datingblock #DatingCanBeFun #datingandrelationships #datinglessons #datingnightmares #datingisoverrated #datingoldermen #datingvscourtship #datingfail #alphamindset #datingscam #datingcoach #datingexpert #theattractiveman #mattartisan",,https://www.instagram.com/p/B_Fgq68hWXH/,236,14
mixer__lock,"#bitcoinrecovery #blockchain #blockties level of #california #canada #cashapphelpme
#crypto #datingscam #datingscan In their
#deletedfile #forexscam #forexscammers #howtorecoverbitcoinwallet #igotscam
#igotscamned #investing #investings
Hoster out urne toninesterypting with
#lostcryptocurrency #philippines #recoverbitcoin #recovery #scamalert, #scammeralert #trending#fake #/fakewebsiteheir
#fakeinvestment #investment #investment #website Frecover",C:\Users\hp\Desktop\Project\Full_code_Amala (1)\Full_code_Amala\downloads\mixer__lock_3265009771403681783.jpg,https://www.instagram.com/p/C1PpRacsh_3/,2,0
zaobaosg,"2023年有多少人被骗？受骗总金额有多少？最容易上当的竟是这个年龄层！早报五张制图为你总结2023年诈骗数据，你也可以点击 @zaobaosg 首页 Link in Bio，阅读诈骗受害者的真实案例。

#zaobaosg #新加坡 #新加坡新闻 #新加坡人 #新加坡生活 #诈骗 #诈骗案 #诈骗手法 #诈骗电话 #反诈 #sgnews #singapore #singaporean #livinginsg #sglife #scam #scamsinsg #scammer #scamalert #phishing #datingscam #romancescams #fakefriends #money #antiscam","[WindowsPath('C:/Users/hp/Desktop/Project/Full_code_Amala (1)/Full_code_Amala/downloads/zaobaosg_3327857108446133463.jpg'), WindowsPath('C:/Users/hp/Desktop/Project/Full_code_Amala (1)/Full_code_Amala/downloads/zaobaosg_3327857125978282854.jpg'), WindowsPath('C:/Users/hp/Desktop/Project/Full_code_Amala (1)/Full_code_Amala/downloads/zaobaosg_3327857142864700888.jpg'), WindowsPath('C:/Users/hp/Desktop/Project/Full_code_Amala (1)/Full_code_Amala/downloads/zaobaosg_3327857163055973801.jpg'), WindowsPath('C:/Users/hp/Desktop/Project/Full_code_Amala (1)/Full_code_Amala/downloads/zaobaosg_3327857178742646356.jpg')]",https://www.instagram.com/p/C4u7HrEsg2E/,80,1
economictimes,"#LinkInBio | #HyderabadPolice on Wednesday apprehended seven people from #Maharashtra in connection with a #DatingScam that was being run in the city's pubs. 

Police from the city's Madhapur area uncovered the #scam and traced the perpetrators to Nagpur, eventually arresting six members of a #gang and one pub organiser.",C:\Users\hp\Desktop\Project\Full_code_Amala (1)\Full_code_Amala\downloads\economictimes_3389475732638915494.jpg,https://www.instagram.com/p/C8J1jh6v9um/,708,1
dr.nataliejones,"Most of these pointers are for those who are dating in the US.

What are some red flags in dating apps?

#dating #datingapp #hookup #scamartist #conartist #catfish #narcissists #redflags
#socialmedia #scam #datingscam #therapist #bayarea #sacramento #oakland #california #sanfrancisco #ghosting #lover #romance #drnataliejonespsydlpcc",C:\Users\hp\Desktop\Project\Full_code_Amala (1)\Full_code_Amala\downloads\dr.nataliejones_2530913445077069295.jpg,https://www.instagram.com/p/CMfnF5zFC3v/,38,2
whatismyipaddress,"Dating and romance scams are more common (and more insidious) than most of us realize. Organized cybercriminals are perpetrating them across the globe every day. And the results can be devastating - not just financially, but also psychologically and emotionally.

Kathy Waters and Bryan Denny are the founders of Advocating Against Romance Scammers (AARC), an advocacy group whose goal is to help stop romance scammers, prevent scams from happening, and protect victims and potential victims. They’re also organizing the first-ever World Romance Scam Prevention Day, which takes place on October 3rd. The more people who get involved, the farther the anti-scam message can reach.

Learn more about what YOU can do - link in bio!

#scamalert #scamsavvy #romancescam #datingscam #scamawareness #scamsafety #romancescamsafety #scamprotection #safety #scam #romancescams",C:\Users\hp\Desktop\Project\Full_code_Amala (1)\Full_code_Amala\downloads\whatismyipaddress_3204190227546519618.jpg,https://www.instagram.com/p/Cx3kgkRsDhC/,1,0
randomgirl76target,#datingadvice #datingscam #singles#usa🇺🇸 #datingfromadistance #asiansingles #singles,C:\Users\hp\Desktop\Project\Full_code_Amala (1)\Full_code_Amala\downloads\randomgirl76target_2436122442256012478.jpg,https://www.instagram.com/p/CHO2HRABtS-/,1,0
commonmankisoch,"🚨News Update🚨- Beware of Scam Dates: Mumbai's Godfather Club Under Investigation

🔥Save for Later! 🔒

🚨Main highlight – The latest viral post by activist Deepika Narayan Bhardwaj on social media has exposed a widespread scam date scheme operating in Mumbai’s Godfather Club and similar establishments. Men have fallen victim to a trap set via dating apps like Tinder, Bumble, and Hinge, where they meet women who quickly suggest a meet-up at a luxurious spot.

-—————————————
✌️Follow the channel for such content and don’t forget to subscribe❤️
-—————————————
📸Other social media links -

* Youtube - www.youtube.com/@commonmankisoch
* Twitter - www.x.com/commonmankisoch
* Facebook – https://www.facebook.com/profile.php?id=61560566573219

-—————————————
#ScamAlert #DatingScam #BewareOfFakeDates #MumbaiScam #FinancialTraps #NightclubScams #DatingAppAlert #ProtectYourWallet #StopTheScam #JusticeForVictims #ViralExposé #StaySafeOnline #commonmankisoch","[WindowsPath('C:/Users/hp/Desktop/Project/Full_code_Amala (1)/Full_code_Amala/downloads/commonmankisoch_3441505418735401990.jpg'), WindowsPath('C:/Users/hp/Desktop/Project/Full_code_Amala (1)/Full_code_Amala/downloads/commonmankisoch_3441505418911599765.jpg'), WindowsPath('C:/Users/hp/Desktop/Project/Full_code_Amala (1)/Full_code_Amala/downloads/commonmankisoch_3441505418911491212.jpg'), WindowsPath('C:/Users/hp/Desktop/Project/Full_code_Amala (1)/Full_code_Amala/downloads/commonmankisoch_3441505418609612389.jpg')]",https://www.instagram.com/p/C_CrvShzPmN/,3,0
ethicalre_hacker3,"Don't feel embarrassed It is
very common after experiencing an online dating
Scam to feel shame and embarrassment. Do not feel
guilt or shame address the red flags you overlooked
but l understand you had good intentions.
#romancescam #scam #scammers #scammer
#scamming #onlinerelationship #onlinedating
#onlineromance #onlineromancescammers
#datingscam #datingscams #datingscam
#datingscams101",C:\Users\hp\Desktop\Project\Full_code_Amala (1)\Full_code_Amala\downloads\ethicalre_hacker3_3487516802910662392.webp,https://www.instagram.com/p/DBmJg35si74/,0,0
ethicalre_hacker3,"Don't feel embarrassed It is
very common after experiencing an online dating
Scam to feel shame and embarrassment. Do not feel
guilt or shame address the red flags you overlooked
but l understand you had good intentions.
#romancescam #scam #scammers #scammer
#scamming #onlinerelationship #onlinedating
#onlineromance #onlineromancescammers
#datingscam #datingscams #datingscam
#datingscams101",C:\Users\hp\Desktop\Project\Full_code_Amala (1)\Full_code_Amala\downloads\ethicalre_hacker3_3487516687978401836.webp,https://www.instagram.com/p/DBmJfM3MxAs/,0,0
jaanojunction,"A man’s search for a date in Delhi landed him in a costly scam as he lost over Rs 1.2 lakh. An aspiring civil service candidate, the man matched with a woman named Varsha on Tinder, a dating app, and planned to meet her.

He arranged to celebrate her birthday at the Black Mirror Cafe on Vikas Marg on June 23.

Upon investigating, it was revealed that the real identity of Varsha is as 25-year-old Afsan Parveen, also known as Aaysha or Noor.

The Police further found that the exorbitant bills charged by people were divided by the Black Mirror Cafe in a fixed ratio: 15 per cent to the girl, 45 per cent between the table and café managers, and the remaining 40 per cent to the owners.

Several such schemes operate in major metro cities like Delhi, NCR, Mumbai, Bangalore, and Hyderabad, aiming to extort money. The modus operandi involves collusion between café owners, managers, and individuals who trap targets through dating apps.

🔗 Link in story

Follow @jaanojunction for more

#jaanojunction
#scam #dating #shaadidotcom #tinder #tinderdate #bumble #bumbledate #couple #datingscam #delhi #hyderabad #gurgaon #bangalore #mumbai",C:\Users\hp\Desktop\Project\Full_code_Amala (1)\Full_code_Amala\downloads\jaanojunction_3401719696052066257.jpg,https://www.instagram.com/p/C81VgpcohfR/,1314,24
k2_ks,Dating sucks. #myfirstscammer #scam #datingscam #sendgiftcards #ifitlookstoogoodtobetrueitprobablyis #spinster #igiveup,"[WindowsPath('C:/Users/hp/Desktop/Project/Full_code_Amala (1)/Full_code_Amala/downloads/k2_ks_2114423854559309099.jpg'), WindowsPath('C:/Users/hp/Desktop/Project/Full_code_Amala (1)/Full_code_Amala/downloads/k2_ks_2114423854542424108.jpg'), WindowsPath('C:/Users/hp/Desktop/Project/Full_code_Amala (1)/Full_code_Amala/downloads/k2_ks_2114423854567624510.jpg')]",https://www.instagram.com/p/B1X8UuAnwSi/,5,3
scars_against_scams,"❤️🧡💛 WARNING: 💚💙💜
Love Bombing Season Is Coming!
Stay Safe!
Learn about the Psychology of Scams at:
RomanceScamsNOW.com and ScamsNOW.com
#SCARS #RomanceScams #DatingScams #LoveScams #ScamVictim #FraudVictims #FinancialFraud #LoveScam #DatingScam #RelationshipScams #RomanceScammer #AntiScam #GlobalAntiScam",C:\Users\hp\Desktop\Project\Full_code_Amala (1)\Full_code_Amala\downloads\scars_against_scams_3285396911282233465.jpg,https://www.instagram.com/p/C2YExWDJKB5/,1,0
mattartisan,"𝗪𝗛𝗔𝗧 𝗧𝗢 𝗗𝗢 𝗜𝗙 𝗬𝗢𝗨 𝗔𝗥𝗘 𝗨𝗚𝗟𝗬
.
I want to start off at the basics and 𝘵𝘢𝘭𝘬 𝘢𝘣𝘰𝘶𝘵 𝘱𝘩𝘺𝘴𝘪𝘤𝘢𝘭 𝘤𝘩𝘢𝘳𝘢𝘤𝘵𝘦𝘳𝘪𝘴𝘵𝘪𝘤𝘴 𝘵𝘩𝘢𝘵 𝙮𝙤𝙪 𝙖𝙘𝙩𝙪𝙖𝙡𝙡𝙮 𝙘𝙖𝙣 𝙘𝙝𝙖𝙣𝙜𝙚.
.
Obviously some things like body build, height and facial structure aren’t necessarily things that you can alter, at least not that easily.
.
However, there are some easy fixes for other physical characteristics that you can change.
.
For example, if you have yellow teeth, get some whitening strips. If you have acne, get an acne treatment or look into the root cause of it and try avoiding or eliminating it.
.
Make sure your personal hygiene doesn’t have you smelling like a trashcan. And lastly, 𝗹𝗼𝗼𝗸 𝗶𝗻𝘁𝗼 𝘆𝗼𝘂𝗿 𝗽𝗲𝗿𝘀𝗼𝗻𝗮𝗹 𝘀𝘁𝘆𝗹𝗲.
.
If you’re still wearing that Aeropostle T-shirt, that you graduated high school in, we’ve probably found the root cause of your dating issues.
.
.
.
#imugly #youareugly #uglyface #women #datingwomen #datingfacts #datingtips #datinggoals #datingadvice #datingadviceformen #datingtipsformen #dating101 #datinggirls #datingthoughts #datingclub #datingblock #datingcanbefun #datingandrelationships #datinglessons #datingnightmares #datingisoverrated #datingoldermen #datingvscourtship #datingfail #alphamindset #datingscam #datingcoach #datingexpert #theattractiveman #mattartisan",,https://www.instagram.com/p/B-2agGAhhPw/,167,9
ethicalre_hacker3,"Don't feel embarrassed It is
very common after experiencing an online dating
Scam to feel shame and embarrassment. Do not feel
guilt or shame address the red flags you overlooked
but l understand you had good intentions.
#romancescam #scam #scammers #scammer
#scamming #onlinerelationship #onlinedating
#onlineromance #onlineromancescammers
#datingscam #datingscams #datingscam
#datingscams101",C:\Users\hp\Desktop\Project\Full_code_Amala (1)\Full_code_Amala\downloads\ethicalre_hacker3_3487516762955667101.webp,https://www.instagram.com/p/DBmJgSsMVad/,0,0
asianetnewsable,"Dating Scam Alert! Finance Ministry Raises Alarm over Matrimonial Dating Scam

#ScamAlert #DatingSite #MatrimonialSite #DatingScam #TrendingNews #LatestNews #AsianetNewsable",,https://www.instagram.com/p/CvwTzvKptq4/,2,0
ak_cyber_news,పెరిగిపోతున్న డేటింగ్ స్కామ్ #DatingScam #OnlineFraud #CyberCrime #StaySafeOnline #ScamAlert #DigitalSafety #CyberAwareness #OnlineScams #ProtectYourself #FraudPrevention #CyberSecurity #ScamAwareness #BeAlert #OnlineDating #CyberSafety #OnlineProtection #SafetyFirst #ScamPrevention #DigitalAwareness #ConsumerProtection #ProtectYourData #CyberFraud #AwarenessMatters #StayVigilant #OnlineSafety,C:\Users\hp\Desktop\Project\Full_code_Amala (1)\Full_code_Amala\downloads\ak_cyber_news_3442961493816591768.jpg,https://www.instagram.com/p/C_H2zyuSUWY/,17,0
ethicalre_hacker3,"Don't feel embarrassed It is
very common after experiencing an online dating
Scam to feel shame and embarrassment. Do not feel
guilt or shame address the red flags you overlooked
but l understand you had good intentions.
#romancescam #scam #scammers #scammer
#scamming #onlinerelationship #onlinedating
#onlineromance #onlineromancescammers
#datingscam #datingscams #datingscam
#datingscams101",C:\Users\hp\Desktop\Project\Full_code_Amala (1)\Full_code_Amala\downloads\ethicalre_hacker3_3485311814046097768.webp,https://www.instagram.com/p/DBeUKD_sKFo/,0,0
_so_creepy,"Real: Marie Perle 
who ist NOT A SCAMMER! She is a victim whose photos are being abused by scammers!

🚩 Men are also contacted by scammers. ❗❗❗ Men fall in love with the woman in the photo. They give her money to support her. And in the end, not only is the purse empty and the heart broken. But it also hurts to realize that you've been flirting with a man the whole time and making declarations of love. ❗❗❗ Scammers are almost exclusively men

#lovescam #heartbroken💔#cybercrime #heartache #catfishing #pain #lovescammer #sad #CyberCrime #sadness #LoveHurts #StopFraud #heartbreakquotes #Catfishing #BrokenHeart #PainOfLove #OnlineFraud #SadLoveStory #RomanceScam #HurtByLove #DatingScam #Heartache #ElderFraud #UnrequitedLove #LoveScam #LoveSick #lovesick #modus #painoflove #klinikhukum",C:\Users\hp\Desktop\Project\Full_code_Amala (1)\Full_code_Amala\downloads\_so_creepy_3244153699796369777.webp,https://www.instagram.com/p/C0FjJoJIcFx/,17,0
ethicalre_hacker3,"Don't feel embarrassed It is
very common after experiencing an online dating
Scam to feel shame and embarrassment. Do not feel
guilt or shame address the red flags you overlooked
but l understand you had good intentions.
#romancescam #scam #scammers #scammer
#scamming #onlinerelationship #onlinedating
#onlineromance #onlineromancescammers
#datingscam #datingscams #datingscam
#datingscams101",C:\Users\hp\Desktop\Project\Full_code_Amala (1)\Full_code_Amala\downloads\ethicalre_hacker3_3480406149501628035.webp,https://www.instagram.com/p/DBM4vP3IS6D/,0,0
ethicalre_hacker3,"Don't feel embarrassed It is
very common after experiencing an online dating
Scam to feel shame and embarrassment. Do not feel
guilt or shame address the red flags you overlooked
but l understand you had good intentions.
#romancescam #scam #scammers #scammer
#scamming #onlinerelationship #onlinedating
#onlineromance #onlineromancescammers
#datingscam #datingscams #datingscam
#datingscams101",C:\Users\hp\Desktop\Project\Full_code_Amala (1)\Full_code_Amala\downloads\ethicalre_hacker3_3485311906690062221.webp,https://www.instagram.com/p/DBeULaRs1eN/,0,0
randomgirl76target,#singlewomen #singleasianfemale #usa🇺🇸 #philippines🇵🇭 #fakepeople #fakeguys #datingadvice #datingscam #fakepeople,C:\Users\hp\Desktop\Project\Full_code_Amala (1)\Full_code_Amala\downloads\randomgirl76target_2331406727624586728.jpg,https://www.instagram.com/p/CBa0hEDBPXo/,5,6
cyberpeacecorps,"Romance scammers will manufacture all sorts of fictional stories, promises, and crises designed to get their victims to send them money. Here are the top 3 signs to help you spot an online #datingscam.

#FightTheFraud #CyberPeace☮️ #CyberSecurity","[WindowsPath('C:/Users/hp/Desktop/Project/Full_code_Amala (1)/Full_code_Amala/downloads/cyberpeacecorps_2954016450674905736.webp'), WindowsPath('C:/Users/hp/Desktop/Project/Full_code_Amala (1)/Full_code_Amala/downloads/cyberpeacecorps_2954016450674691035.webp'), WindowsPath('C:/Users/hp/Desktop/Project/Full_code_Amala (1)/Full_code_Amala/downloads/cyberpeacecorps_2954016450733415924.webp'), WindowsPath('C:/Users/hp/Desktop/Project/Full_code_Amala (1)/Full_code_Amala/downloads/cyberpeacecorps_2954016450683242240.webp')]",https://www.instagram.com/p/Cj-xlFuIfw8/,32,1
cyber_barbie_tamil.ai,"A civil service aspirant preparing for Indian Administrative Services (IAS) fell victim to an online dating scam, losing Rs 1.2 lakh. The victim met Versha on dating app Tinder recently. The scam happened when the duo finally decided to meet in person at Black Mirror Cafe in East Delhi's Vikas Marg area to celebrate her birthday. An FIR has been filed with the Delhi Police in this regard. Modus operandi of online dating scams Online dating scams usually begin with the victim matching a potential date on dating apps like OkCupid, Bumble, Hinge or Tinder as in this case. Soon, the two exchanged their phone numbers and started chatting online. They decided to meet at the Black Mirror Cafe on Vikas Marg to celebrate Versha’s birthday. The victim told police that they ordered snacks, two cakes, and four non-alcoholic shots. Things began to twist when Versha left the cafe citing a family emergency. The victim *Reference links mentioned on last page of report Page 8 of 13 got the shock of his life when the bill arrived. It charged Rs 1,21,917, far exceeding the cost of their order. Victim raised dispute with the cafe Stunned by the hefty bill amount, the victim raised a dispute with the cafe. But, he was confined, threatened, and beaten by the cafe staff, the victim told police. Forced to pay the bill, he transferred money to Akshay Pahwa, one of the cafe's owners. What the police investigation says? During the investigation, Pahwa revealed that the Black Mirror Cafe is co-owned by him, his cousin Vansh Pahwa and someone else named Ansh Grover. He identified several ‘table managers’ and a manager named Digranshu involved in the scam. Pahwa also confessed to the police that Versha's real name is Afsan Parveen. She also goes by Ayesha and Noor.

#cyberscam #tinder #tindernightmares #tindermemes #tindergirls #tinderfail #tinderindia #bumble #bumbleindia #datingscam #ScamAlert #scammer #scammers #romancescam #romancescammer #tamizhgirls #singlepasanga #single #tamilsonglyrics #delhiscam #cyberdost","[WindowsPath('C:/Users/hp/Desktop/Project/Full_code_Amala (1)/Full_code_Amala/downloads/cyber_barbie_tamil.ai_3408812936507681304.heic'), WindowsPath('C:/Users/hp/Desktop/Project/Full_code_Amala (1)/Full_code_Amala/downloads/cyber_barbie_tamil.ai_3408812936356436680.heic')]",https://www.instagram.com/p/C9OiU_dS0Hs/,3,0
fairwindscu,"In 2022, the FTC reported nearly 70,000 people fell for a romance scam. But what exactly is a romance scam, and how can you avoid becoming a victim? Learn more at the link in our bio.

#Fraud #Scam #DatingScam",C:\Users\hp\Desktop\Project\Full_code_Amala (1)\Full_code_Amala\downloads\fairwindscu_3301260531552124609.jpg,https://www.instagram.com/p/C3QbvZuLn7B/,8,0
_so_creepy,"Real: Byren Alexander
☑️ v1byr 
who ist NOT A SCAMMER! He is a victim whose photos are being abused by scammers!

‼️Many posts or many followers are no guarantee that the person behind the account is real.
‼️The account may be hijacked.
‼️The account can exist for a long time.
‼️You can buy followers.
‼️The scammer has a lot of time to post. He doesn't have to work. His job is to lie to people so that they give him money!

#cybercrime #heartache #catfishing #pain #lovescammer #sad #CyberCrime #sadness #LoveHurts #StopFraud #heartbreakquotes #Catfishing #BrokenHeart #PainOfLove #OnlineFraud #SadLoveStory #RomanceScam #HurtByLove #DatingScam #Heartache #ElderFraud #UnrequitedLove #LoveScam #LoveSick #lovesick #modus #painoflove #klinikhukum #sadlovestory #hukumonline",C:\Users\hp\Desktop\Project\Full_code_Amala (1)\Full_code_Amala\downloads\_so_creepy_3244168201602351048.webp,https://www.instagram.com/p/C0FmcqAID_I/,20,1
absolutefactsinvestigations,"Apparently this is the peak period for these types of scams, who catch out quite a fair share of persons over the age of 55.  If you are not sure, who you are really dealing with then feel free to reach out.

#DatingScam #onlinescam #onlinescammers #whoareyoureallytalkingto #absolutefacts💯 #confirmdeny #privateinvestigation🔍👀 #privateinvestigator #gumshoe #lossprevention #profitprotection #whatsbuggingyou🦗",C:\Users\hp\Desktop\Project\Full_code_Amala (1)\Full_code_Amala\downloads\absolutefactsinvestigations_3294258261275735225.jpg,https://www.instagram.com/p/C23jm9VvHS5/,2,0
southwestmissouribank,"While online dating can open doors to loving, happy relationships, there are more and more reports of criminals using these platforms to take advantage of unsuspecting users. Check out our blog to learn how to protect yourself or a loved one. Link in bio. smbonline.com/datingScams

#datingscam #romancescam #protectyourself #knowthesigns #onlinedating #smbblog",C:\Users\hp\Desktop\Project\Full_code_Amala (1)\Full_code_Amala\downloads\southwestmissouribank_3033352067444072244.png,https://www.instagram.com/p/CoYoaJKs180/,10,0
mackinon_hackers,#custodybattle #d #dailyhoroscope #dark #darkness #datingquotes #datingscam #delete #developers #devicecioning #digital #digitalbank #digitalfinance #digitalmarketingforbeginners #divorcecoalition #divorceexpert #divorceisok #divorcelawyernearme #divorcelawyers #divorcemediation #divorcepodcast #divorcetips #divorcio #dogewatch #dontsettle #douleur #dramaqueen #dreamchasers #drinkdriving #drinkdrivinglawyer,C:\Users\hp\Desktop\Project\Full_code_Amala (1)\Full_code_Amala\downloads\mackinon_hackers_3483372590618213705.jpg,https://www.instagram.com/p/DBXbOpcIX1J/,0,0
lawassist2106,"""అబ్బాయిలు డేటింగ్ యాప్స్‌తో మోసపోతున్నారు, ఏమి చేయాలో తెలియట్లేదా?""
#DatingAppScam #OnlineFraud #ProtectYourself #DatingAppSafety #AvoidScams #StayAlert #OnlineScams
#FraudPrevention #ScamAwareness #CyberCrime #DatingAppScam #OnlineFraud #DatingScam
#StaySafeOnline #OnlineSafety #FraudAwareness #DatingAppSafety #CyberFraud #ProtectYourself
#BewareOfScams #OnlineScamAlert",C:\Users\hp\Desktop\Project\Full_code_Amala (1)\Full_code_Amala\downloads\lawassist2106_3485192833143153297.mp4,https://www.instagram.com/p/DBd5GqZPCKR/,0,0
_so_creepy,"Real: Pierre Bonilla 
who ist NOT A SCAMMER! He is a victim whose photos are being abused by scammers!

🚩🚩🚩 If someone sees your account in the recommendations and decides to say hello right away, then it's most likely a scammer!

#sad #CyberCrime #sadness #LoveHurts #StopFraud #heartbreakquotes #Catfishing #BrokenHeart #PainOfLove #OnlineFraud #SadLoveStory #RomanceScam #HurtByLove #DatingScam #Heartache #ElderFraud #UnrequitedLove #LoveScam #LoveSick #lovesick #modus #painoflove #klinikhukum #sadlovestory #hukumonline #unrequitedlove #kriminell #broken #penipuan #brokenheartquotes",C:\Users\hp\Desktop\Project\Full_code_Amala (1)\Full_code_Amala\downloads\_so_creepy_3244762012238040167.webp,https://www.instagram.com/p/C0HtdvQIUxn/,18,2
frank_hack73,#clone #crime #dallas #dating #datingscam #detective #divorcesucks #england #fbhack #florida #forgettenpassword #funny #hackedagain #hackedfacebook #hackedinstagram #hacker #hackerinsta #hackerinstagram #hackfacebookaccount #instagram #italy #lies #onlinescam #phishing #phishingscam #reportscams #romancescams #scamalert #scamaware #scammersofinstagram •,C:\Users\hp\Desktop\Project\Full_code_Amala (1)\Full_code_Amala\downloads\frank_hack73_3464314380721770573.jpg,https://www.instagram.com/p/DATt5MVMtBN/,1,0
searchbug,"Bro, she's a 100 if she does this! 👆

#backgroundcheck #datingapps #criminalrecord #datingtips101 #catfish101 #detective #dating #datingadvice #datingtiktok #relationship #onlinedating  #datingscam #scammer #lovebombing #fakeprofile #datingappadvice #bumble #tinder #hinge #datingapps #romancescam #shesa10 #datingtips",C:\Users\hp\Desktop\Project\Full_code_Amala (1)\Full_code_Amala\downloads\searchbug_2896107957736798419.mp4,https://www.instagram.com/p/CgxCtfkFXjT/,21,1
amitsodha,"Don’t be the victim of a dating scam! 
Please be aware of how clever they are becoming and if money ever comes up in any fashion, it’s your immediate red flag to walk away!
.
.
.
.
#amitsodha #reels #thetinderswindler #scammers #scammer #datingscam #datingadvice",C:\Users\hp\Desktop\Project\Full_code_Amala (1)\Full_code_Amala\downloads\amitsodha_2861113830686883175.mp4,https://www.instagram.com/p/Ce0t97EDH1n/,99,7
debtwavecreditcounseling,"A romance scam, also known as an online dating scam, is when a person gets tricked into believing they’re in a romantic relationship with someone they met online, when in fact, their other half is a cybercriminal using a fake identity to gain enough of their victim’s trust to ask — or blackmail — them for money. 

Learn More: https://debtwave.org/romance-money-scams-rise/

Oftentimes, a romance scammer starts on dating sites or apps. But scammers have increasingly begun on social media, too.

#romancescam #datingscam #debt",C:\Users\hp\Desktop\Project\Full_code_Amala (1)\Full_code_Amala\downloads\debtwavecreditcounseling_2796181292158266235.jpg,https://www.instagram.com/p/CbOCBIGr6t7/,1,0
thearchivenews,"On this episode of The Archive News Daily Updates:

Some people go on terrible dates. 
and
There is another BRIC in the wall.

#thearchivenews #indiannews #bric #ghaziabad #datingscam #dailyupdates",C:\Users\hp\Desktop\Project\Full_code_Amala (1)\Full_code_Amala\downloads\thearchivenews_3488147626925439179.mp4,https://www.instagram.com/p/DBoY8kjAzjL/,18,0
cybertechackers,"Nicole Hutchinson,a victim of cryptocurrency dating scams shares her story

Message @cybertechackers  for scam problems 

#cybertechackers #datingscam #fyp #scammers #hotel #reels #hack #china #usa #australia #tech #spam #scamcall #internetfraud #interpol #fbi #tesla #elonmusk #fraud #internet #location #instagram #dating #invest #cryptocurrency #online #love #crytptoscam #explore #deepfake",,https://www.instagram.com/p/DBMLyPYsZ_b/,0,1
alexander_evsutin,"Scammers dating sites will not give you a chance.☻👇😈
.
If you think that you can find a Ukrainian🇺🇦 wife on major dating sites, then you are greatly mistaken. It is not real. .
📽Watch the video to the end and you will learn what needs to be done to make a happy acquaintance with a Ukrainian woman💏 and to marry.💑
.
About UA immigration🕺
.
🎥Lets go to my channel on Youtube:👇
💻EVSUTIN ALEXANDER
.
https://youtu.be/sTwPW8cJ15Y
.
.
.
.
#lawyeryevsiutin 
#ukraine#ua#uk#ukr
#vscoukraine#kyiv
#kyivphoto#kyivtoday 
#lawlife#advocats 
#lawyer#lawyers 
#internationallaw 
#immigration 
#immigrationlaw 
#immigrationlawyer 
#advokat#advocat
#dating #datingscam 
#datingscamukraine
#dateukraine
#ukrainedating
#ukrainegirls
#gotoukraine
#1#2",C:\Users\hp\Desktop\Project\Full_code_Amala (1)\Full_code_Amala\downloads\alexander_evsutin_2053561525083987430.jpg,https://www.instagram.com/p/Bx_t1OrCl3m/,134,13
wire_cyber.page,"#bgmirecovery #biketrip
#binance #bitcoinrecove #bitcoinrecoverycompany #blockfiles #bridgestone #bt #california #cashback #cheap #coscoindia #cresta #cryptocurrencyhack #cryptocurrencyhackers #cryptonews #cryptotrading #datingscam #deletedphotos #earlyfromwork #ecuador #eww #facebookmarketing #facebookmemes #facebookrecovery #fbrecovery #florida #focusracing #forgottenkeys #forgottenwalletsaga",C:\Users\hp\Desktop\Project\Full_code_Amala (1)\Full_code_Amala\downloads\wire_cyber.page_3346674702036863544.jpg,https://www.instagram.com/p/C5xxuj5sYo4/,1,0
arhamjainexploringlife,देश का सबसे बड़ा Scam Digital Arrest जिसमें कई करोड़ शामिल हैं और आपको डिजिटली गिरफ्तार किया #viral #fraud #marriagefraud #romancefraud #scams #datingscam #abuse #liar #payments #scamchampions #lies #betrayedamerica #warning #scammeralert #scammer #scammers #scamdemic #scammed #scams #arhamjain #arhamjainexploringlife @arhamjainexploringlife,,https://www.instagram.com/p/DBTCKZ3x2PO/,1,0
catipsandtricks,देश का सबसे बड़ा Scam Digital Arrest जिसमें कई करोड़ शामिल हैं और आपको डिजिटली गिरफ्तार किया #viral #fraud #marriagefraud #romancefraud #scams #datingscam #abuse #liar #payments #scamchampions #lies #betrayedamerica #warning #scammeralert #scammer #scammers #scamdemic #scammed #scams #scam #catipsandtricks @catipsandtricks,,https://www.instagram.com/p/DBTCKLyuqsf/,0,0
cybernetic._hacker,#mostcommonscams #onlinesscam #datingscam #lovescam #romanticscam #scammers #catfishingstory #cyberfraud #internetfraud,C:\Users\hp\Desktop\Project\Full_code_Amala (1)\Full_code_Amala\downloads\cybernetic._hacker_3283794056013244149.webp,https://www.instagram.com/p/C2SYUuwNWb1/,0,0
jainsirclasses,देश का सबसे बड़ा Scam Digital Arrest जिसमें कई करोड़ शामिल हैं और आपको डिजिटली गिरफ्तार किया #viral #fraud #marriagefraud #romancefraud #scams #datingscam #abuse #liar #payments #scamchampions #lies #betrayedamerica #warning #scammeralert #scammer #scammers #scamdemic #scam #jainsir #jainsirclass #jainsirclasses @jainsirclasses,C:\Users\hp\Desktop\Project\Full_code_Amala (1)\Full_code_Amala\downloads\jainsirclasses_3482136631092657911.mp4,https://www.instagram.com/p/DBTCNEbpz73/,1,0
jainsirclass,देश का सबसे बड़ा Scam Digital Arrest जिसमें कई करोड़ शामिल हैं और आपको डिजिटली गिरफ्तार किया #viral #fraud #marriagefraud #romancefraud #scams #datingscam #abuse #liar #payments #scamchampions #lies #betrayedamerica #warning #scammeralert #scammer #scammers #scamdemic #scam #jainsir #jainsirclass #jainsirclasses @jainsirclasses,,https://www.instagram.com/p/DBTCMk1oRuV/,0,0
debtwavecreditcounseling,"Romance And Money Scams on the Rise

Dating scams can happen with people of all ages but are especially risky to older adults in the 55 – 64 age group. Older adults reportedly lost nearly $139 million in romance scams in 2020, followed by prizes, sweepstakes, and lottery scams at $69 million.

Read More: https://debtwave.org/romance-money-scams-rise/

#dating #RomanceScam #datingscam #money #financialliteracy #personalfinance",C:\Users\hp\Desktop\Project\Full_code_Amala (1)\Full_code_Amala\downloads\debtwavecreditcounseling_2812712196372671976.jpg,https://www.instagram.com/p/CcIwtcYM63o/,2,0
rishabhgarg_adv,"#law
#lawyer
#advocate 
#court
#datingscam
#police
#extortion",,https://www.instagram.com/p/DBjhx4OxkVn/,6,0
calegaltips,देश का सबसे बड़ा Scam Digital Arrest जिसमें कई करोड़ शामिल हैं और आपको डिजिटली गिरफ्तार किया #viral #fraud #marriagefraud #romancefraud #scams #datingscam #abuse #liar #payments #scamchampions #lies #betrayedamerica #warning #scammeralert #scammer #scammers #scamdemic #scammed #scams #scam #calegaltips CAlegalTips,,https://www.instagram.com/p/DBTCQkoi3_L/,0,0
scconsumeraffairs,"#NationalDonutDay to remind you DONUT FALL FOR DATING SCAMS. If you met someone online, you could be talking to a scammer. Watch for the signs and take a look at SCDCA's tips on our website :)

#DatingScam #SCDCA #TellDCA #SC #Scammer #Scams #ConsumerProtection #Donuts",C:\Users\hp\Desktop\Project\Full_code_Amala (1)\Full_code_Amala\downloads\scconsumeraffairs_3385152311603467800.jpg,https://www.instagram.com/p/C76eheTt5YY/,5,0
debtwavecreditcounseling,"“A critical thing to know is that virtually everyone can be scammed. It’s only a question of the right grooming and right story.”

Read More: Romance And Money Scams on the Rise: https://debtwave.org/romance-money-scams-rise/

#datingscam #dating #scam #onlinescams #moneyfraud #money #personalfinance #debt #budget #inflation",C:\Users\hp\Desktop\Project\Full_code_Amala (1)\Full_code_Amala\downloads\debtwavecreditcounseling_2879433380719615934.jpg,https://www.instagram.com/p/Cf1zWdkMd--/,1,0
moneysmartau,"Romance scam alert! This Valentine’s Day, get to know these online dating red flags:

🚩 The info on their profile doesn’t match what they tell you
🚩 Their messages can be poorly written or vague
🚩 They will quickly profess strong feelings for you and try to gain your trust
🚩 They may not want to meet you in person
🚩 They will ask you to send money for seemingly legitimate reasons
🚩 They use cryptocurrencies (like bitcoin) as they are not easily recovered
🚩 They will try to convince you to invest

More on how to spot a scam at Moneysmart.gov.au
.
.
.
#Scam #RomanceScam #DatingScam #ScamAwareness #ValentinesDay #ScamAlert #InvestmentScam #CryptoScam #BankingScam #Scammers #RedFlags #OnlineDating #OnlineDatingRedFlags",C:\Users\hp\Desktop\Project\Full_code_Amala (1)\Full_code_Amala\downloads\moneysmartau_3034758314621715889.jpg,https://www.instagram.com/p/CodoJu6MMWx/,17,2
dave__youn123,#socialmediarecovery #spy #spyandroid #spyapp #reportscams #scammersofinstagram #dallas #datingscam #florida #instagram #scamalert #crime #onlinescam #phishing #phishingscam #bitcoininvestmentscam #cybersecurity #facebookrecovery #lies #romancescams #scamaware #accountboosting #accountsecurity #accountspy #bitcoinscam #bitcoinscammed #bitcoinscamrecovery #bitcoinscams #block #cashapprefund,C:\Users\hp\Desktop\Project\Full_code_Amala (1)\Full_code_Amala\downloads\dave__youn123_3394157521013034373.jpg,https://www.instagram.com/p/C8aeEhHs82F/,1,0
raw.austincollege,that’s CRAZY #datingproblems #datingapps #datingscam,C:\Users\hp\Desktop\Project\Full_code_Amala (1)\Full_code_Amala\downloads\raw.austincollege_3483681687502727040.mp4,https://www.instagram.com/p/DBYhgmWIieA/,1,0
enterprisedefence,"𝗗𝗼𝗻’𝘁 𝗹𝗲𝘁 𝗹𝗼𝘃𝗲 𝗯𝗹𝗶𝗻𝗱 𝘆𝗼𝘂 𝘁𝗼 𝗿𝗼𝗺𝗮𝗻𝗰𝗲 𝗳𝗿𝗮𝘂𝗱, 𝗮𝗻 𝘂𝗻𝗱𝗲𝗿-𝗿𝗲𝗽𝗼𝗿𝘁𝗲𝗱 𝘀𝗰𝗮𝗺 𝘁𝗵𝗮𝘁 𝗻𝗼𝘁 𝗼𝗻𝗹𝘆 𝗯𝗿𝗲𝗮𝗸𝘀 𝗵𝗲𝗮𝗿𝘁𝘀 𝗯𝘂𝘁 𝗯𝗮𝗻𝗸 𝗯𝗮𝗹𝗮𝗻𝗰𝗲𝘀 𝘁𝗼𝗼 …

Last year we have seen an increase in the number of romantic phishing scams online.

An Irish woman was scammed out of €250,000 ($248,000) in an online dating fraud involving the Black Axe gang.
Read more here : https://bit.ly/3HLzHbE 

Gardaí are advising people to beware of Romance Scams. Victims of the scam believe they have met their perfect match online, but the other person is in fact a scammer using a fake profile to build the relationship. They slowly gain the victim's trust with a view to eventually asking them for money.

#romantic #cybercrime #phishing #scam #lovescam #onlinedating #ireland #fraud #datingscam",C:\Users\hp\Desktop\Project\Full_code_Amala (1)\Full_code_Amala\downloads\enterprisedefence_3037895465715099602.jpg,https://www.instagram.com/p/CooxdSit-fS/,2,0
jainsirclass,देश का सबसे बड़ा Scam Digital Arrest जिसमें कई करोड़ शामिल हैं और आपको डिजिटली गिरफ्तार किया #viral #fraud #marriagefraud #romancefraud #scams #datingscam #abuse #liar #payments #scamchampions #lies #betrayedamerica #warning #scammeralert #scammer #scammers #scamdemic #scammed #scams #arhamjain #jainsir #jainsirclass #jainsirclasses @jainsirclass,,https://www.instagram.com/p/DBTz3v9OgQT/,0,0
arhamjainexploringlife,देश का सबसे बड़ा Scam Digital Arrest जिसमें कई करोड़ शामिल हैं और आपको डिजिटली गिरफ्तार किया #viral #fraud #marriagefraud #romancefraud #scams #datingscam #abuse #liar #payments #scamchampions #lies #betrayedamerica #warning #scammeralert #scammer #scammers #scamdemic #scammed #scams #arhamjain #arhamjainexploringlife @arhamjainexploringlife,C:\Users\hp\Desktop\Project\Full_code_Amala (1)\Full_code_Amala\downloads\arhamjainexploringlife_3482354235964517346.mp4,https://www.instagram.com/p/DBTzrowvevi/,0,0
sibyllinepress,"Not too late to get a ticket! Donna Marie Hayes's debut cabaret book launch is FRIDAY! 
https://ow.ly/3pzJ50PQqtv
@iamdonna_hayes #thesebrokenroads #memoir #jamaican #datingscam #blackwomen #domesticviolence #faith #vindicated #africanamerican #bookrecommendations #newbookrecs #womanwriter #writing #women #womenover50 #iamasibyl #sibyllife #bookstagram #booksofinstagram #authorsofinstagram #womeninpublishing #OITNB #MissEducation #actress #cabaret #bookrecommendations #newbookrecs #womanwriter #writing #womenover50",C:\Users\hp\Desktop\Project\Full_code_Amala (1)\Full_code_Amala\downloads\sibyllinepress_3205830861307102375.jpg,https://www.instagram.com/p/Cx9Zi7iMcSn/,15,2
captainthach,Fight #MilitaryScams - #DatingScam #Interpol #RomanceScam #FakeMilitary #Fraud #StolenValor #Imposter #InternetCrime #Scam #NigerianScam #MilitaryScam #InternetScam #CaptainThachRules #BlackMail #FBI #419Scam #Scams,C:\Users\hp\Desktop\Project\Full_code_Amala (1)\Full_code_Amala\downloads\captainthach_1481481577212300512.jpg,https://www.instagram.com/p/BSPR6UvBkzg/,63,8
iamshariflack,When A Catfish Say You Pretty Remix #catfish #letscatchacatfish #datingscam #datingadvice #dating,,https://www.instagram.com/p/CpvxH9fAxjK/,3,0
jainsirclasses,धोखाधड़ी परक्राम्य दस्तावेज़ पर जज ने जो फेसला सुनाया वो एतिहासिक फेसला था SC Live #viral #fraud #marriagefraud #romancefraud #scams #datingscam #abuse #friendsagainstscams #scamaware #scamchampions #liar #lies #betrayal #data #warning #trump #status #victimshaming #jainsir #jainsirclass #Jainsirclasses @jainsirclasses,,https://www.instagram.com/p/DBTzyA5oqHu/,0,0
azuladel,"🚨 CAUGHT CHEATING!? You won’t believe what we found… 😱

Is your partner secretly swiping on Tinder while you’re not looking? It’s time to uncover the TRUTH with **Cheaterbuster AI** – the latest **relationship hack** that’s taking over the internet! 🔥🕵️‍♀️

💥 Why This Tool is Going VIRAL:
- Expose cheaters INSTANTLY! 
- Stop being played—find out if they’re active on Tinder in seconds! 
- Protect your heart and mental health. 

💡 Ready to Find Out?
If you're tired of the lies, it’s time to stop scrolling and start searching. **Cheaterbuster AI** lets you see if your partner is cheating behind your back. 🚨💔 Get the proof you need NOW.

👉 Click the link to catch them red-handed: [https://www.cheaterbuster.net/?ref=p5ai7e](https://www.cheaterbuster.net/?ref=p5ai7e)

Don't let them gaslight you—take charge of your relationship with this trending tool! 🔥

🎯 Trending Keywords: 
#CheatingExposed #CaughtCheating #DatingScam #RelationshipDrama #ExposeTheTruth #TinderSecrets #SpyOnYourPartner #ViralAI #AIRevolution #RelationshipGoalsGoneWrong #ToxicRelationships #TruthRevealed #TinderInvestigations #AIForGood #RedFlagAlert

💔 This viral tool is SAVING relationships and stopping cheaters in their tracks! Watch NOW to find out why everyone’s talking about it! 😲",,https://www.instagram.com/p/DBUZ3t8tPoM/,0,0
thetrendinghq,"It all started on October 21 when he got a message on WhatsApp inviting him on a date. He was told to meet the woman at Kaushambi metro station, and she then took him to a place called Tiger Cafe inside Kaushambi Hotel.

#datingscam #thetrendinghq #whatsaap","[WindowsPath('C:/Users/hp/Desktop/Project/Full_code_Amala (1)/Full_code_Amala/downloads/thetrendinghq_3488205613686151405.webp'), WindowsPath('C:/Users/hp/Desktop/Project/Full_code_Amala (1)/Full_code_Amala/downloads/thetrendinghq_3488205613577133795.webp')]",https://www.instagram.com/p/DBomIf4yu_7/,2,0
coflash_guru,#scamalert🚨 #tradingscam #investementscam #romancescammer #datingscam #fake,C:\Users\hp\Desktop\Project\Full_code_Amala (1)\Full_code_Amala\downloads\coflash_guru_3488676092186888009.webp,https://www.instagram.com/p/DBqRGwLModJ/,3,0
captainthach,"#SharePlease - LIKE this Page - Save a LIFE !!! ""Don't watch the NEWS - help make NEWS and help OUR world community !!! - ScamAlert ""warning - FAKE profiles online #SocialMedia "" - #NBC - #NBCNews - #CNN - #CNNNews - #BBCnews - #FOXnews - #CBS -  #Interpol - #EU - #EuropeanUnion -  Help #PresidentTrump #DonaldTrump #PresidentDonaldTrump & USA  FIGHT - #DatingScam  #RomanceScams  #scammer - #NigerianScam  #FBI  #Scams #Scam #scammers
-
 Please politicians unite together and help the world -#MikePence - #HillaryClinton - #BernieSanders - #BarackObama - #JoeBiden - #MichelleObama - #BillClinton -
Educate - STOP - - USE ---- Website - ""@ScamLifeGuard"" - http://ScamLifeGuard.com
-
-
---- ""US Army - Soldier For Life"" - ""Public Affairs Royal Lao Airborne""  program to help the WORLD - "" @CaptainThach "" - http://CaptainThach.com
-",C:\Users\hp\Desktop\Project\Full_code_Amala (1)\Full_code_Amala\downloads\captainthach_1674004894081880314.jpg,https://www.instagram.com/p/Bc7QpT4BBD6/,104,4
captainthach,"#USMilitary - ScamAlert ""warning - FAKE profiles online #SocialMedia "" - #NBC - #NBCNews - #CNN - #CNNNews - #BBC - #BBCNews - #FOXnews - #CBS - #UnitedNations - #EU - #EuropeanUnion -  Help #PresidentTrump #DonaldTrump #PresidentDonaldTrump & USA  FIGHT - #DatingScam  #Interpol #RomanceScams  #scammer - #Scam  #NigerianScam #BlackMail #FBI #419Scam #Scams #Scam #scammers #ABCnews - Please politicians unite together and help the world -#HillaryClinton - #BernieSanders -
-
---- Educate - STOP - - USE ---- Website - ""@ScamLifeGuard"" - http://ScamLifeGuard.com
-
-
---- ""US Army - Soldier For Life"" - ""Public Affairs Royal Lao Airborne""  program to help the WORLD - "" @CaptainThach "" - http://CaptainThach.com
-",C:\Users\hp\Desktop\Project\Full_code_Amala (1)\Full_code_Amala\downloads\captainthach_1605935371961861049.jpg,https://www.instagram.com/p/BZJbbZSBYO5/,87,11
monicadepaulauthor,"I'm so tired of being perpetually single. Today, a promising match from online dating started begging me for gift cards because of course the one woman to not ghost me is actually a fecking scammer.
.
.
.
.
.
.
.
.
.
.
.
.
#haikusbymonica #haiku #dailyhaiku #poetry #poetrycommunity #poet #poetsofinstagram #author #authorsofinstagram #authorlife #writer #writersofinstagram #writerscommunity #lgbtpoetry #writers #writing #writingcommunity #bookstagram #transgirlsofinstagram #scammer #scammers #single #lesbian #singlelesbian #datingscam",C:\Users\hp\Desktop\Project\Full_code_Amala (1)\Full_code_Amala\downloads\monicadepaulauthor_2855073640552525369.jpg,https://www.instagram.com/p/CefQllotu45/,12,1
captainthach,"#MoneyMule - LIKE this Page - Save a LIFE !!! ""Don't watch the NEWS - help make NEWS and help OUR world community !!! - ScamAlert ""warning - FAKE profiles online #SocialMedia "" - #NBC - #NBCNews - #CNN - #CNNNews - #BBCnews - #FOXnews - #CBS -  #Interpol - #EU - #EuropeanUnion -  Help #PresidentTrump #DonaldTrump #PresidentDonaldTrump & USA  FIGHT - #DatingScam  #RomanceScams  #scammer - #NigerianScam  #FBI  #Scams #Scam #scammers
-
 Please politicians unite together and help the world -#MikePence - #HillaryClinton - #BernieSanders - #BarackObama - #JoeBiden - #MichelleObama - #BillClinton -
-
Educate - STOP - - USE ---- Website - ""@ScamLifeGuard"" - http://ScamLifeGuard.com
-
-
---- ""US Army - Soldier For Life"" - ""Public Affairs Royal Lao Airborne""  program to help the WORLD - "" @CaptainThach "" - http://CaptainThach.com
-",C:\Users\hp\Desktop\Project\Full_code_Amala (1)\Full_code_Amala\downloads\captainthach_1679793772755875310.jpg,https://www.instagram.com/p/BdP04lRBvXu/,98,9
pickhacker_1,#custodybattle #d #dailyhoroscope #dark #darkness #datingquotes #datingscam #delete #developers #devicecioning #digital #digitalbank #digitalfinance #digitalmarketingforbeginners #divorcecoalition #divorceexpert #divorceisok #divorcelawyernearme #divorcelawyers #divorcemediation #divorcepodcast #divorcetips #divorcio #dogewatch #dontsettle #douleur #dramaqueen #dreamchasers #drinkdriving #drinkdrivinglawyer,C:\Users\hp\Desktop\Project\Full_code_Amala (1)\Full_code_Amala\downloads\pickhacker_1_3456573144073072424.jpg,https://www.instagram.com/p/C_4NvX4oW8o/,1,0
mojo_mingle,"Warning ⚠️ When someone ‘good looking’ writes to you and asks if you have WhatsApp - it’s highly likely that they’re a scammer. 
Typically they don’t make effort to meet you off the app and eventually ask for an iTunes card or something similar.

#datingscam #beware #tinder #darwin",C:\Users\hp\Desktop\Project\Full_code_Amala (1)\Full_code_Amala\downloads\mojo_mingle_2918106818607572167.jpg,https://www.instagram.com/p/Ch_MrDTv-TH/,6,5
captainthach,"#SharePlease - LIKE this Page - Save a LIFE !!! ""Don't watch the NEWS - help make NEWS and help OUR world community !!! - ScamAlert ""warning - FAKE profiles online #SocialMedia "" - #NBC - #NBCNews - #CNN - #CNNNews - #BBCnews - #FOXnews - #CBS -  #Interpol - #EU - #EuropeanUnion -  Help #PresidentTrump #DonaldTrump #PresidentDonaldTrump & USA  FIGHT - #DatingScam  #RomanceScams  #scammer - #NigerianScam  #FBI  #Scams #Scam #scammers
-
 Please politicians unite together and help the world -#MikePence - #HillaryClinton - #BernieSanders - #BarackObama - #JoeBiden - #MichelleObama - #BillClinton -
Educate - STOP - - USE ---- Website - ""@ScamLifeGuard"" - http://ScamLifeGuard.com
-
-
---- ""US Army - Soldier For Life"" - ""Public Affairs Royal Lao Airborne""  program to help the WORLD - "" @CaptainThach "" - http://CaptainThach.com
-",C:\Users\hp\Desktop\Project\Full_code_Amala (1)\Full_code_Amala\downloads\captainthach_1675880551565138143.jpg,https://www.instagram.com/p/BdB7HuCBpjf/,210,18
