username,caption,media_path,post_url,likes,comments
dalimss_news,"Five women and three men have been arrested by Ghaziabad Police for orchestrating a dating app scam that duped several men. Under the leadership of Commissioner of Police Sh. Ajay Kumar Mishra, authorities are taking a strong stand against such criminal activities. The scam was reportedly operated from the Tiger Cafe.

#Ghaziabad #PoliceArrests #DatingAppScam #CrimeAlert #CommissionerAjayKumarMishra #SafetyFirst #CyberCrime #Vigilance #JusticeServed #dating #datingadvice #datingscams",C:\Users\hp\Desktop\Project\Full_code_Amala (1)\Full_code_Amala\downloads\dalimss_news_3486667087337252070.jpg,https://www.instagram.com/p/DBjIT4myGTm/,74,0
lawassist2106,"""అబ్బాయిలు డేటింగ్ యాప్స్‌తో మోసపోతున్నారు, ఏమి చేయాలో తెలియట్లేదా?""
#DatingAppScam #OnlineFraud #ProtectYourself #DatingAppSafety #AvoidScams #StayAlert #OnlineScams
#FraudPrevention #ScamAwareness #CyberCrime #DatingAppScam #OnlineFraud #DatingScam
#StaySafeOnline #OnlineSafety #FraudAwareness #DatingAppSafety #CyberFraud #ProtectYourself
#BewareOfScams #OnlineScamAlert",C:\Users\hp\Desktop\Project\Full_code_Amala (1)\Full_code_Amala\downloads\lawassist2106_3485192833143153297.mp4,https://www.instagram.com/p/DBd5GqZPCKR/,0,0
adult_seens,“47 Indians rescued from dating app crypto scam in Laos 😱💔🚨🕵️‍♂️ #ScamAlert #CryptoScam #DatingAppScam”,C:\Users\hp\Desktop\Project\Full_code_Amala (1)\Full_code_Amala\downloads\adult_seens_3447288069361755468.jpg,https://www.instagram.com/p/C_XOjwMv-VM/,3,39
insydchennai,"Men Forced To Pay Up To ₹61,000 Bill After Women Abscond From Pub In Mumbai Dating Scam

#IFShots #ChennaiNews #TamilnaduNews #News #Insydchennai #Newstoday #Indianews #Trending #Viral #Mumbai #DatingApp #DatingAppScam #MumbaiPub",C:\Users\hp\Desktop\Project\Full_code_Amala (1)\Full_code_Amala\downloads\insydchennai_3441653665503198569.jpg,https://www.instagram.com/p/C_DNcYsPT1p/,95,1
gujaratsamacharofficial,"Dating પર જાઓ તે પહેલા આ વીડિયો જોઈ લેજો નહીંતર ખિસ્સાં ખાલી થઈ જશે | Dating App Scam

#Datingapp #SeftyFirst #TrickAndTrips #DatingAppScam #Datingapp #Scam #CyberFraud #HotelScam #Datingsite #Gscard #Gujaratsamachar",,https://www.instagram.com/p/C9EnqMWC4-2/,918,3
cnnnews18,"A 46-year-old woman was cheated allegedly by a man who she befriended on a matrimonial site, an official said on Sunday

🔗 Details in bio

#Fraud #OnlineScam #DatingAppScam #MatrimonyApp #Trending",C:\Users\hp\Desktop\Project\Full_code_Amala (1)\Full_code_Amala\downloads\cnnnews18_3447500456039470390.jpg,https://www.instagram.com/p/C_X-2YtOtU2/,204,1
_ilovemumbai__,"#newfearunlocked - A dating app match, a fancy restaurant invite, and an outrageous bill—this is the scam behind ‘fraud dates’ that’s leaving men humiliated and broke. The latest case, from The Godfather Club in Mumbai’s Andheri West, surfaced after activist Deepika Narayan Bhardwaj exposed the scheme on social media. 

The scam begins on popular dating apps, where women swiftly arrange a meeting at upscale venues. Once there, they order costly items like high-end liquor and hookah, which aren’t listed on the menu. After placing the orders, the women suddenly leave, sticking the men with bills as high as ₹61,000. If they protest, the men are allegedly threatened by the club’s staff, compelling them to pay out of fear.

#iloveemumbai #mumbainews #mumbailive #datingapp #mumbaifraud #scam #datingappscam #tinder",C:\Users\hp\Desktop\Project\Full_code_Amala (1)\Full_code_Amala\downloads\_ilovemumbai___3441491103874961870.jpg,https://www.instagram.com/p/C_CoezYIlHO/,26,1
thirtiesdating,This was immediately followed by request to move to the telegram app. #scammer #datingappscam #catfish #thirtiesdating #palaceofmarriage,,https://www.instagram.com/p/C3jQ8pzr6JK/,3,1
dxbnewsnetwork,"Swipe Right, Pay the Price: Mumbai Man Loses ₹61,000 in Cafe Date Scam
. 
Read Full News: https://www.dxbnewsnetwork.com/tinder-match-turns-costly-mumbai-man-loses-61000-in-cafe-date-scam
.
#MumbaiScam #TinderFraud #DatingAppScam #ScamDate #TheGodfatherClub #SocialMediaExpose #NightclubFraud #headlines #dxbnewsnetwork #bestnewschanneldubai",,https://www.instagram.com/p/C_C0Hl-B4h6/,0,0
insydfeed,"Men Forced To Pay Up To ₹61,000 Bill After Women Abscond From Pub In Mumbai Dating Scam

#IFShots #ChennaiNews #TamilnaduNews #News #Insydfeed #Newstoday #Indianews #Trending #Viral #Mumbai #DatingApp #DatingAppScam #MumbaiPub",,https://www.instagram.com/p/C_DNiLUpoK8/,74,0
b.town.life,"Dating app scam via a posh pub? 

#btownlife #bollywoodupdates #bollywoodcelebrities #thegodfatherlounge #scamalert #datingappscam",,https://www.instagram.com/p/C_DAxgVSHLd/,486,0
digigiggles,"Dating app scams are on the rise as Valentine’s Day approaches, McAfee shares 5 important steps to stay safe
http://tinyurl.com/3tmtxj4h 

@digigiggles 

#digigiggles #NewsUpdate #DatingApps #DatingAppScam #scam #McAfee #ValentinesDay",,https://www.instagram.com/p/C3SNknKL7Zd/,1,0
rrapidrecap,"Ankur Meena, also known as Happy Singh, is the mastermind behind an interstate dating app racket involving clubs in Pune and Mumbai. Along with his associate Pratham, the gang defrauded customers by inflating bills and using fake GST numbers. They lured victims through promises of large commissions but paid only a fraction. Meena remains at large, while six suspects have been arrested. Activist Deepika Narayan Bharadwaj has filed a police complaint, fearing retaliation for exposing the racket.
.
.
.
.
.
.
.
.
.
.
#RapidRecap #News #BreakingNews #NewsUpdate #CurrentEvents #Headlines #TrendingNow #DatingAppScam #AnkurMeena #HappySingh #FraudAlert #OnlineDating #ScamAwareness #DeepikaBharadwaj #Mumbai #Pune",,https://www.instagram.com/p/C_0Z-LQS-w-/,8,0
teekhasamachar,"🚨 Shocking Dating App Scam Uncovered in Hyderabad! 🚨

Hyderabad Police have registered a suo motu case against Mosh Pub for cheating customers through dating apps. Victims are urged to come forward with evidence. Learn how the scam unfolded and how to protect yourself from such fraud.

#DatingAppScam #HyderabadPolice #MoshPubFraud #ProtectYourself #ScamAlert #teekhasamachar

https://teekhasamachar.com/dating-app-scam-hyderabad-mosh-pub/",,https://www.instagram.com/p/C79SdjNvpiX/,1,0
abc7la,"The Better Business Bureau says more people are becoming victims of so-called ""romance scams."" @abc7phillip",,https://www.instagram.com/p/B0Y2aSFlMh9/,797,17
redhedded13,"Nothing like your male bestie in TX sending you a screen shot of your face on a fake dating profile. *sigh* that isn't even a good shot. Sheesh. I have way better photos to catfish with. Smh. 
This is a photo of me and the TT it was taken from. 

#scamexposed #datingscams #datingsite #datingapp #datingappscam #notreally #datingfakes #fake #catfish #catfishscammers #baitandswitch #redhead #redheads #redheadsrock #gingerhairdontcare #ididntchoosethegingerlifeitchoseme #whatthehell #whattheheck #notme #ididntdoit #behonest #notmine #smh #dobetter",,https://www.instagram.com/p/CklmiX8JEpB/,170,46
media_talky,"Explore Hickey app User Reviews: Discuss Is This Legit Or Scam? Check It Out That It Make casual connections with local matches or Not?

For more info visit our website link in bio.

#hickeyapp #userreviews #legitorScam #appreview2024 #onlinedating #datingappreview #appscam #datingappscam #userexperience #hickeyreview #2024datingapps #scamalert #datingtips #appwarning #consumerreview #mediatalky",,https://www.instagram.com/p/C_cqZvRSWUv/,1,0
mayleeshow,"Senior scams total multiple BILLIONS of dollars NOT including unreported scams and API elders are extremely vulnerable. If you care about your elders LISTEN UP! In the latest episode of @shoesoffinsidemkt sponsored by AARP, Denise Oki of the FTC shares shocking stories of scams and how to avoid them. 
Click bio 👆👆to watch full ep or listen wherever you get your podcasts. 
#seniorscams #protectourelders #giftcardscam #datingappscam #goldbarscam #ftc @aarp",,https://www.instagram.com/p/C0m-o6Nvty3/,29,2
deepikanarayanbhardwaj,"MEET REAL CONS BEHIND DATING APP SCAM IN MUMBAI 

ANKUR MEENA ankur_meena.0x
PAYAL RAJPUT @official_payal.0x
CHANDU 
ASHISH

Supporting Role:

Shivani Singh 
Ayush Chaudhary 
Fazil Pathan

They have run away to PUNE & scamming men there now 

Their chats reveal plan of HARMING ME 

@mumbaipolice
@cpmumbaipolice When will you arrest the masterminds?

#DatingAppScam",,https://www.instagram.com/p/C_0rUQgzPVi/,1982,60
notallmens_,"Be Aware about the #Dating App Scam rising in #Mumbai.

Hello guys and girls from Mumbai, I've been hearing a lot about these scams recently from friends, so I wanted to raise awareness.
What is the #Scam?
Scammers, often posing as #women on dating #apps (bare in mind these are real girls), will pressure you into #meeting at a specific #bar or #cafe that
they're affiliated with. They might try to get you to #drink heavily and then hit you with an inflated #bill, especially at #bars with the help of their shady staff.

#DatingApp #relationship #Tinder #Bumble #Happen 
#Maharashtra #Scam #DatingAppScam #Women's #Girls #Mens #Boys #StayAlert #Restaurant #Clubs #NightClubs #Club #Andheri #Thane #delhi",,https://www.instagram.com/p/C_Ocv7QBwFJ/,6,0
noting373,"✂ Fake account have to be deleted ASAP, so that there are no more victims. 
✂ If Real account reports one itself the fake deleted very quickly. Or only when many people report fake account can it be deleted. 
✂ 더 이상의 많은 피해자가 나오지 않도록, 가짜 계정은 가능한한 빨리 삭제되어야 합니다. 
✂ 실계정이 직접 신고하면 가짜는 더 빨리 삭제됩니다. 아니면 많은 분들이 가짜 계정을 신고해야만 합니다. 

🆔 Real IG account : @bemymymoon

✍ Reports PLZ 
💀FAKE LINE : #fc9239
📵 Fake name : sherry

✔️Fake accounts are deleted and created again. Plz understand that I cannot update every time. 
✔️가짜 계정은 삭제되었다가 또 생성되었다가 합니다. 매번마다 업뎃 보고 할 수 없는 점 양해해 주세요. 

#datingappscam #데이팅어플사기 #소개팅앱사기 #미프사기 #meeffscam 
#인스타사기 #인스타사진도용 #사진도용 #인플루언서 #instascam #influencer
#romancescam #로맨스스캠 
#암호화폐사기 #가상화폐사기 #물류통관사기 #페이크은행 #채팅환전사기 #쇼핑몰사기 #페이크쇼핑몰
#fakebank #BTCscam #dropshipping
#돼지도살 #pig_butchering #杀猪盘 #诈骗
#国際ロマンス詐欺 #国際恋愛詐欺",,https://www.instagram.com/p/DA7gs7RTjl6/,19,0
noting373,"✂ Fake account have to be deleted ASAP, so that there are no more victims. 
✂ If Real account reports one itself the fake deleted very quickly. Or only when many people report fake account can it be deleted. 
✂ 더 이상의 많은 피해자가 나오지 않도록, 가짜 계정은 가능한한 빨리 삭제되어야 합니다. 
✂ 실계정이 직접 신고하면 가짜는 더 빨리 삭제됩니다. 아니면 많은 분들이 가짜 계정을 신고해야만 합니다. 

🆔Real IG account : @ltg_life_good 

✍️Reports PLZ 
💀FAKE IG account : @kimjuwon232
awooffd agddfcc
dviebkg
fhhcdd73
goianania
📵FAKE kakaotalk : #min22101
📵FAKE name : #김주원 #주원김 #박지호

✔️Fake accounts are deleted and created again. Plz understand that I cannot update every time. 
✔️가짜 계정은 삭제되었다가 또 생성되었다가 합니다. 매번마다 업뎃 보고 할 수 없는 점 양해해 주세요. 

#datingappscam #데이팅어플사기 #소개팅앱사기 
#인스타사기 #인스타사진도용 #사진도용 #인플루언서 #instascam #influencer
#romancescam #로맨스스캠 
#암호화폐사기 #가상화폐사기 #물류통관사기 #페이크은행 #채팅환전사기 #쇼핑몰사기 #페이크쇼핑몰
#fakebank #BTCscam #dropshipping
#돼지도살 #pig_butchering #杀猪盘 #诈骗
#国際ロマンス詐欺",,https://www.instagram.com/p/DBEfFu6Tejb/,21,0
noting373,"✂ Fake account have to be deleted ASAP, so that there are no more victims. 
✂ If Real account reports one itself the fake deleted very quickly. Or only when many people report fake account can it be deleted. 
✂ 더 이상의 많은 피해자가 나오지 않도록, 가짜 계정은 가능한한 빨리 삭제되어야 합니다. 
✂ 실계정이 직접 신고하면 가짜는 더 빨리 삭제됩니다. 아니면 많은 분들이 가짜 계정을 신고해야만 합니다. 

🆔 Real IG account : @erik.cyj

✍ Reports PLZ 
☠ FAKE IG account : erlanggaaa77_
@dqmutlxqrbm
@haruyuki_harada
@matthew_tdsrk
📵 FAKE name : Sanjaya Erlangga
📵 FAKE phone : +6285215625442

✅ Fake accounts are deleted and created again. Plz understand that I cannot update every time. 
✅ 가짜 계정은 삭제되었다가 또 생성되었다가 합니다. 매번마다 업뎃 보고 할 수 없는 점 양해해 주세요. 

#datingappscam #데이팅어플사기 #소개팅앱사기 #미프사기 #meeffscam 
#인스타사기 #인스타사진도용 #사진도용 #인플루언서 #instascam #influencer
#romancescam #로맨스스캠 
#암호화폐사기 #가상화폐사기 #물류통관사기 #페이크은행 #채팅환전사기 #fakebank #BTCscam
#돼지도살 #pig_butchering #杀猪盘 #诈骗
#国際ロマンス詐欺 #国際恋愛詐欺 #偽アカウント #なりすまし
#realaccount  #fakeaccount",,https://www.instagram.com/p/C2s0vrkSU0S/,25,0
chris_techx,"your account is hacked, or your account is been tempered with, all you need is a good hacker, kindly send a message us for assistance.

.
.
.
.
.
#car #carsofinstagram #chainbail #couple #couples #creditscam #creditscoreimprovement #crypto #cwbbit #datingappscam #datingscams #datingscams101 #deactivate #deactivated #depression #dollartreats #dontcallmestupid #facebookaccused #facebookmarketplacescam #fakeaccountalert #fakeaccounts #fakeprofile #fakeprofiles #fauxcompte #france #fraudster #fraudulentinvestment #gadgets #getanswers #gmk",,https://www.instagram.com/p/C440tRbIyUG/,1,0
deepikanarayanbhardwaj,"Almost every media house has reported on my expose of the dating app scam happening at The Godfather Club Mumbai 

Kudos to the men who raised their voice, joined hands with me and saved many from losing their hard earned money to such scams 

#DatingAppScam #GodfatherMumbai",,https://www.instagram.com/p/C_Gt58wzce6/,3582,190
noting373,"< Dropshipping scam >
1. Scamer approaches with a dating app. He’s a fashion designer and has a online drop shipping store on platform. 
2. He recommend setting up ur shop. And he teaches u how to register by inducing fake websites.
3. Whenever an order came in, it was supposed to be paid through the customer center, 
4. As orders continue to come in and funds are scarce, Scammer introduces cryptocurrency and teaches u to use the OKEX app. 
5. When U asked the customer center to withdraw funds, they told u to pay a fee.

✂ Fake account have to be deleted ASAP, so that there are no more victims. 
✂ If Real account reports one itself the fake deleted very quickly. Or only when many people report fake account can it be deleted. 
✂ 더 이상의 많은 피해자가 나오지 않도록, 가짜 계정은 가능한한 빨리 삭제되어야 합니다. 
✂ 실계정이 직접 신고하면 가짜는 더 빨리 삭제됩니다. 아니면 많은 분들이 가짜 계정을 신고해야만 합니다. 

📌He doesn’t use an IG & FB. 
🆔 Real RED小红书 : JasonWang 

✍ Reports PLZ 
☠ FAKE Whatsapp:+852 6741 7129/ +852 5777 4587
📵 FAKE name : jin ChengHao
📵 FAKE Phone: +852 5708 7585
📵 FAKE e-mail:
nwang0042@gmail.com
📵 FAKE Link : FAKE Link: kowloon.icu / 
9Icshop.com
📵 FAKE wallet address : 
1. TEKF1HDtLypZapT7R2QjgjKWeVJvPENYkZ
2. TY4stY0572tGQEWMj7rEJKqGWjG2v1R7QU

✅ Fake accounts are deleted and created again. Plz understand that I cannot update every time. 
✅ 가짜 계정은 삭제되었다가 또 생성되었다가 합니다. 매번마다 업뎃 보고 할 수 없는 점 양해해 주세요. 

#datingappscam #데이팅어플사기 #소개팅앱사기 #헬로우톡사기 #hellotalkscam #언어교환어플사기
#인스타사기 #인스타사진도용 #사진도용 #instascam 
#小红书 #샤오홍슈
#dropshippingscam #드랍쉬핑사기 #드롭시핑사기
#romancescam #로맨스스캠 
#암호화폐사기 #가상화폐사기 #채팅환전사기 
#돼지도살 #pig_butchering #杀猪盘 
#国際ロマンス詐欺 #国際恋愛詐欺 #偽アカウント #なりすまし
#realaccount  #fakeaccount #instagramscammers",,https://www.instagram.com/p/C1qkL9Cr6Ek/,51,2
deepikanarayanbhardwaj,"Meet Nancy Khan aka Harshita aka Tanu Singh, an Instagram Influencer having 50K followers (someone please tag her) doing MA in English from Prayagraj

Sourabh Dutt Tripathi, a PhD student 

Sanyog Jaiswal, a BsC pass out from BND college Kanpur

They’re all part of SWIPE RIGHT STEAL CAR gang that was operating in Uttar Pradesh

ARRESTED !!!!

#datingappscam #datingapp #quackquack",,https://www.instagram.com/p/DADwihWS2bG/,1796,36
noting373,"✂ Fake account have to be deleted ASAP, so that there are no more victims. 
✂ If Real account reports one itself the fake deleted very quickly. Or only when many people report fake account can it be deleted. 
✂ 더 이상의 많은 피해자가 나오지 않도록, 가짜 계정은 가능한한 빨리 삭제되어야 합니다. 
✂ 실계정이 직접 신고하면 가짜는 더 빨리 삭제됩니다. 아니면 많은 분들이 가짜 계정을 신고해야만 합니다. 

🆔 Real IG account : @warlord_phoenix

✍ Reports PLZ 
☠ FAKE IG account : @kevinicholass
📵 FAKE name : Kevin Nicholas
📵 FAKE Whatsapp: +6282141122093
📵 FAKE dating apps: #Bumble

✅ Fake accounts are deleted and created again. Plz understand that I cannot update every time. 
✅ 가짜 계정은 삭제되었다가 또 생성되었다가 합니다. 매번마다 업뎃 보고 할 수 없는 점 양해해 주세요. 

#datingappscam #데이팅어플사기 #소개팅앱사기 
#인스타사기 #인스타사진도용 #사진도용 #인플루언서 #instascam #influencer
#romancescam #로맨스스캠 
#암호화폐사기 #가상화폐사기 #물류통관사기 #페이크은행 #채팅환전사기 #fakebank #BTCscam
#돼지도살 #pig_butchering #杀猪盘 #诈骗
#国際ロマンス詐欺 #写真盗用 #国際恋愛詐欺 #偽アカウント #なりすまし
#realaccount  #fakeaccount",,https://www.instagram.com/p/C3Jf_9vyT3F/,26,0
securenetworksolutions,"Bumble & Tinder - Dating Apps Scam on the rise in India.

SSSS: Stay Safe, Stay Secure !

Contact SNS : +91 7824813824 | www.snsin.com | enquiry@snsin.com

#DatingAppScam #India #StaySafe #StaySecure #SNS #SecureNetworkSolutions #CyberSecurity #SSSS #OnlineSafety",,https://www.instagram.com/p/C4CntE8oAXb/,0,0
noting373,"✂ Fake account have to be deleted ASAP, so that there are no more victims. 
✂ If Real account reports one itself the fake deleted very quickly. Or only when many people report fake account can it be deleted. 
✂ 더 이상의 많은 피해자가 나오지 않도록, 가짜 계정은 가능한한 빨리 삭제되어야 합니다. 
✂ 실계정이 직접 신고하면 가짜는 더 빨리 삭제됩니다. 아니면 많은 분들이 가짜 계정을 신고해야만 합니다. 

🆔 Real IG account : @natefeng
🆔 Real RED小红书 : NATEFENG

✅ Fake accounts are deleted and created again. Plz understand that I cannot update every time. 
✅ 가짜 계정은 삭제되었다가 또 생성되었다가 합니다. 매번마다 업뎃 보고 할 수 없는 점 양해해 주세요. 
✉✌report tip :  IG @noting373 

#小红书 #샤오홍슈 #중국인스타 #chineseinsta
#datingappscam #데이팅어플사기 #소개팅앱사기 #미프사기 #meeffscam #외국인친구사귀기 
#romancescam #로맨스스캠 
#암호화폐사기 #가상화폐사기 #물류통관사기 #페이크은행 #채팅환전사기
#인스타사기 #인스타사진도용 #사진도용 #instascam
#돼지도살 #pig_butchering #杀猪盘 #诈骗
#国際ロマンス詐欺 #写真盗用 #国際恋愛詐欺 #偽アカウント #なりすまし",,https://www.instagram.com/p/CzoVcKzynGu/,28,0
noting373,"✂ Fake account have to be deleted ASAP, so that there are no more victims. 
✂ If Real account reports one itself the fake deleted very quickly. Or only when many people report fake account can it be deleted. 
✂ 더 이상의 많은 피해자가 나오지 않도록, 가짜 계정은 가능한한 빨리 삭제되어야 합니다. 
✂ 실계정이 직접 신고하면 가짜는 더 빨리 삭제됩니다. 아니면 많은 분들이 가짜 계정을 신고해야만 합니다. 

🆔Real IG account : @shokyshock

✍️Reports PLZ 
💀FAKE IG account : shouik_chong1
@chongshouik
@shokyshock98 @shokysh0ck  shokyshock31
📵FAKE Facebook : Shouik Chong
📵FAKE TikTok : @chong_368
📵FAKE LINE : #bongchul1986
📵FAKE name : #우진

✔️Fake accounts are deleted and created again. Plz understand that I cannot update every time. 
✔️가짜 계정은 삭제되었다가 또 생성되었다가 합니다. 매번마다 업뎃 보고 할 수 없는 점 양해해 주세요. 

#datingappscam #데이팅어플사기 #소개팅앱사기 #일키로 #1km 
#호주퍼스광산 #보석학자 #보석사업가 
#인스타사기 #인스타사진도용 #사진도용 #인플루언서 #instascam #influencer
#romancescam #로맨스스캠 
#물류통관사기 #페이크은행 #채팅환전사기
#돼지도살 #pig_butchering #杀猪盘 #诈骗
#国際ロマンス詐欺 #国際恋愛詐欺 #なりすまし",,https://www.instagram.com/p/C-Mi-QZyLRh/,28,0
noting373,"✂ Fake account have to be deleted ASAP, so that there are no more victims. 
✂ If Real account reports one itself the fake deleted very quickly. Or only when many people report fake account can it be deleted. 
✂ 더 이상의 많은 피해자가 나오지 않도록, 가짜 계정은 가능한한 빨리 삭제되어야 합니다. 
✂ 실계정이 직접 신고하면 가짜는 더 빨리 삭제됩니다. 아니면 많은 분들이 가짜 계정을 신고해야만 합니다. 

🆔 Real IG account : @thkss_swanz

✍ Reports PLZ 
☠ FAKE IG account : @hooy5998
@kwan_jae_1
@stevenwong469
@wong_steven325
📵 FAKE name : Daniel Lee M

✅ Fake accounts are deleted and created again. Plz understand that I cannot update every time. 
✅ 가짜 계정은 삭제되었다가 또 생성되었다가 합니다. 매번마다 업뎃 보고 할 수 없는 점 양해해 주세요. 

#datingappscam #데이팅어플사기 #소개팅앱사기
#인스타사기 #인스타사진도용 #사진도용 #instascam
#koreanboy
#romancescam #로맨스스캠 
#암호화폐사기 #가상화폐사기 #물류통관사기 #페이크은행 #채팅환전사기
#돼지도살 #pig_butchering #杀猪盘 #诈骗
#国際ロマンス詐欺 #写真盗用 #国際恋愛詐欺 #偽アカウント #なりすまし
#realaccount  #fakeaccount #Nigerianscam #instagramscammers #fakebank #BTCscam",,https://www.instagram.com/p/C1GEnZny49B/,31,0
noting373,"✂ Fake account have to be deleted ASAP, so that there are no more victims. 
✂ If Real account reports one itself the fake deleted very quickly. Or only when many people report fake account can it be deleted. 
✂ 더 이상의 많은 피해자가 나오지 않도록, 가짜 계정은 가능한한 빨리 삭제되어야 합니다. 
✂ 실계정이 직접 신고하면 가짜는 더 빨리 삭제됩니다. 아니면 많은 분들이 가짜 계정을 신고해야만 합니다. 

🆔 Real IG account : @isongnye

✍ Reports PLZ 
☠ FAKE kakaotalk : #an1127
📵 FAKE name : #박지헌
📵 FAKE Link : #썸쿵 #somekoong
/ http://www.somekoong.com

✅ Fake accounts are deleted and created again. Plz understand that I cannot update every time. 
✅ 가짜 계정은 삭제되었다가 또 생성되었다가 합니다. 매번마다 업뎃 보고 할 수 없는 점 양해해 주세요. 

#여권위조 #포인트환전 #부업사기
#datingappscam #데이팅어플사기 #소개팅앱사기 #틴더사기 #tinderscam 
#koreanboy
#romancescam #로맨스스캠 
#가상화폐사기 #채팅환전사기
#인스타사기 #인스타사진도용 #사진도용 #instascam
#돼지도살 #pig_butchering #杀猪盘
#国際ロマンス詐欺 #国際恋愛詐欺 #なりすまし
#realaccount  #fakeaccount #instagramscammers",,https://www.instagram.com/p/Cz1M3LlSPVD/,30,1
noting373,"✂ Fake account have to be deleted ASAP, so that there are no more victims. 
✂ If Real account reports one itself the fake deleted very quickly. Or only when many people report fake account can it be deleted. 
✂ 더 이상의 많은 피해자가 나오지 않도록, 가짜 계정은 가능한한 빨리 삭제되어야 합니다. 
✂ 실계정이 직접 신고하면 가짜는 더 빨리 삭제됩니다. 아니면 많은 분들이 가짜 계정을 신고해야만 합니다. 

🆔 Real IG account : @felipeparo

✍ Reports PLZ 
☠ FAKE IG account : @dr.william_may
📵 FAKE name : #제프리 #Richardde

✅ Fake accounts are deleted and created again. Plz understand that I cannot update every time. 
✅ 가짜 계정은 삭제되었다가 또 생성되었다가 합니다. 매번마다 업뎃 보고 할 수 없는 점 양해해 주세요. 

#데이팅어플사기 #소개팅앱사기 #정오의데이트 #정오의데이트사기 #datingapp #datingappscam
#말레이시아 #의사사칭 #병원물품구매 #페이크은행 #가짜은행 
#romancescam #로맨스스캠 #암호화폐사기 
#인스타사기 #인스타사진도용 
#杀猪盘 #诈骗
#国際ロマンス詐欺 #写真盗用 #国際恋愛詐欺 #偽アカウント #なりすまし
#realaccount  #fakeaccount #Nigerianscam #instagramscammers #fakebank",,https://www.instagram.com/p/CxpzcURSjlC/,13,0
noting373,"✂ Fake account have to be deleted ASAP, so that there are no more victims. 
✂ If Real account reports one itself the fake deleted very quickly. Or only when many people report fake account can it be deleted. 
✂ 더 이상의 많은 피해자가 나오지 않도록, 가짜 계정은 가능한한 빨리 삭제되어야 합니다. 
✂ 실계정이 직접 신고하면 가짜는 더 빨리 삭제됩니다. 아니면 많은 분들이 가짜 계정을 신고해야만 합니다. 

🆔 Real IG account : @woodyliang

✍ Reports PLZ 
☠ FAKE IG account : @asdfgh_qwe951
@bajiu_7.25
@dgusulhi987
@Ituumyg
@mks.wet
@qwert_iu456
@sunset.52
@tianhua0915 @tianlei0216808
@uhdujj123
📵 FAKE name : Paul

✅ Fake accounts are deleted and created again. Plz understand that I cannot update every time. 
✅ 가짜 계정은 삭제되었다가 또 생성되었다가 합니다. 매번마다 업뎃 보고 할 수 없는 점 양해해 주세요. 
✉✌report tip :  IG @noting373 

#datingappscam #데이팅어플사기 #소개팅앱사기 #미프사기 #meeffscam #외국인친구사귀기 
#인스타사기 #인스타사진도용 #사진도용 #instascam
#romancescam #로맨스스캠 
#암호화폐사기 #가상화폐사기 #물류통관사기 #페이크은행 #채팅환전사기
#돼지도살 #pig_butchering #杀猪盘 
#国際ロマンス詐欺 #国際恋愛詐欺 #なりすまし
#realaccount  #fakeaccount #Nigerianscam #instagramscammers #fakebank #BTCscam",,https://www.instagram.com/p/Cz-kkDNrm6Y/,32,0
noting373,"✂ Fake account have to be deleted ASAP, so that there are no more victims. 
✂ If Real account reports one itself the fake deleted very quickly. Or only when many people report fake account can it be deleted. 
✂ 더 이상의 많은 피해자가 나오지 않도록, 가짜 계정은 가능한한 빨리 삭제되어야 합니다. 
✂ 실계정이 직접 신고하면 가짜는 더 빨리 삭제됩니다. 아니면 많은 분들이 가짜 계정을 신고해야만 합니다. 

🆔 Real IG account : @drrafaelabud

✍ Reports PLZ 
☠ FAKE kakaotalk : Adrian34
📵 FAKE name : 아드리안, Adrian

✅ Fake accounts are deleted and created again. Plz understand that I cannot update every time. 
✅ 가짜 계정은 삭제되었다가 또 생성되었다가 합니다. 매번마다 업뎃 보고 할 수 없는 점 양해해 주세요. 

#datingappscam #데이팅어플사기 #소개팅앱사기 #미프사기 #meeffscam #외국인친구사귀기 
#인스타사기 #인스타사진도용 #사진도용 #instascam
#romancescam #로맨스스캠 
#암호화폐사기 #가상화폐사기 #물류통관사기 #페이크은행 #채팅환전사기
#돼지도살 #pig_butchering #杀猪盘 
#国際ロマンス詐欺 #国際恋愛詐欺 #偽アカウント #なりすまし
#realaccount  #fakeaccount #Nigerianscam #instagramscammers #fakebank #BTCscam",,https://www.instagram.com/p/C1UYS8kSu2t/,19,0
noting373,"✂ Fake account have to be deleted ASAP, so that there are no more victims. 
✂ If Real account reports one itself the fake deleted very quickly. Or only when many people report fake account can it be deleted. 
✂ 더 이상의 많은 피해자가 나오지 않도록, 가짜 계정은 가능한한 빨리 삭제되어야 합니다. 
✂ 실계정이 직접 신고하면 가짜는 더 빨리 삭제됩니다. 아니면 많은 분들이 가짜 계정을 신고해야만 합니다. 

🆔Real IG account : @daolum

✍️Reports PLZ 
💀FAKE kakaotalk : yong

✔️Fake accounts are deleted and created again. Plz understand that I cannot update every time. 
✔️가짜 계정은 삭제되었다가 또 생성되었다가 합니다. 매번마다 업뎃 보고 할 수 없는 점 양해해 주세요. 
💕Thx tip : @phoung_lena217

#datingappscam #데이팅어플사기 #소개팅앱사기 #tinderscam #틴더사기
#인스타사기 #인스타사진도용 #사진도용 #인플루언서 #instascam #influencer
#romancescam #로맨스스캠 
#암호화폐사기 #가상화폐사기 #물류통관사기 #페이크은행 #채팅환전사기 #페이크쇼핑몰
#fakebank #BTCscam #dropshipping
#돼지도살 #pig_butchering #杀猪盘 #诈骗
#国際ロマンス詐欺 #国際恋愛詐欺 #なりすまし",,https://www.instagram.com/p/C_FPljqy89a/,34,0
noting373,"✂ Fake account have to be deleted ASAP, so that there are no more victims. 
✂ If Real account reports one itself the fake deleted very quickly. Or only when many people report fake account can it be deleted. 
✂ 더 이상의 많은 피해자가 나오지 않도록, 가짜 계정은 가능한한 빨리 삭제되어야 합니다. 
✂ 실계정이 직접 신고하면 가짜는 더 빨리 삭제됩니다. 아니면 많은 분들이 가짜 계정을 신고해야만 합니다. 

🆔Real IG account : @ringowang
🆔 Real RED小红书 : Ringo 王小生

✍️Reports PLZ 
💀FAKE WeChat : 宋坤 sòngkūn
📵FAKE kakaotalk : #Allen77777777

✔️Fake accounts are deleted and created again. Plz understand that I cannot update every time. 
✔️가짜 계정은 삭제되었다가 또 생성되었다가 합니다. 매번마다 업뎃 보고 할 수 없는 점 양해해 주세요. 

#datingappscam #데이팅어플사기 #소개팅앱사기 #wechat #wechatscam
#인스타사기 #인스타사진도용 #사진도용 #인플루언서 #instascam #influencer
#romancescam #로맨스스캠 
#암호화폐사기 #가상화폐사기 #물류통관사기 #페이크은행 #채팅환전사기 #페이크쇼핑몰
#fakebank #BTCscam #dropshipping
#돼지도살 #pig_butchering #杀猪盘 #诈骗
#国際ロマンス詐欺 #国際恋愛詐欺 #なりすまし",,https://www.instagram.com/p/C9WikKeStdb/,18,0
noting373,"✂ Fake account have to be deleted ASAP, so that there are no more victims. 
✂ If Real account reports one itself the fake deleted very quickly. Or only when many people report fake account can it be deleted. 
✂ 더 이상의 많은 피해자가 나오지 않도록, 가짜 계정은 가능한한 빨리 삭제되어야 합니다. 
✂ 실계정이 직접 신고하면 가짜는 더 빨리 삭제됩니다. 아니면 많은 분들이 가짜 계정을 신고해야만 합니다. 
 
🆔 Real IG account : danielkamphorsts

✍ Reports PLZ 
☠ FAKE IG account : @abdrewmike
@franklin.scit
@greenwald.peter
@jamie_mcanthony @jerrywilliams5527 @jody_wyy19880
@kelvin_nelson85
michwilling15
@thomaseric5714
@wesleypeters300
@zaslavadyomina
📵 FAKE name : Martino Neri Lorenzo
📵 FAKE Whatsapp : +44 7749 703446

✅ Fake accounts are deleted and created again. Plz understand that I cannot update every time. 
✅ 가짜 계정은 삭제되었다가 또 생성되었다가 합니다. 매번마다 업뎃 보고 할 수 없는 점 양해해 주세요. 

#datingappscam #데이팅어플사기 #소개팅앱사기 #탄뎀사기 #tandemscam #외국인친구사귀기 
#인스타사기 #인스타사진도용 #사진도용 #인플루언서 #instascam #influencer
#romancescam #로맨스스캠 
#암호화폐사기 #가상화폐사기 #물류통관사기 #페이크은행 #채팅환전사기 #fakebank #BTCscam
#돼지도살 #pig_butchering #杀猪盘 
#国際ロマンス詐欺 #国際恋愛詐欺 #偽アカウント #なりすまし
#realaccount  #fakeaccount",,https://www.instagram.com/p/C3hcgilLi8d/,19,0
noting373,"✂ Fake account have to be deleted ASAP, so that there are no more victims. 
✂ If Real account reports one itself the fake deleted very quickly. Or only when many people report fake account can it be deleted. 
✂ 더 이상의 많은 피해자가 나오지 않도록, 가짜 계정은 가능한한 빨리 삭제되어야 합니다. 
✂ 실계정이 직접 신고하면 가짜는 더 빨리 삭제됩니다. 아니면 많은 분들이 가짜 계정을 신고해야만 합니다. 

🆔 Real RED小红书 : 克里斯 / Alvinguo
🆔 Real IG account : @alvin.guo.52

✍ Reports PLZ 
☠ FAKE IG account : @adong.1985
📵 FAKE name : 明天

✅ Fake accounts are deleted and created again. Plz understand that I cannot update every time. 
✅ 가짜 계정은 삭제되었다가 또 생성되었다가 합니다. 매번마다 업뎃 보고 할 수 없는 점 양해해 주세요. 

#RED #小红书 #샤오홍슈 #중국인스타 #chineseinsta
#datingappscam #데이팅어플사기 #소개팅앱사기 #미프사기 #meeffscam #외국인친구사귀기 
#인스타사기 #인스타사진도용 #사진도용 #instascam
#romancescam #로맨스스캠 
#암호화폐사기 #물류통관사기 #페이크은행 
#돼지도살 #pig_butchering #杀猪盘
#国際ロマンス詐欺 #国際恋愛詐欺 #なりすまし
#realaccount  #fakeaccount #instagramscammers #fakebank",,https://www.instagram.com/p/C2WB7elym2h/,22,0
noting373,"✂ Fake account have to be deleted ASAP, so that there are no more victims. 
✂ If Real account reports one itself the fake deleted very quickly. Or only when many people report fake account can it be deleted. 
✂ 더 이상의 많은 피해자가 나오지 않도록, 가짜 계정은 가능한한 빨리 삭제되어야 합니다. 
✂ 실계정이 직접 신고하면 가짜는 더 빨리 삭제됩니다. 아니면 많은 분들이 가짜 계정을 신고해야만 합니다. 

🆔Real IG account : @wilmanizer

✍️Reports PLZ 
💀FAKE kakaotalk : #nico66
📵FAKE name : #nico

✔️Fake accounts are deleted and created again. Plz understand that I cannot update every time. 
✔️가짜 계정은 삭제되었다가 또 생성되었다가 합니다. 매번마다 업뎃 보고 할 수 없는 점 양해해 주세요. 

#datingappscam #데이팅어플사기 #소개팅앱사기 #tinderscam #틴더사기 #외국인친구사귀기 
#인스타사기 #인스타사진도용 #사진도용 #인플루언서 #instascam #influencer
#romancescam #로맨스스캠 
#가상화폐사기 #물류통관사기 #페이크은행 #채팅환전사기 #페이크쇼핑몰
#fakebank #BTCscam #dropshipping
#돼지도살 #pig_butchering #杀猪盘 
#国際ロマンス詐欺 #国際恋愛詐欺 #なりすまし",,https://www.instagram.com/p/C8qd-waSlWY/,16,0
noting373,"✂ Fake account have to be deleted ASAP, so that there are no more victims. 
✂ If Real account reports one itself the fake deleted very quickly. Or only when many people report fake account can it be deleted. 
✂ 더 이상의 많은 피해자가 나오지 않도록, 가짜 계정은 가능한한 빨리 삭제되어야 합니다. 
✂ 실계정이 직접 신고하면 가짜는 더 빨리 삭제됩니다. 아니면 많은 분들이 가짜 계정을 신고해야만 합니다. 

🆔Real IG account : @shin_yeul

✍️Reports PLZ 
💀FAKE name : Chul

✔️Fake accounts are deleted and created again. Plz understand that I cannot update every time. 
✔️가짜 계정은 삭제되었다가 또 생성되었다가 합니다. 매번마다 업뎃 보고 할 수 없는 점 양해해 주세요. 

#datingappscam #데이팅어플사기 #소개팅앱사기 #틴더사기 #tinderscam 
#인스타사기 #인스타사진도용 #사진도용 #인플루언서 #instascam #influencer
#romancescam #로맨스스캠 
#암호화폐사기 #가상화폐사기 #물류통관사기 #페이크은행 #채팅환전사기 #fakebank #BTCscam #돼지도살
#돼지도살 #pig_butchering #杀猪盘 #诈骗
#国際ロマンス詐欺 #写真盗用 #国際恋愛詐欺 #偽アカウント #なりすまし",,https://www.instagram.com/p/C4ceo2-rFEx/,25,0
noting373,"✂ Fake account have to be deleted ASAP, so that there are no more victims. 
✂ If Real account reports one itself the fake deleted very quickly. Or only when many people report fake account can it be deleted. 
✂ 더 이상의 많은 피해자가 나오지 않도록, 가짜 계정은 가능한한 빨리 삭제되어야 합니다. 
✂ 실계정이 직접 신고하면 가짜는 더 빨리 삭제됩니다. 아니면 많은 분들이 가짜 계정을 신고해야만 합니다. 

🆔 Real IG account : @imhyoseop

✍ Reports PLZ 
☠ FAKE name : David king

✅ Fake accounts are deleted and created again. Plz understand that I cannot update every time. 
✅ 가짜 계정은 삭제되었다가 또 생성되었다가 합니다. 매번마다 업뎃 보고 할 수 없는 점 양해해 주세요.

#안효섭 #배우사칭 #배우사칭사기 
#datingappscam #데이팅어플사기 #소개팅앱사기 #탄탄사기 #tantanscam #외국인친구사귀기 
#인스타사기 #인스타사진도용 #사진도용 #인플루언서 #instascam #influencer
#romancescam #로맨스스캠 
#암호화폐사기 #가상화폐사기 #물류통관사기 #페이크은행 #채팅환전사기 #fakebank #BTCscam
#돼지도살 #pig_butchering #杀猪盘 #诈骗
#国際ロマンス詐欺 #写真盗用",,https://www.instagram.com/p/C3p6x4dSfj8/,25,0
noting373,"✂ Fake account have to be deleted ASAP, so that there are no more victims. 
✂ If Real account reports one itself the fake deleted very quickly. Or only when many people report fake account can it be deleted. 
✂ 더 이상의 많은 피해자가 나오지 않도록, 가짜 계정은 가능한한 빨리 삭제되어야 합니다. 
✂ 실계정이 직접 신고하면 가짜는 더 빨리 삭제됩니다. 아니면 많은 분들이 가짜 계정을 신고해야만 합니다. 

🆔Real IG account : kyusogi

✍️Reports PLZ 
💀FAKE name : #최민호
📵FAKE bank : Trac Amexa Bank

✔️Fake accounts are deleted and created again. Plz understand that I cannot update every time. 
✔️가짜 계정은 삭제되었다가 또 생성되었다가 합니다. 매번마다 업뎃 보고 할 수 없는 점 양해해 주세요. 
 
#datingappscam #데이팅어플사기 #소개팅앱사기 #틴더사기 #tinderscam
#인스타사기 #인스타사진도용 #사진도용 #인플루언서 #instascam #influencer
#romancescam #로맨스스캠 
#암호화폐사기 #가상화폐사기 #물류통관사기 #페이크은행 #채팅환전사기 #페이크쇼핑몰
#fakebank #BTCscam #dropshipping
#돼지도살 #pig_butchering #杀猪盘 #诈骗
#国際ロマンス詐欺 #国際恋愛詐欺 #なりすまし",,https://www.instagram.com/p/C8atykqSKy9/,29,0
noting373,"✂ Fake account have to be deleted ASAP, so that there are no more victims. 
✂ If Real account reports one itself the fake deleted very quickly. Or only when many people report fake account can it be deleted. 
✂ 더 이상의 많은 피해자가 나오지 않도록, 가짜 계정은 가능한한 빨리 삭제되어야 합니다. 
✂ 실계정이 직접 신고하면 가짜는 더 빨리 삭제됩니다. 아니면 많은 분들이 가짜 계정을 신고해야만 합니다. 

🆔 Real IG account : @doctordennislazo

✍ Reports PLZ 
☠ FAKE name : mark

✅ Fake accounts are deleted and created again. Plz understand that I cannot update every time. 
✅ 가짜 계정은 삭제되었다가 또 생성되었다가 합니다. 매번마다 업뎃 보고 할 수 없는 점 양해해 주세요. 

#doctorwho 
 #datingappscam #데이팅어플사기 #소개팅앱사기 #미프사기 #meeffscam 
#인스타사기 #인스타사진도용 #사진도용 #인플루언서 #instascam #influencer
#romancescam #로맨스스캠 
#암호화폐사기 #가상화폐사기 #물류통관사기 #페이크은행 #채팅환전사기 #fakebank #BTCscam
#돼지도살 #pig_butchering #杀猪盘 
#国際ロマンス詐欺 #国際恋愛詐欺 #偽アカウント #なりすまし
#realaccount  #fakeaccount",,https://www.instagram.com/p/C3T9_nzyHx_/,19,0
noting373,"✂ Fake account have to be deleted ASAP, so that there are no more victims. 
✂ If Real account reports one itself the fake deleted very quickly. Or only when many people report fake account can it be deleted. 
✂ 더 이상의 많은 피해자가 나오지 않도록, 가짜 계정은 가능한한 빨리 삭제되어야 합니다. 
✂ 실계정이 직접 신고하면 가짜는 더 빨리 삭제됩니다. 아니면 많은 분들이 가짜 계정을 신고해야만 합니다. 

📌She/He doesn’t have an IG & FB account. 
🆔 Real RED小红书 : 卓逸凡 EsRaining

✍ Reports PLZ 
☠ FAKE kakaotalk : kk558336
📵 FAKE Link : rotappn.com

✅ Fake accounts are deleted and created again. Plz understand that I cannot update every time. 
✅ 가짜 계정은 삭제되었다가 또 생성되었다가 합니다. 매번마다 업뎃 보고 할 수 없는 점 양해해 주세요. 

#RED #小红书 #샤오홍슈 #중국인스타 #chineseinsta
#datingappscam #데이팅어플사기 #heesay
#인스타사기 #인스타사진도용 #사진도용 #인플루언서 #instascam #influencer
#romancescam #로맨스스캠 
#암호화폐사기 #가상화폐사기 #물류통관사기 #페이크은행 #채팅환전사기 #fakebank #BTCscam
#돼지도살 #pig_butchering #杀猪盘 
#国際ロマンス詐欺 #国際恋愛詐欺 #偽アカウント #なりすまし",,https://www.instagram.com/p/C2lnr1HS0S-/,22,1
noting373,"✂ Fake account have to be deleted ASAP, so that there are no more victims. 
✂ If Real account reports one itself the fake deleted very quickly. Or only when many people report fake account can it be deleted. 
✂ 더 이상의 많은 피해자가 나오지 않도록, 가짜 계정은 가능한한 빨리 삭제되어야 합니다. 
✂ 실계정이 직접 신고하면 가짜는 더 빨리 삭제됩니다. 아니면 많은 분들이 가짜 계정을 신고해야만 합니다. 

🆔Real IG account : bakytbt

✍️Reports PLZ 
💀FAKE IG account : @alyomar__444
@cheunghangfu
@frankwong45798964
@hiltonsmith72
@jimmy.monday.528
📵FAKE Link : https://exarionfreight.com/,
https://brexenfinanceinc.com/

✔️Fake accounts are deleted and created again. Plz understand that I cannot update every time. 
✔️가짜 계정은 삭제되었다가 또 생성되었다가 합니다. 매번마다 업뎃 보고 할 수 없는 점 양해해 주세요. 

#datingappscam #데이팅어플사기 #소개팅앱사기 #인터팔사기 
#인스타사기 #인스타사진도용 #사진도용 #인플루언서 #instascam #influencer
#romancescam #로맨스스캠 
#암호화폐사기 #가상화폐사기 #물류통관사기 #페이크은행 #채팅환전사기 #페이크쇼핑몰
#fakebank #BTCscam #dropshipping
#돼지도살 #pig_butchering #杀猪盘 #诈骗
#国際ロマンス詐欺 #写真盗用 #国際恋愛詐欺 #偽アカウント #なりすまし",,https://www.instagram.com/p/C76smDoSVrq/,41,0
noting373,"✂ Fake account have to be deleted ASAP, so that there are no more victims. 
✂ If Real account reports one itself the fake deleted very quickly. Or only when many people report fake account can it be deleted. 
✂ 더 이상의 많은 피해자가 나오지 않도록, 가짜 계정은 가능한한 빨리 삭제되어야 합니다. 
✂ 실계정이 직접 신고하면 가짜는 더 빨리 삭제됩니다. 아니면 많은 분들이 가짜 계정을 신고해야만 합니다. 

🆔Real IG account : @sn_h0

✍️Reports PLZ 
💀FAKE IG account : @yeong_beomseok
@sn__h0 @sn_h0q @sn_h0_ @sn___h0

✔️Fake accounts are deleted and created again. Plz understand that I cannot update every time. 
✔️가짜 계정은 삭제되었다가 또 생성되었다가 합니다. 매번마다 업뎃 보고 할 수 없는 점 양해해 주세요. 

#datingappscam #데이팅어플사기 #소개팅앱사기 
#페이스북사기 #facebookscam 
#인스타사기 #인스타사진도용 #사진도용 #인플루언서 #instascam #influencer
#romancescam #로맨스스캠 
#암호화폐사기 #가상화폐사기 #물류통관사기 #페이크은행 #채팅환전사기 #쇼핑몰사기 #페이크쇼핑몰
#fakebank #BTCscam #dropshipping
#돼지도살 #pig_butchering #杀猪盘 #诈骗
#国際ロマンス詐欺 #国際恋愛詐欺 #なりすまし",,https://www.instagram.com/p/C__-8L0TK8L/,20,0
noting373,"✂ Fake account have to be deleted ASAP, so that there are no more victims. 
✂ If Real account reports one itself the fake deleted very quickly. Or only when many people report fake account can it be deleted. 
✂ 더 이상의 많은 피해자가 나오지 않도록, 가짜 계정은 가능한한 빨리 삭제되어야 합니다. 
✂ 실계정이 직접 신고하면 가짜는 더 빨리 삭제됩니다. 아니면 많은 분들이 가짜 계정을 신고해야만 합니다. 

🆔 Real RED小红书 : 航线君 / hxj888

✍ Reports PLZ 
☠ FAKE IG account : @joannaxi680
@fafa_168168
@hangxianjun
📵 FAKE name : 杨辰 양첸

✅ Fake accounts are deleted and created again. Plz understand that I cannot update every time. 
✅ 가짜 계정은 삭제되었다가 또 생성되었다가 합니다. 매번마다 업뎃 보고 할 수 없는 점 양해해 주세요.

#小红书 #샤오홍슈 #중국인스타 #chineseinsta
#datingappscam #데이팅어플사기 #소개팅앱사기 #미프사기 #meeffscam
#인스타사기 #인스타사진도용 #사진도용 #인플루언서 #instascam #influencer
#romancescam #로맨스스캠 
#암호화폐사기 #가상화폐사기 #물류통관사기 #페이크은행 #채팅환전사기 #fakebank 
#돼지도살 #pig_butchering #杀猪盘 
#国際ロマンス詐欺 #国際恋愛詐欺 #偽アカウント #なりすまし",,https://www.instagram.com/p/C3amn-mydxa/,23,0
noting373,"✂ Fake account have to be deleted ASAP, so that there are no more victims. 
✂ If Real account reports one itself the fake deleted very quickly. Or only when many people report fake account can it be deleted. 
✂ 더 이상의 많은 피해자가 나오지 않도록, 가짜 계정은 가능한한 빨리 삭제되어야 합니다. 
✂ 실계정이 직접 신고하면 가짜는 더 빨리 삭제됩니다. 아니면 많은 분들이 가짜 계정을 신고해야만 합니다. 

🆔 Real IG account : @ginhai

✍ Reports PLZ 
☠ FAKE IG account : @arseniolymanzhang
@andu.ng001
@linjunkun3 @linhao409
@ning_hao375
@хр1314520хр
📵 FAKE name : Jerrel Savero
📵 FAKE phone : +6282240030542
📵 FAKE dating apps : #Bumble

✅ Fake accounts are deleted and created again. Plz understand that I cannot update every time. 
✅ 가짜 계정은 삭제되었다가 또 생성되었다가 합니다. 매번마다 업뎃 보고 할 수 없는 점 양해해 주세요. 

#datingappscam #데이팅어플사기 #소개팅앱사기 
#인스타사기 #인스타사진도용 #사진도용 #인플루언서 #instascam #influencer
#romancescam #로맨스스캠 
#암호화폐사기 #가상화폐사기 #물류통관사기 #페이크은행 #채팅환전사기 #fakebank #BTCscam
#돼지도살 #pig_butchering #杀猪盘 #诈骗
#国際ロマンス詐欺 #写真盗用 #国際恋愛詐欺 #偽アカウント #なりすまし
#realaccount  #fakeaccount",,https://www.instagram.com/p/C2szHHKSWcY/,29,0
punitsharma01,"🚨 Dating Scam Alert 🚨
Don't become Pappu, stay safe from banarji and kejriwal !😂
A charming date can become a disaster! Don't get fooled!

Stay vigilant. Stay safe!

#datingscam
#scamalert 
#scameawareness 
#scam 
#dating 
#love 
#protectyourself 
#fraudalert 
#fraudawareness 
#onlinesafety
#datingappscam
#awarenessreel
#digitalsecurity
#staysafeonline 
#stayalert 
#scamprevention",,https://www.instagram.com/p/C_3dYtcSUzf/,19,5
noting373,"✂ Fake account have to be deleted ASAP, so that there are no more victims. 
✂ If Real account reports one itself the fake deleted very quickly. Or only when many people report fake account can it be deleted. 
✂ 더 이상의 많은 피해자가 나오지 않도록, 가짜 계정은 가능한한 빨리 삭제되어야 합니다. 
✂ 실계정이 직접 신고하면 가짜는 더 빨리 삭제됩니다. 아니면 많은 분들이 가짜 계정을 신고해야만 합니다. 

🆔 Real IG account : @officialpetermarcjacobson

✍ Reports PLZ 
☠ FAKE IG account : @fred_hardwic
📵 FAKE name : Martin Kelvin

✅ Fake accounts are deleted and created again. Plz understand that I cannot update every time. 
✅ 가짜 계정은 삭제되었다가 또 생성되었다가 합니다. 매번마다 업뎃 보고 할 수 없는 점 양해해 주세요. 

#datingappscam #데이팅어플사기 #소개팅앱사기 #미프사기 #meeffscam #외국인친구사귀기
#인스타사기 #인스타사진도용 #사진도용 #instascam
#romancescam #로맨스스캠 
#암호화폐사기 #가상화폐사기 #물류통관사기 #페이크은행 #채팅환전사기
#돼지도살 #pig_butchering #杀猪盘 
#国際ロマンス詐欺 #国際恋愛詐欺 #偽アカウント #なりすまし
#realaccount  #fakeaccount #Nigerianscam #instagramscammers #fakebank #BTCscam",,https://www.instagram.com/p/C09E4hoSS5j/,24,1
noting373,"✂ Fake account have to be deleted ASAP, so that there are no more victims. 
✂ If Real account reports one itself the fake deleted very quickly. Or only when many people report fake account can it be deleted. 
✂ 더 이상의 많은 피해자가 나오지 않도록, 가짜 계정은 가능한한 빨리 삭제되어야 합니다. 
✂ 실계정이 직접 신고하면 가짜는 더 빨리 삭제됩니다. 아니면 많은 분들이 가짜 계정을 신고해야만 합니다. 

🆔 Real IG account : @shin_yeul

✍ Reports PLZ 
☠ FAKE kakaotalk : BC010
📵 FAKE name : Chul Kim 

✅ Fake accounts are deleted and created again. Plz understand that I cannot update every time. 
✅ 가짜 계정은 삭제되었다가 또 생성되었다가 합니다. 매번마다 업뎃 보고 할 수 없는 점 양해해 주세요.

 #datingappscam #데이팅어플사기 #소개팅앱사기 #틴더사기 #tinderscam #언어교환어플사기 
#인스타사기 #인스타사진도용 #사진도용 #인플루언서 #instascam #influencer
#romancescam #로맨스스캠 
#암호화폐사기 #가상화폐사기 #물류통관사기 #페이크은행 #채팅환전사기 #fakebank #BTCscam #돼지도살
#돼지도살 #pig_butchering #杀猪盘 #诈骗
#国際ロマンス詐欺 #写真盗用 #国際恋愛詐欺 #偽アカウント #なりすまし",,https://www.instagram.com/p/C4C5UNlrY6n/,20,0
noting373,"✂ Fake account have to be deleted ASAP, so that there are no more victims. 
✂ If Real account reports one itself the fake deleted very quickly. Or only when many people report fake account can it be deleted. 
✂ 더 이상의 많은 피해자가 나오지 않도록, 가짜 계정은 가능한한 빨리 삭제되어야 합니다. 
✂ 실계정이 직접 신고하면 가짜는 더 빨리 삭제됩니다. 아니면 많은 분들이 가짜 계정을 신고해야만 합니다. 

🆔 Real IG account : @poweiwong

✍ Reports PLZ 
☠ FAKE name : Vincent Wong

✅ Fake accounts are deleted and created again. Plz understand that I cannot update every time. 
✅ 가짜 계정은 삭제되었다가 또 생성되었다가 합니다. 매번마다 업뎃 보고 할 수 없는 점 양해해 주세요. 

#파일럿 #pilot 
#datingappscam #데이팅어플사기 #소개팅앱사기 #미프사기 #meeffscam #외국인친구사귀기 
#romancescam #로맨스스캠 
#암호화폐사기 #가상화폐사기 #물류통관사기 #페이크은행 #채팅환전사기
#인스타사기 #인스타사진도용 #사진도용 #instascam
#돼지도살 #pig_butchering #杀猪盘 
#国際ロマンス詐欺 #国際恋愛詐欺 #偽アカウント #なりすまし
#realaccount  #fakeaccount #Nigerianscam #instagramscammers",,https://www.instagram.com/p/CztlgPmSLmr/,21,0
noting373,"✂ Fake account have to be deleted ASAP, so that there are no more victims. 
✂ If Real account reports one itself the fake deleted very quickly. Or only when many people report fake account can it be deleted. 
✂ 더 이상의 많은 피해자가 나오지 않도록, 가짜 계정은 가능한한 빨리 삭제되어야 합니다. 
✂ 실계정이 직접 신고하면 가짜는 더 빨리 삭제됩니다. 아니면 많은 분들이 가짜 계정을 신고해야만 합니다. 

🆔 Real IG account : @kimyuchan_

✍ Reports PLZ 
☠ lFAKE Link : #sudatalk / http://www.sudatalk.com

✅ Fake accounts are deleted and created again. Plz understand that I cannot update every time. 
✅ 가짜 계정은 삭제되었다가 또 생성되었다가 합니다. 매번마다 업뎃 보고 할 수 없는 점 양해해 주세요. 

#데이팅어플사기 #소개팅앱사기 #수다 #datingappscam #동네친구 
#romancescam #로맨스스캠 
#암호화폐사기 #가상화폐사기 #물류통관사기 #페이크은행 #채팅환전사기
#인스타사기 #인스타사진도용 #사진도용
#돼지도살 #pig_butchering #杀猪盘 #诈骗
#国際ロマンス詐欺 #写真盗用 #国際恋愛詐欺 #偽アカウント #なりすまし
#realaccount  #fakeaccount #fakebank 
#cryptocurrency_exchange #currency_exchange_scam",,https://www.instagram.com/p/CzasJM3LUjR/,29,0
noting373,"✂ Fake account have to be deleted ASAP, so that there are no more victims. 
✂ If Real account reports one itself the fake deleted very quickly. Or only when many people report fake account can it be deleted. 
✂ 더 이상의 많은 피해자가 나오지 않도록, 가짜 계정은 가능한한 빨리 삭제되어야 합니다. 
✂ 실계정이 직접 신고하면 가짜는 더 빨리 삭제됩니다. 아니면 많은 분들이 가짜 계정을 신고해야만 합니다. 

🆔Real Facebook account : Leo Tramontin

✍️Reports PLZ 
💀FAKE IG account :  @leo_tramontin @leo_tramontin1 @leo19279tramontin
@leotramontin12 leotramontin126
📵FAKE name : Mateo Elio
📵FAKE phone : +639608205578
📵FAKE e-mail : eliom9310@gmail.com
📵FAKE Link :  Globalpostservice@email.com

✔️Fake accounts are deleted and created again. Plz understand that I cannot update every time. 
✔️가짜 계정은 삭제되었다가 또 생성되었다가 합니다. 매번마다 업뎃 보고 할 수 없는 점 양해해 주세요. 

#datingappscam #데이팅어플사기 #소개팅앱사기 #케이프렌즈 #외국인친구사귀기 
#인스타사기 #인스타사진도용 #사진도용 #인플루언서 #instascam #influencer
#romancescam #로맨스스캠 
#암호화폐사기 #가상화폐사기 #물류통관사기 #페이크은행 #채팅환전사기 #페이크쇼핑몰
#fakebank #BTCscam #dropshipping
#돼지도살 #pig_butchering #杀猪盘 #诈骗
#国際ロマンス詐欺 #国際恋愛詐欺 #なりすまし",,https://www.instagram.com/p/C9O6nSKSLwt/,13,0
noting373,"✂ Fake account have to be deleted ASAP, so that there are no more victims. 
✂ If Real account reports one itself the fake deleted very quickly. Or only when many people report fake account can it be deleted. 
✂ 더 이상의 많은 피해자가 나오지 않도록, 가짜 계정은 가능한한 빨리 삭제되어야 합니다. 
✂ 실계정이 직접 신고하면 가짜는 더 빨리 삭제됩니다. 아니면 많은 분들이 가짜 계정을 신고해야만 합니다. 

🆔 Real IG account : paulo_coltro

✍ Reports PLZ 
☠ FAKE name : #Nelson

✅ Fake accounts are deleted and created again. Plz understand that I cannot update every time. 
✅ 가짜 계정은 삭제되었다가 또 생성되었다가 합니다. 매번마다 업뎃 보고 할 수 없는 점 양해해 주세요. 

#datingappscam #데이팅어플사기 #소개팅앱사기 #탄뎀사기 #tandemscam #외국인친구사귀기 
#인스타사기 #인스타사진도용 #사진도용 #instascam
#romancescam #로맨스스캠 
#암호화폐사기 #가상화폐사기 #물류통관사기 #페이크은행 #채팅환전사기
#돼지도살 #pig_butchering #杀猪盘 
#国際ロマンス詐欺 #国際恋愛詐欺 #なりすまし
#realaccount  #fakeaccount #Nigerianscam #instagramscammers #fakebank #BTCscam",,https://www.instagram.com/p/C0G4a3jruci/,23,0
noting373,"✂ Fake account have to be deleted ASAP, so that there are no more victims. 
✂ If Real account reports one itself the fake deleted very quickly. Or only when many people report fake account can it be deleted. 
✂ 더 이상의 많은 피해자가 나오지 않도록, 가짜 계정은 가능한한 빨리 삭제되어야 합니다. 
✂ 실계정이 직접 신고하면 가짜는 더 빨리 삭제됩니다. 아니면 많은 분들이 가짜 계정을 신고해야만 합니다. 

🆔 Real IG account : @doctor_huangck

✍ Reports PLZ 
☠ FAKE IG account : @chihkun_huang2004
@dr_ckhaung
@huang_kun_chih @huangkunchih @huangkunchih39
@margaretspecial1155
📵 FAKE name : c-k huang

✅ Fake accounts are deleted and created again. Plz understand that I cannot update every time. 
✅ 가짜 계정은 삭제되었다가 또 생성되었다가 합니다. 매번마다 업뎃 보고 할 수 없는 점 양해해 주세요. 
✉✌report tip :  IG @noting373 

#datingappscam #데이팅어플사기 #소개팅앱사기 #미프사기 #meeffscam #외국인친구사귀기
#romancescam #로맨스스캠 
#암호화폐사기 #가상화폐사기 #물류통관사기 #페이크은행 
#인스타사기 #인스타사진도용 #사진도용 #instascam
#돼지도살 #pig_butchering #杀猪盘 #诈骗
#国際ロマンス詐欺 #写真盗用 #国際恋愛詐欺 #偽アカウント #なりすまし
#realaccount  #fakeaccount #Nigerianscam #instagramscammers #fakebank",,https://www.instagram.com/p/Czq6_cGyuV_/,20,1
noting373,"✂ Fake account have to be deleted ASAP, so that there are no more victims. 
✂ If Real account reports one itself the fake deleted very quickly. Or only when many people report fake account can it be deleted. 
✂ 더 이상의 많은 피해자가 나오지 않도록, 가짜 계정은 가능한한 빨리 삭제되어야 합니다. 
✂ 실계정이 직접 신고하면 가짜는 더 빨리 삭제됩니다. 아니면 많은 분들이 가짜 계정을 신고해야만 합니다. 

🆔 Real IG account : @andreiweb

✍ Reports PLZ 
☠ FAKE name : #폴대니

✅ Fake accounts are deleted and created again. Plz understand that I cannot update every time. 
✅ 가짜 계정은 삭제되었다가 또 생성되었다가 합니다. 매번마다 업뎃 보고 할 수 없는 점 양해해 주세요. 

#데이팅어플사기 #소개팅앱사기 #미프 #미프사기 #meeff #meeffscam #datingappscam #외국인친구사귀기 #외국인친구
#romancescam #로맨스스캠 #암호화폐사기 
#인스타사기 #인스타사진도용 
#돼지도살 #pig_butchering #杀猪盘 #诈骗
#国際ロマンス詐欺 #写真盗用 #国際恋愛詐欺 #偽アカウント #なりすまし
#realaccount  #fakeaccount #instagramscammers #fakebank 
#cryptocurrency_exchange #currency_exchange_scam",,https://www.instagram.com/p/CxwiyEWy4Lx/,18,0
noting373,"✂ Fake account have to be deleted ASAP, so that there are no more victims. 
✂ If Real account reports one itself the fake deleted very quickly. Or only when many people report fake account can it be deleted. 
✂ 더 이상의 많은 피해자가 나오지 않도록, 가짜 계정은 가능한한 빨리 삭제되어야 합니다. 
✂ 실계정이 직접 신고하면 가짜는 더 빨리 삭제됩니다. 아니면 많은 분들이 가짜 계정을 신고해야만 합니다. 

🆔Real IG account : eatgnuyhmik

✍️Reports PLZ 
💀FAKE name : #이도현 #James

✔️Fake accounts are deleted and created again. Plz understand that I cannot update every time. 
✔️가짜 계정은 삭제되었다가 또 생성되었다가 합니다. 매번마다 업뎃 보고 할 수 없는 점 양해해 주세요. 

#datingappscam #데이팅어플사기 #소개팅앱사기 #미프사기 #meeffscam #외국인친구사귀기 
#호주광산 #보석학자 
#인스타사기 #인스타사진도용 #사진도용 #인플루언서 #instascam #influencer
#romancescam #로맨스스캠 
#암호화폐사기 #가상화폐사기 #물류통관사기 #페이크은행 #채팅환전사기 #페이크쇼핑몰
#돼지도살 #pig_butchering #杀猪盘 #诈骗
#国際ロマンス詐欺 #国際恋愛詐欺",,https://www.instagram.com/p/C-J7QGRSU4H/,25,0
noting373,"✂ Fake account have to be deleted ASAP, so that there are no more victims. 
✂ If Real account reports one itself the fake deleted very quickly. Or only when many people report fake account can it be deleted. 
✂ 더 이상의 많은 피해자가 나오지 않도록, 가짜 계정은 가능한한 빨리 삭제되어야 합니다. 
✂ 실계정이 직접 신고하면 가짜는 더 빨리 삭제됩니다. 아니면 많은 분들이 가짜 계정을 신고해야만 합니다. 

🆔 Real IG account : @wonne0713

✍ Reports PLZ 
☠ FAKE name : #윤소라

✅ Fake accounts are deleted and created again. Plz understand that I cannot update every time. 
✅ 가짜 계정은 삭제되었다가 또 생성되었다가 합니다. 매번마다 업뎃 보고 할 수 없는 점 양해해 주세요. 

#데이팅어플사기 #소개팅앱사기 #돛단배#datingapp #datingappscam
#여배우사칭 #수애 #문화상품권 #기프티콘사기
#asiangirl #koreangirl
#romancescam #로맨스스캠 #암호화폐사기 
#인스타사기 #인스타사진도용 
#돼지도살 #pig_butchering #杀猪盘 #诈骗
#国際ロマンス詐欺 #写真盗用 #国際恋愛詐欺 #偽アカウント #なりすまし
#realaccount  #fakeaccount #instagramscammers #fakebank",,https://www.instagram.com/p/Cxo3z9vy66t/,22,0
noting373,"✂ Fake account have to be deleted ASAP, so that there are no more victims. 
✂ If Real account reports one itself the fake deleted very quickly. Or only when many people report fake account can it be deleted. 
✂ 더 이상의 많은 피해자가 나오지 않도록, 가짜 계정은 가능한한 빨리 삭제되어야 합니다. 
✂ 실계정이 직접 신고하면 가짜는 더 빨리 삭제됩니다. 아니면 많은 분들이 가짜 계정을 신고해야만 합니다. 

🆔 Real IG account : @josecuevas_agent

✍ Reports PLZ 
☠ FAKE name : Alexander Hamilton

✅ Fake accounts are deleted and created again. Plz understand that I cannot update every time. 
✅ 가짜 계정은 삭제되었다가 또 생성되었다가 합니다. 매번마다 업뎃 보고 할 수 없는 점 양해해 주세요. 

#datingappscam #데이팅어플사기 #소개팅앱사기 #탄뎀사기 #tandemscam 
#인스타사기 #인스타사진도용 #사진도용 #인플루언서 #instascam #influencer
#romancescam #로맨스스캠 
#암호화폐사기 #가상화폐사기 #물류통관사기 #페이크은행 #채팅환전사기 #fakebank #BTCscam
#돼지도살 #pig_butchering #杀猪盘 #诈骗
#国際ロマンス詐欺 #国際恋愛詐欺 #偽アカウント #なりすまし
#realaccount  #fakeaccount",,https://www.instagram.com/p/C3as2s3SkHv/,21,0
noting373,"✂ Fake account have to be deleted ASAP, so that there are no more victims. 
✂ If Real account reports one itself the fake deleted very quickly. Or only when many people report fake account can it be deleted. 
✂ 더 이상의 많은 피해자가 나오지 않도록, 가짜 계정은 가능한한 빨리 삭제되어야 합니다. 
✂ 실계정이 직접 신고하면 가짜는 더 빨리 삭제됩니다. 아니면 많은 분들이 가짜 계정을 신고해야만 합니다. 

🆔 Real IG account : @drandrewordon

✍ Reports PLZ 
☠ FAKE name : Bruce David

✅ Fake accounts are deleted and created again. Plz understand that I cannot update every time. 
✅ 가짜 계정은 삭제되었다가 또 생성되었다가 합니다. 매번마다 업뎃 보고 할 수 없는 점 양해해 주세요. 

#의사사칭 #doctorwho
#datingappscam #데이팅어플사기 #미프사기 #meeffscam #외국인친구사귀기 
#romancescam #로맨스스캠 
#암호화폐사기 #가상화폐사기 #물류통관사기 #페이크은행 
#인스타사기 #인스타사진도용 #사진도용 #instascam
#돼지도살 #pig_butchering #杀猪盘 
#国際ロマンス詐欺 #写真盗用 #国際恋愛詐欺 #偽アカウント #なりすまし
#realaccount  #fakeaccount #Nigerianscam #instagramscammers #fakebank",,https://www.instagram.com/p/CztoRqlSGmY/,14,0
noting373,"✂ Fake account have to be deleted ASAP, so that there are no more victims. 
✂ If Real account reports one itself the fake deleted very quickly. Or only when many people report fake account can it be deleted. 
✂ 더 이상의 많은 피해자가 나오지 않도록, 가짜 계정은 가능한한 빨리 삭제되어야 합니다. 
✂ 실계정이 직접 신고하면 가짜는 더 빨리 삭제됩니다. 아니면 많은 분들이 가짜 계정을 신고해야만 합니다. 

🆔 Real 微博 weibo : 李小姐爱拍照 

✍ Reports PLZ 
☠ FAKE name : Taylor

✅ Fake accounts are deleted and created again. Plz understand that I cannot update every time. 
✅ 가짜 계정은 삭제되었다가 또 생성되었다가 합니다. 매번마다 업뎃 보고 할 수 없는 점 양해해 주세요. 

#微博 #weibo 
#datingappscam #데이팅어플사기 #소개팅앱사기 #미프사기 #meeffscam 
#인스타사기 #인스타사진도용 #사진도용 #instascam
#romancescam #로맨스스캠 
#암호화폐사기 #가상화폐사기 #물류통관사기 #페이크은행 #채팅환전사기
#돼지도살 #pig_butchering #杀猪盘 
#国際ロマンス詐欺 #国際恋愛詐欺 #偽アカウント #なりすまし
#realaccount  #fakeaccount #instagramscammers #fakebank #BTCscam",,https://www.instagram.com/p/C1hhB8CyEqj/,15,1
noting373,"✂ Fake account have to be deleted ASAP, so that there are no more victims. 
✂ If Real account reports one itself the fake deleted very quickly. Or only when many people report fake account can it be deleted. 
✂ 더 이상의 많은 피해자가 나오지 않도록, 가짜 계정은 가능한한 빨리 삭제되어야 합니다. 
✂ 실계정이 직접 신고하면 가짜는 더 빨리 삭제됩니다. 아니면 많은 분들이 가짜 계정을 신고해야만 합니다. 

🆔Real IG account : @drlesliekim

✍️Reports PLZ 
💀FAKE IG account :  @dr_leslie_kimmia
@kim_mia32
@lesliekimmia34
miakim607 @miag28731 @mia777_kim

✔️Fake accounts are deleted and created again. Plz understand that I cannot update every time. 
✔️가짜 계정은 삭제되었다가 또 생성되었다가 합니다. 매번마다 업뎃 보고 할 수 없는 점 양해해 주세요. 

#datingappscam #데이팅어플사기 #소개팅앱사기 #tinderscam #틴더사기
#인스타사기 #인스타사진도용 #사진도용 #인플루언서 #instascam #influencer
#romancescam #로맨스스캠 
#암호화폐사기 #가상화폐사기 #물류통관사기 #페이크은행 #채팅환전사기 #페이크쇼핑몰
#fakebank #BTCscam #dropshipping
#돼지도살 #pig_butchering #杀猪盘 #诈骗
#国際ロマンス詐欺 #国際恋愛詐欺 #なりすまし",,https://www.instagram.com/p/C9zfVgbyd-y/,20,0
noting373,"✂ Fake account have to be deleted ASAP, so that there are no more victims. 
✂ If Real account reports one itself the fake deleted very quickly. Or only when many people report fake account can it be deleted. 
✂ 더 이상의 많은 피해자가 나오지 않도록, 가짜 계정은 가능한한 빨리 삭제되어야 합니다. 
✂ 실계정이 직접 신고하면 가짜는 더 빨리 삭제됩니다. 아니면 많은 분들이 가짜 계정을 신고해야만 합니다. 

🆔 Real IG account : wannabin_fl @silhouette__.1

✍ Reports PLZ 
☠ FAKE kakaotalk : 
📵 FAKE name : 김예진 / 예진이
📵 FAKE Link : picetalk / http://picetalk9.com/

✅ Fake accounts are deleted and created again. Plz understand that I cannot update every time. 
✅ 가짜 계정은 삭제되었다가 또 생성되었다가 합니다. 매번마다 업뎃 보고 할 수 없는 점 양해해 주세요. 

#datingappscam #데이팅어플사기 #소개팅앱사기 #랜섬채팅어플 #수다 #수다사기 
#인스타사기 #인스타사진도용 #사진도용 #instascam
#romancescam #로맨스스캠 
#암호화폐사기 #가상화폐사기 #물류통관사기 #페이크은행 #채팅환전사기
#돼지도살 #pig_butchering #杀猪盘 
#国際ロマンス詐欺 #写真盗用 #国際恋愛詐欺 #偽アカウント #なりすまし
#realaccount  #fakeaccount #instagramscammers #fakebank #BTCscam",,https://www.instagram.com/p/C1qp5FYrzfF/,16,0
noting373,"✂ Fake account have to be deleted ASAP, so that there are no more victims. 
✂ If Real account reports one itself the fake deleted very quickly. Or only when many people report fake account can it be deleted. 
✂ 더 이상의 많은 피해자가 나오지 않도록, 가짜 계정은 가능한한 빨리 삭제되어야 합니다. 
✂ 실계정이 직접 신고하면 가짜는 더 빨리 삭제됩니다. 아니면 많은 분들이 가짜 계정을 신고해야만 합니다. 

🆔 Real IG account : @nickichappers

✍ Reports PLZ 
☠ FAKE name : Ashley Flynn

✅ Fake accounts are deleted and created again. Plz understand that I cannot update every time. 
✅ 가짜 계정은 삭제되었다가 또 생성되었다가 합니다. 매번마다 업뎃 보고 할 수 없는 점 양해해 주세요. 

#데이팅어플사기 #소개팅앱사기 #datingappscam #외국인친구사귀기 
#romancescam #로맨스스캠 
#암호화폐사기 #가상화폐사기 #물류통관사기 #페이크은행 #채팅환전사기
#인스타사기 #인스타사진도용 #사진도용
#돼지도살 #pig_butchering #杀猪盘 #诈骗
#国際ロマンス詐欺 #写真盗用 #国際恋愛詐欺 #偽アカウント #なりすまし
#realaccount  #fakeaccount #Nigerianscam #instagramscammers #fakebank 
#cryptocurrency_exchange #BTCscam",,https://www.instagram.com/p/CzlR-EgrL1O/,14,0
noting373,"✂ Fake account have to be deleted ASAP, so that there are no more victims. 
✂ If Real account reports one itself the fake deleted very quickly. Or only when many people report fake account can it be deleted. 
✂ 더 이상의 많은 피해자가 나오지 않도록, 가짜 계정은 가능한한 빨리 삭제되어야 합니다. 
✂ 실계정이 직접 신고하면 가짜는 더 빨리 삭제됩니다. 아니면 많은 분들이 가짜 계정을 신고해야만 합니다. 

📌Real name :  JONATHAN E. MARSH
🆔Real Twitter account : @jonathanEmarsh

✍️Reports PLZ 
💀FAKE name : #Wilsonmarshy #jonathanmarsh #jonathanemarsh

✔️Fake accounts are deleted and created again. Plz understand that I cannot update every time. 
✔️가짜 계정은 삭제되었다가 또 생성되었다가 합니다. 매번마다 업뎃 보고 할 수 없는 점 양해해 주세요. 

#datingappscam #데이팅어플사기 #소개팅앱사기 #미프사기 #meeffscam #외국인친구사귀기 #미군 #usarmy
#사진도용 #인플루언서 #instascam #influencer
#romancescam #로맨스스캠 
#암호화폐사기 #가상화폐사기 #물류통관사기 #페이크은행 #채팅환전사기 #쇼핑몰사기 #페이크쇼핑몰
#fakebank #BTCscam #dropshipping
#国際ロマンス詐欺 #国際恋愛詐欺",,https://www.instagram.com/p/DAyFy3qTFg7/,18,0
noting373,"✂ Fake account have to be deleted ASAP, so that there are no more victims. 
✂ If Real account reports one itself the fake deleted very quickly. Or only when many people report fake account can it be deleted. 
✂ 더 이상의 많은 피해자가 나오지 않도록, 가짜 계정은 가능한한 빨리 삭제되어야 합니다. 
✂ 실계정이 직접 신고하면 가짜는 더 빨리 삭제됩니다. 아니면 많은 분들이 가짜 계정을 신고해야만 합니다. 

🆔 Real RED小红书 : 金善慧 Keina

✔️Fake accounts are deleted and created again. Plz understand that I cannot update every time. 
✔️가짜 계정은 삭제되었다가 또 생성되었다가 합니다. 매번마다 업뎃 보고 할 수 없는 점 양해해 주세요. 

#RED #小红书 #샤오홍슈 #중국인스타 #chineseinsta
#datingappscam #데이팅어플사기 #소개팅앱사기 #틴더사기 #tinderscam 
#인스타사기 #인스타사진도용 #사진도용 #인플루언서 #instascam #influencer
#romancescam #로맨스스캠 
#암호화폐사기 #가상화폐사기 #BTCscam #돼지도살
#돼지도살 #pig_butchering #杀猪盘 #诈骗
#国際ロマンス詐欺 #写真盗用 #国際恋愛詐欺 #偽アカウント #なりすまし",,https://www.instagram.com/p/C5m8wGbLdOL/,17,0
daytradertelugu,"🤬Dating App Girls SCAM

#datingapp #dating #girlsscam #onlinedating #datingadvice  #tinder #datingmemes #relationships #scam #datingappscam #hotalscam #restaurant #food #foodie #foodporn #daytradertelugushorts #daytradertelugu #shorts",,https://www.instagram.com/p/C0idaBJPtcA/,7657,59
deepikanarayanbhardwaj,"UPDATE : Godfather Club Andheri West is closed since 2 days

ZERO SCAMS HERE SINCE OUR EXPOSE 

Hope @mumbaipolice will nab the scammers 

Special thanks to @middayindia and their senior journalists for being such a great support on this project 

#DatingAppScam #Godfather",,https://www.instagram.com/p/C_GqLVoN5C8/,20728,387
noting373,"✂ Fake account have to be deleted ASAP, so that there are no more victims. 
✂ If Real account reports one itself the fake deleted very quickly. Or only when many people report fake account can it be deleted. 
✂ 더 이상의 많은 피해자가 나오지 않도록, 가짜 계정은 가능한한 빨리 삭제되어야 합니다. 
✂ 실계정이 직접 신고하면 가짜는 더 빨리 삭제됩니다. 아니면 많은 분들이 가짜 계정을 신고해야만 합니다. 

🆔 Real RED小红书 : 阿刺Bobo

✍️Reports PLZ 
💀FAKE Link : Argos / https://shop.amazonvip.me/

✔️Fake accounts are deleted and created again. Plz understand that I cannot update every time. 
✔️가짜 계정은 삭제되었다가 또 생성되었다가 합니다. 매번마다 업뎃 보고 할 수 없는 점 양해해 주세요. 

#小红书 #샤오홍슈 #중국인스타 #chineseinsta
#datingappscam #데이팅어플사기 #소개팅앱사기 #정오의데이트 
#인스타사기 #인스타사진도용 #사진도용 #인플루언서 #instascam #influencer
#romancescam #로맨스스캠 
#암호화폐사기 #가상화폐사기 #물류통관사기 #페이크은행 #채팅환전사기 #fakebank #BTCscam #돼지도살
#돼지도살 #pig_butchering #杀猪盘 #诈骗
#国際ロマンス詐欺 #国際恋愛詐欺 #なりすまし",,https://www.instagram.com/p/C4pkzQxrQQC/,24,0
middayhindi,"डेटिंग ऐप घोटाले में गिरफ्तार 6 आरोपी न्यायिक हिरासत में, पीड़ितों के बयान दर्ज

To know more - log onto hindimidday.com

#middaynews #middayhindi #mumbai 
#DatingAppScam #AccusedArrested #JudicialCustody #VictimStatements #MumbaiNews #FraudCase #ScamInvestigation #CriminalJustice #AppFraud #MumbaiUpdates",,https://www.instagram.com/p/C_uyuzPISOg/,0,0
noting373,"✂ Fake account have to be deleted ASAP, so that there are no more victims. 
✂ If Real account reports one itself the fake deleted very quickly. Or only when many people report fake account can it be deleted. 
✂ 더 이상의 많은 피해자가 나오지 않도록, 가짜 계정은 가능한한 빨리 삭제되어야 합니다. 
✂ 실계정이 직접 신고하면 가짜는 더 빨리 삭제됩니다. 아니면 많은 분들이 가짜 계정을 신고해야만 합니다. 

🆔 Real IG account : @phillcarpenter_

✍ Reports PLZ 
☠ FAKE name : Johnson

✅ Fake accounts are deleted and created again. Plz understand that I cannot update every time. 
✅ 가짜 계정은 삭제되었다가 또 생성되었다가 합니다. 매번마다 업뎃 보고 할 수 없는 점 양해해 주세요. 

#언어교환앱 #하이로컬 #hilokal #무료외국어
#datingappscam #데이팅어플사기 #외국인친구사귀기 
#인스타사기 #인스타사진도용 #사진도용 #instascam
#romancescam #로맨스스캠 
#가상화폐사기 #물류통관사기 #페이크은행 #채팅환전사기
#돼지도살 #pig_butchering #杀猪盘 
#国際ロマンス詐欺 #国際恋愛詐欺 #偽アカウント #なりすまし
#realaccount  #fakeaccount #Nigerianscam #instagramscammers #fakebank #BTCscam",,https://www.instagram.com/p/C1WStjlrs3P/,17,0
noting373,"✂ Fake account have to be deleted ASAP, so that there are no more victims. 
✂ If Real account reports one itself the fake deleted very quickly. Or only when many people report fake account can it be deleted. 
✂ 더 이상의 많은 피해자가 나오지 않도록, 가짜 계정은 가능한한 빨리 삭제되어야 합니다. 
✂ 실계정이 직접 신고하면 가짜는 더 빨리 삭제됩니다. 아니면 많은 분들이 가짜 계정을 신고해야만 합니다. 

🆔 Real IG account : @hughhowey

✍ Reports PLZ 
☠ FAKE IG account : @carldavid474
@grey_evans1234
@morganolson63
@winsmarko0o
📵 FAKE name : Edward Donald

✅ Fake accounts are deleted and created again. Plz understand that I cannot update every time. 
✅ 가짜 계정은 삭제되었다가 또 생성되었다가 합니다. 매번마다 업뎃 보고 할 수 없는 점 양해해 주세요. 

#datingappscam #데이팅어플사기 #소개팅앱사기 #미프사기 #meeffscam #외국인친구사귀기 
#asianboy #koreanboy
#romancescam #로맨스스캠 
#암호화폐사기 #가상화폐사기 #물류통관사기 #페이크은행 
#인스타사기 #인스타사진도용 #사진도용 #instascam
#돼지도살 #pig_butchering #杀猪盘 
#国際ロマンス詐欺 #写真盗用 #国際恋愛詐欺 #偽アカウント #なりすまし
#realaccount  #fakeaccount #Nigerianscam #instagramscammers",,https://www.instagram.com/p/CzpUtqkygpp/,16,0
noting373,"✂ Fake account have to be deleted ASAP, so that there are no more victims. 
✂ If Real account reports one itself the fake deleted very quickly. Or only when many people report fake account can it be deleted. 
✂ 더 이상의 많은 피해자가 나오지 않도록, 가짜 계정은 가능한한 빨리 삭제되어야 합니다. 
✂ 실계정이 직접 신고하면 가짜는 더 빨리 삭제됩니다. 아니면 많은 분들이 가짜 계정을 신고해야만 합니다. 

🆔 Real IG account : @soribaby

✍ Reports PLZ 
☠ FAKE name : Hana Taylor, Maryann Hutton, jeniffer jang william

✅ Fake accounts are deleted and created again. Plz understand that I cannot update every time. 
✅ 가짜 계정은 삭제되었다가 또 생성되었다가 합니다. 매번마다 업뎃 보고 할 수 없는 점 양해해 주세요. 

#datingappscam #데이팅어플사기 #소개팅앱사기 #미프사기 #meeffscam 
#인스타사기 #인스타사진도용 #사진도용 #instascam
#romancescam #로맨스스캠 
#암호화폐사기 #가상화폐사기 #물류통관사기 #페이크은행 #채팅환전사기
#돼지도살 #pig_butchering #杀猪盘 
#国際ロマンス詐欺 #写真盗用 #国際恋愛詐欺 #偽アカウント #なりすまし
#realaccount  #fakeaccount #Nigerianscam #instagramscammers #fakebank #BTCscam",,https://www.instagram.com/p/C1Y02bAr4Ab/,17,0
furkanshaikhofficial,"""Have you or someone you know been a victim of online dating scams in India? Help us expose these scammers and protect others from falling into the same trap. Share the names of clubs, lounges, or cafes where these scams took place—your identity will remain confidential. Together, we can make Mumbai safer. WhatsApp us at +91 7977316066 or DM on Instagram @furkanshaikhofficial.

 #NameAndShameTheScamsters #StaySafeMumbai #ExposeTheScam""
#mumbai #hyderabad
#pune #delhi #india
#Viral 
#Trending 
#ForYou 
#ExplorePage 
#ViralVideo 
#TrendingNow 
#FYP 
#MustWatch 
#ContentCreators 
#InstaGood
#DatingAppScam 
#OnlineDatingScam 
#ScamAwareness 
#StaySafeOnline 
#ExposeTheScam 
#ScamAlertIndia 
#FightBackAgainstScams 
#MumbaiSafety 
#ProtectYourself 
#FraudPreventionIndia
#FightBackAgainstScams #furkanshaikh",,https://www.instagram.com/p/C_k8jDqC10H/,1173,3
purvifins,"Tinder ,bumble dating app scam ⚠️ 

#datingappscam #tindergirls #bumble #tinderscam #bumblescam #datingapp #businessmarketingstrategy #onlinescam #personalfinance #financenews",,https://www.instagram.com/p/C0IrxYYIY_l/,3,11
thejournalists.in,"Dating in Mumbai: Where Romance Meets Scams! Beware of the love trap before your wallet takes the hit! 💔💸""

#MumbaiScam #DatingDisaster #TinderTrouble #BumbleBlunder #FunnyNews #RomanceGoneWrong #ScamAlert #LoveScam #datingscam #mumbaialert #datingappscam #bumbleandtinderscam #viralnews #freshnews #dailynewsupdate #breakingnews #thejournalists",,https://www.instagram.com/p/C_ViQ2wu-sG/,17,0
trusttexasbank,"Romance scammers try to be as convincing as possible, which now includes using artificial intelligence-powered deepfake videos or audio technology. Still, many cybercriminals follow a similar scammy pattern. One red flag example includes the person wanting to push the conversation from the dating app to other messaging platforms like WhatsApp, Signal, or Telegram. If you suspect you or a loved one are the victim of a romance scam, take action. Alert the website, platform, or app where you met the scammer. They might have more information on the scammer that can help investigators.

#romancescams #scam #scammers #scammer #fakeaccount #scamalert #scammeralert #scams #datingscams #datingapp #datingappscam",,https://www.instagram.com/p/C3AxCr-uDbV/,2,0
cuspdating,"Mumbai’s dating apps has its own risks—here’s what you need to know⚠

1. Meet in public,
2. Always keep a friend or a family member informed, 
3. If something feels off—bail immediately.

Download CUSP now!

iOS: https://apps.apple.com/us/app/cusp-eye-contact-connections/id6448727560

Android: https://play.google.com/store/apps/details?id=com.app.cusp

#cuspapp #datingapp #eyecontact #eyecontactdating #scamalert #scammers #staysafe #datingappscam #scammer #scamalertreviews #scamalert2024 #newsaltert #news #newsupdate #currentaffairs2024 #newstoday #viralcurrentaffairs #instapost #currentaffairs #generalawarness #hinge #tinder #bumble #mumbai #india 

[Cusp App, Dating App, Dating App Alert, Alerts, Scam Alert, Scam 2024, Dating App Scam, Dating Alert, News, News Alert]",,https://www.instagram.com/p/C_NwPjBy0AG/,23,1
deepdive_finance,"🚨 Beware of NEW Online Dating Scams! 🚨

Watch this reel to learn how to stay safe on your date:
1️⃣ Always choose a public place.
2️⃣ Check menu prices before ordering.
3️⃣ Avoid sharing personal information.
4️⃣ Be cautious if asked to meet at a specific, unfamiliar restaurant.

Stay informed and stay safe! 💡 #OnlineDatingScam  #Scam #DatingAppScam  #StaySafe  #DeepdiveFinance",,https://www.instagram.com/p/C9_h-v7oX-o/,28,0
noting373,"✂ Fake account have to be deleted ASAP, so that there are no more victims. 
✂ If Real account reports one itself the fake deleted very quickly. Or only when many people report fake account can it be deleted. 
✂ 더 이상의 많은 피해자가 나오지 않도록, 가짜 계정은 가능한한 빨리 삭제되어야 합니다. 
✂ 실계정이 직접 신고하면 가짜는 더 빨리 삭제됩니다. 아니면 많은 분들이 가짜 계정을 신고해야만 합니다. 

🆔 Real IG account : @_librus_a

✍ Reports PLZ 
☠ FAKE name : #Keiko

✅ Fake accounts are deleted and created again. Plz understand that I cannot update every time. 
✅ 가짜 계정은 삭제되었다가 또 생성되었다가 합니다. 매번마다 업뎃 보고 할 수 없는 점 양해해 주세요. 

#데이팅어플 #소개팅앱 #틴더 #틴더사기 #tinder #tinderscam #datingapp #datingappscam
#로맨스스캠 #채팅환전사기 #페이크은행 #물류통관사기 #암호화폐사기 #인스타사기 #인스타사진도용 #사진도용 #国際ロマンス詐欺 #盗用 #国際恋愛詐欺 #偽アカウント #なりすまし
#realaccount  #fakeaccount #Nigerianscam #romancescam #instagramscammers #fakebank #BTCscam #CurrencyExchan",,https://www.instagram.com/p/CxaTecjSt9m/,20,0
anubhawi_sinha,"Beware of Romance Scam ‼️⚠️🚨

#reels #onlinelove #onlinedating #datingapp #datingappscam #onlinescam #scam #scamonline
#onlinescams #onlinescammer
#cheat #cheating #romancescam

(online love, online dating, dating app, dating app scam, online scam, scam, scam online, online scams, online scammer, cheat, cheating, romance scam)",,https://www.instagram.com/p/CzY6isAPdIm/,93,1
deepikanarayanbhardwaj,"Latest Modus Operandi in Dating App Crimes : 

Woman calls man to hotel to meet her. Leaves room on some pretext while taking car keys of man away. Her accomplices and she then take away the car. If anyone complained the woman said since the man entered hotel with her and CCTV footage would prove that, she will file rape case against him. 

ARRESTED IN KANPUR BY @kanpurdehatpolice 

#DatingScam #DatingAppScam",,https://www.instagram.com/p/DAGVd2utfTj/,610,3
theinstantnews.in,"Breaking News: Mumbai Club Under Investigation for Dating App Scam! 🚨

A popular Mumbai nightclub is now in the spotlight as police investigate serious allegations of a dating app scam. According to journalist Deepika Narayan Bhardwaj, men who met women through dating apps were allegedly lured to this club, only to face shocking and unexpected bills. 

Here’s how it reportedly works: once the women arrive at the club, they order pricey items not listed on the menu, spend a short time at the venue, and then leave abruptly. The unsuspecting men are then stuck with exorbitant bills ranging from ₹23,000 to ₹61,000. 

Stay tuned for more updates as this story unfolds. 

#Theinstantnews #instantnews #MumbaiNews #DatingAppScam #ClubFraud #DeepikaNarayanBhardwaj #MumbaiCrime #Investigation #ScamAlert #ConsumerRights #BreakingNews",,https://www.instagram.com/p/C_BWH8oB4Qf/,3,6
financewithshipra,Follow @financewithshipra for more such updates #tinderscam #bumblescam #datingappscam #scam #savemoney #personalfinance #trending #explore,,https://www.instagram.com/p/C0t1HDoyGth/,36,0
ekamnyaay,"This Dusshera, as we celebrate the victory of Lord Ram over Raavan, we also celebrate this victory over deceit, injustice, and exploitation.

On this sacred day of Dusshera, which celebrates the triumph of good over evil, we witness a victory against fraud and injustice. Deepika Narayan Bhardwaj has successfully exposed a dating app scam running in Mumbai's Godfather Club, where men were lured into paying massive bills, extending up to ₹80,000 for a single visit.

Several men from Mumbai came forward, sharing their harrowing experiences of being duped. They were approached by women on dating apps, who would invite them to the club. Once there, the women would order lavishly without looking at the menu, with drinks and food priced at unreasonably high rates. When the bill arrived, these women would conveniently leave for the washroom, forcing the men to deal with intimidating bouncers, leaving them with no choice but to pay the outrageous bill. 

Over ₹10.5 lakh in fraudulent charges were reported to Deepika Narayan Bhardwaj, backed by evidence and bills. Her tireless pursuit to uncover the truth finally bore fruit. In a major breakthrough, the kingpin of the scam, Ankur Meena, was arrested from a hotel in Delhi where he had been hiding ever since the scam came to light. With the coordinated efforts of the Bangur Nagar Police Station, Mumbai, and the Delhi Police, he was finally apprehended. #dusshera #justice #arrested #datingapps #scammers #datingappscam #deepikanarayanbhardwaj #ekamnyaay #happydussehra #mumbai #club #ankurmeena #delhipolice #bangurnagar",,https://www.instagram.com/p/DBA6VuLMpEx/,1176,47
legalonlineadvice,#sextortion #honeytrap#whatsapp#datingappscam#cybercrime#legaladvice,,https://www.instagram.com/p/CRl780ajoO5/,3,0
gcpjcopsouth,"ஆன்லைனில் டேட்டிங் மற்றும் காதல் மோசடி குறித்து  ஜாக்கிரதை! 
#DatingApps #DatingAppScam #GCPjcopsouth #chennai #police
Tamil Nadu Police @tn_police_official @tncybercrimeoff @greater_chennai_police  Greater Chennai Police - GCP",,https://www.instagram.com/p/C6WSXiSRtZd/,4,0
theappjournal,"A 26-year-old ex-techie, Riddh Bedi, was arrested in Bengaluru for running a sextortion scam targeting NRIs on dating apps. Using fake profiles on sites like Seeking.com, Bedi lured victims into sharing private photos, then blackmailed them for money. 

A complaint from a victim's father in Hyderabad led to Bedi's arrest, revealing his lavish lifestyle funded by these scams. The police seized multiple devices, including his laptop and phones. Bedi, who studied in California, turned to cybercrime after facing financial difficulties.

#cybercrime #sextortionscam #onlinescam #cybersafety #techiearrest #hyderabadpolice #onlinesecurity #scamalert #digitalsafety #datingappscam #nriscam #bangalorenews #hyderabadnews #cyberawareness #fraudprevention #scambuster #staysafeonline #internetsafety #cybercriminals #datingscam #blog #blogger #theappjournal",,https://www.instagram.com/p/DAnzBVciWk4/,1,0
