username,caption,media_path,post_url,likes,comments
awomanandhergod1,#GodlyRelationship  #equallyyoked #relationshipadvice #marriageministry #marriagewisdom #christiandating  #godlyrelationships #christiansingles  #husbandandwife  #datewithapurpose #christiancouples #marriagegodsway #wifecoach #kingdomcouples #awomanandherGod,C:\Users\hp\Desktop\Project\Full_code_Amala (1)\Full_code_Amala\downloads\awomanandhergod1_3485232035876250376.mp4,https://www.instagram.com/p/DBeCBIyNyMI/,39,0
awomanandhergod1,#GodlyRelationship  #equallyyoked #relationshipadvice #marriageministry #marriagewisdom #christiandating  #godlyrelationships #christiansingles  #husbandandwife  #datewithapurpose #christiancouples #marriagegodsway #wifecoach #kingdomcouples #awomanandherGod,,https://www.instagram.com/p/DBbdIT6Ntii/,69,2
jasonevert,"Get your FREE ticket to the Catholic Courtship Summit!

I and other well-known Catholic speakers are sharing our expertise & experience with Catholics around the world that are seriously dating & desire to discern the vocation of marriage with more confidence & clarity. 

This FREE VIRTUAL event is being hosted by Raphy & Sara Feolino, the founders of @journeytomarriage, where their mission is to help Young Adult Catholic Professionals get married & stay married!

Find the peace you’re desiring in your relationship and get back into momentum! 

🔗Link in the comments

Tell your partner and other couples you know about this EPIC event by tagging them in the comments below! ⏬

This event is sponsored by: @catholicmarriageprep & @smartloving_mrc

​​#journeytomarriage #catholiccourtship #catholicdating #catholiccourtshipsummit #discerningmarriage #datingtodiscern #datetodiscern #intentionaldating #datingwithintention #datingwithpurpose #datewithapurpose",C:\Users\hp\Desktop\Project\Full_code_Amala (1)\Full_code_Amala\downloads\jasonevert_2901175183230812096.jpg,https://www.instagram.com/p/ChDC3VDpr_A/,777,16
resilientmumof2daffodils,"Let's meet her Date ❤

#date #datewithapurpose #delisha #mudit #fatherdaughtertime❤️ #kolkata #instadaily #instacool #styleinspiration #fashionphotography",,https://www.instagram.com/p/DBmUwYvStJZ/,30,0
socialnatrosha,We don't praise boyfriends. We praise God and He will send us our husbands who will praise us both!! Amen? #relationships #men #women #husbands #wives #love #boyfriends #girlfriends #singlelife #datewithapurpose #lovethysistahs 💕🙌🏾,C:\Users\hp\Desktop\Project\Full_code_Amala (1)\Full_code_Amala\downloads\socialnatrosha_1109760805409148370.jpg,https://www.instagram.com/p/9mqZKgEE3S/,517,31
nikki_neverbasic,You must be his peace.#datingadvice #datingtips #datewithapurpose,,https://www.instagram.com/p/DBZlmG8N1dK/,4,0
singleandok,#blackgirlswhoblog #sorrynotsorry #datewithapurpose #realtalk #queensbelike #blacktwitter #singleandok #grownwomanshit #relatable #stopplayingwithme #growup #situationships #courtship #quotesforher #boybye #setthebar #relationshipquotes #bigfacts #straightlikethat #datingadvice #realmendorealthings #relationships #thatpart #knowyourworth #loveyourself #neversettle #aintthatthetruth #relationshipadvice #trending #grownwomanvibes,C:\Users\hp\Desktop\Project\Full_code_Amala (1)\Full_code_Amala\downloads\singleandok_3307994625305358885.webp,https://www.instagram.com/p/C3oW5XQOjIl/,23,1
nikki_neverbasic,Get a Real Man. #datingadvice #datingtips #DateWithAPurpose,C:\Users\hp\Desktop\Project\Full_code_Amala (1)\Full_code_Amala\downloads\nikki_neverbasic_3472258877174907241.mp4,https://www.instagram.com/p/DAv8Q1ONQFp/,35,0
celebrity_advisor_to_da_stars,"Only God Almighty Can Quench Your Thirst.
John 4
#DateWithAPurpose #Wife #Relationships #DontWasteTime 
#WorkOnSelf #SpendTimeWithGod
#IamTracydaTruth #TheTruthteller",C:\Users\hp\Desktop\Project\Full_code_Amala (1)\Full_code_Amala\downloads\celebrity_advisor_to_da_stars_1551089178551390396.jpg,https://www.instagram.com/p/BWGk2POghC8/,8,1
iamdeffamilia,"Let’s the dating begins but please understand I am single father of 3 boys so you must accept the “ whole package” before we actually meet to date ….
•
•
•
#deffamilia #letsdate #vibeout #DateWithAPurpose #hopefullytofindmyQUEEN #singlefor8years",C:\Users\hp\Desktop\Project\Full_code_Amala (1)\Full_code_Amala\downloads\iamdeffamilia_2965496415401988225.jpg,https://www.instagram.com/p/Cknj0cmutCB/,96,13
embraceyoursingleness,"Nobody have time to waste, we too old to be playing around! If I'm dating you, it's for a purpose in hopes headed for marriage. To be honest we will be courting because I don't like the term dating!! #DateWithAPurpose #CourtWithAPurpose #Singles #embraceyoursingleness #Singleness #ChristianDating #HealthyRelationship #TheGoalIsForMarriage",C:\Users\hp\Desktop\Project\Full_code_Amala (1)\Full_code_Amala\downloads\embraceyoursingleness_1701709411008197021.jpg,https://www.instagram.com/p/Bedr7F6FTGd/,4540,91
brooklyncosmo,1 of my plans in life is to be married ... I can't wait to feel that feeling.... Just to love and be loved unconditional by 1 certain person is overwhelming !!! 😍🙌💍 #oneday💭 #datewithapurpose #ifmarriageisntthegoal #thenwhatareudatingfor,C:\Users\hp\Desktop\Project\Full_code_Amala (1)\Full_code_Amala\downloads\brooklyncosmo_755774551924659179.jpg,https://www.instagram.com/p/p9DPNhv9Pr/,277,13
godlymentalk,"Singles, wait for your forever! #DateWithAPurpose",C:\Users\hp\Desktop\Project\Full_code_Amala (1)\Full_code_Amala\downloads\godlymentalk_3079602858700714932.webp,https://www.instagram.com/p/Cq88nvKIjO0/,1057,39
lyneiserachelle,".get to know me more.
(Follow @i_amrachelg)
#takeherout #takeachance
#courtship #kings #queens #datewithapurpose #youarewelcomehere #differentvibe #illwaitforyou #gettoknowme #beautyisinthedetails #bemyfriendfirst",C:\Users\hp\Desktop\Project\Full_code_Amala (1)\Full_code_Amala\downloads\lyneiserachelle_1537427387166724231.jpg,https://www.instagram.com/p/BVWChAgB5CH/,45,1
pur_ple_rain,#Amen#datewithapurpose #notforthemoment,C:\Users\hp\Desktop\Project\Full_code_Amala (1)\Full_code_Amala\downloads\pur_ple_rain_566243715719323890.jpg,https://www.instagram.com/p/fbs6jLv2Dy/,2,3
janslyfe,#DATEwithaPURPOSE,C:\Users\hp\Desktop\Project\Full_code_Amala (1)\Full_code_Amala\downloads\janslyfe_1067053349192485628.jpg,https://www.instagram.com/p/7O714bAkr8/,6,0
backtolovedoc,"It's 🚀 Day, my course, How to Date with Intention is now available! ⁠
⁠
I'm so freaking excited I have over four hours of videos for you broken down into nine different lectures. ⁠
⁠
Things I cover: ⁠
💗Why is dating so hard in the current culture, and What's Holding you Back? ⁠
⁠
💗The thirteen stages of dating and how to know what stage you are in. 
⁠
💗The five steps to success as defined by Success Theory⁠.
⁠
💗How to decode men and tips for women⁠.
⁠
💗Strategies for dating, getting online like a boss and offline, making the most of setups, and meeting people randomly. ⁠
⁠
💗Communication skills and how to talk through all the sticky stages. Because you're gonna need these skills no matter what⁠
⁠
💗Boundaries in dating, why, and how they can make a big difference for you in dating ⁠
⁠
💗Ghosting, why it happens, and how to better manage⁠
⁠
💗Narcissists, how to spot them ⁠and ❤️💣
⁠
💗Yellow and Red flags in dating, what you need to pay attention to. ⁠
⁠
💗BONUS section how to date during the Pandemic!⁠
⁠
All of my videos come with a bit of my quirky personality and my best psychological tips. Watch as I dress like a dude in my define the relationship talk. It’s the sandwich technique I mentioned yesterday. ⁠
⁠
What are you waiting for? The cart is open and will never be this low price again. ⁠Click my bio to go straight to the check out. 
⁠
DM me if you have any questions. ⁠I can't wait to help you Find Love! 
Dr Diane 😘❤️
.
.
#therapythursday #onlinecourses #findlove #datecoach #datecoaching #singlewomanproblems #singlegirlswag #singlelifeproblems #datewithapurpose #datewithintention #date101 #datingadvice #dating101💔 #dateexpert #loveexpert  #backtolovedoc #dateideas #onlinedating #narcissist #redflags #redflagsindating #boundaries #healthyboundaries",C:\Users\hp\Desktop\Project\Full_code_Amala (1)\Full_code_Amala\downloads\backtolovedoc_2511988059609650850.jpg,https://www.instagram.com/p/CLcX9TFDlai/,995,16
singleandok,#marriagequotes #womanvsgirl #periodt #marriedlife #relationshipquotes #ifyouknowyouknow #quotesforher #boybye #setthebar #relationshipquotes #bigfacts #straightlikethat #datingadvice #youdeservethebest #weddingbells #relationships #thatpart #knowyourworth #datewithapurpose #putaringonit #aintthatthetruth #relationshipadvice #trending #grownwomanvibes #blackgirlsblog #explorepage #dating101 #singleandok #datingquotes #situationships #selfcaresunday,C:\Users\hp\Desktop\Project\Full_code_Amala (1)\Full_code_Amala\downloads\singleandok_3371629352435931423.webp,https://www.instagram.com/p/C7KbwhKOVkf/,31,1
iamcarltoncarter,"Quality over Quantity 

#instagramreels #reels #qualityoverquantity #datewithapurpose #intentional #datingadvice",,https://www.instagram.com/p/C-qjNPRvq0T/,3,136
iam.justshar,#datewithapurpose #notasidechick,C:\Users\hp\Desktop\Project\Full_code_Amala (1)\Full_code_Amala\downloads\iam.justshar_1106543225484354934.jpg,https://www.instagram.com/p/9bOzNrnCV2/,20,3
iambrorhy,"EMOTIONAL INTELLIGENCE is my topic for this summit. Thankful and blessed for the opportunity!!! Repost from @journeytomarriage
•
⚠️ATTENTION: Young Adult Catholics seriously dating & discerning marriage…⁠
⁠
Are you desiring to know “the one” you’re called to marry?⁠
⁠
If so, Raphy & I invite you to join us at the FREE Catholic Courtship Summit!⁠
⁠
It's our God-given mission is to help Young Adult Catholic Professionals get married & stay married through Catholic dating & relationship coaching.⁠
⁠
We invited 20+ Catholic Speakers to contribute and share some secrets to help you navigate your serious dating & courtship stage with more confidence & clarity. ⁠
⁠
This event also features many other impactful & inspirational Catholics, who will be sharing their testimonies & strategies to help you as well.⁠
⁠
Some topics that will be discussed are:⁠
Healthy Communication⁠
Conflict Resolution⁠
Emotional Intelligence⁠
Living in Chastity⁠
Developing Affection & Intimacy⁠
Living Out Authentic Catholic Masculinity & Femininity⁠
And SO much more…!⁠
⁠
This event is designed for young adult Catholic couples seriously discerning & desiring a holy marriage. With the secular culture promoting toxic dating and bad relationship habits, this FREE virtual summit will equip you with the tools & strategies you need to live out this stage with Christ in the center.⁠
⁠
Grab your FREE ticket by clicking the link in the bio! ⁠
⁠
This event is sponsored by: @catholicmarriageprep & @smartloving_mrc ⁠
⁠
​​#journeytomarriage #catholiccourtship #catholicdating #catholiccourtshipsummit #discerningmarriage #datingtodiscern #datetodiscern #intentionaldating #datingwithintention #datingwithpurpose #datewithapurpose","[WindowsPath('C:/Users/hp/Desktop/Project/Full_code_Amala (1)/Full_code_Amala/downloads/iambrorhy_2895217114437633817.jpg'), WindowsPath('C:/Users/hp/Desktop/Project/Full_code_Amala (1)/Full_code_Amala/downloads/iambrorhy_2895217114437456904.jpg')]",https://www.instagram.com/p/Cgt4KFOL91M/,20,0
imajenation73,Day 62: Not sure where I saw this but #truth #wisewords #datewithapurpose,C:\Users\hp\Desktop\Project\Full_code_Amala (1)\Full_code_Amala\downloads\imajenation73_1197587732385865047.jpg,https://www.instagram.com/p/BCer7KQOZ1X/,33,0
singleandok,#blackgirlswhoblog #datingquotes #relationships #knowyourworth #explorepage #staytruetoyourself #bigfacts #accurate #wednesdaywisdom #singleandok #loveyourself #empowerher #inspiration #encouragement #trending #browngirlbloggers #youarevaluable #thatpart #selflovejourney #aintthatthetruth #quotesforher #relationshipquotes #youdeservethebest #datingadvice #setthebar #dontsettleforless #lovethyself #equallyyoked #protectyourheart #datewithapurpose,C:\Users\hp\Desktop\Project\Full_code_Amala (1)\Full_code_Amala\downloads\singleandok_3475329060450192331.webp,https://www.instagram.com/p/DA62V4NucvL/,24,1
embraceyoursingleness,If I’m dating you...we are dating for marriage not dating just for fun! Where they do that at?! We are too grown to be wasting each others time!!!! #datewithpurpose #datewithapurpose #singles #embraceyoursingleness #love #purpose #datingquotes,C:\Users\hp\Desktop\Project\Full_code_Amala (1)\Full_code_Amala\downloads\embraceyoursingleness_2656301470410766266.jpg,https://www.instagram.com/p/CTdFB0YLne6/,8082,79
ivfilmtvandcomedy,"Does she have a point? Should Men start only Dating with a Purpose? 

via @theuafpodcast - Make sure you subscribe to their YouTube Podcast 

#DateWithAPurpose #DatingWithAPurpose #MealPlanChick #ItAintTrickingIfYouGotIt #Dating101 #RelationshipGoals #Simping #ForTheLoveOfMoney #ThirstGeneration",,https://www.instagram.com/p/DAtQaqCRwX5/,119,47
iypatterson,"📌Let this marinate in your Spirit: 
“BELIEVERS: we live twice and what WE DO DOWN HERE 🌍 MATTERS” 
🗣💯 @iammiketodd 
#realitycheck 
@seneca.surrell #repost
.
#onGod like the young generation says
#revelation
#truth
#weneedmoreofthis
#conviction
#believers
#whatWEdodownherematters
#YOLO
#YOL2x
#trustGOD
#HISwordcannotlie
#scripture 
#amen
#eternallife
#relationships 
#trust
#askgodfordiscernment 
#datewithapurpose 
#onemanonewoman 
#forlife
#saynotosex
#sexualdesires
#fornication 
#youdeservebetter 
#purity
#teachourYouth
#talktoyourkids 
#yourvoicematters",C:\Users\hp\Desktop\Project\Full_code_Amala (1)\Full_code_Amala\downloads\iypatterson_2588623103686842333.mp4,https://www.instagram.com/p/CPsov9on5fd/,8,2
nakosreadinggroup,#ladies #grownwomanshit #maturity #growthmindset #imjustsaying #relatable #lovequotes #commitment #marriage #datewithapurpose #keishornescott #knowthat #accurate #truthbetold #browngirlbloggers #lifelessons #selflove #relationships #realtalk #bigfacts #men #selfcaresunday #knowyourworth #neversettle #straightlikethat #keepingitreal #datingadvice #relationshipadvice #twitterquotes #thatpart,C:\Users\hp\Desktop\Project\Full_code_Amala (1)\Full_code_Amala\downloads\nakosreadinggroup_2615536817399530047.jpg,https://www.instagram.com/p/CRMQOCyDgI_/,294,4
divino_phoenix,🙌🏽💯 repost via @instarepost20 from @poetic_style #Life #Love #Relationships #Men #Women #JourneysOfAWoman #Journeys #LiveLearnGrow #Growth #MenBeLike #WomenBeLike #InstaGood #InstaMood #DateWithAPurpose #Dating #OldScool #Romance #PoeticStyle,C:\Users\hp\Desktop\Project\Full_code_Amala (1)\Full_code_Amala\downloads\divino_phoenix_1932414558178518699.mp4,https://www.instagram.com/p/BrRUM1jBiar/,6,0
1021_refocus_2021,#datewithapurpose. #FABUPLUSDIVA,C:\Users\hp\Desktop\Project\Full_code_Amala (1)\Full_code_Amala\downloads\1021_refocus_2021_426294514286947274.jpg,https://www.instagram.com/p/XqgJolxWvK/,0,0
roncarey,"Ain't NOTHIN on these STREETS. 😭😭😭
ATTRACT a REAL one, and be DONE! Every KING needs a QUEEN.

#CoachRon🖤 

Keep GOD 1st.

#explore #vibes #singlewomen #singlemen #mentalhealth #husband #wifeymaterial #reeloftheday #relationshipgoals #datewithapurpose #yorkie #doglover #marriagegoals #breastcancerawareness",C:\Users\hp\Desktop\Project\Full_code_Amala (1)\Full_code_Amala\downloads\roncarey_2943488797175863902.mp4,https://www.instagram.com/p/CjZX3c8Alpe/,91,15
ctaylorrrr,#DateWithAPurpose 💭✨ invest wisely.,C:\Users\hp\Desktop\Project\Full_code_Amala (1)\Full_code_Amala\downloads\ctaylorrrr_1061245749462309343.jpg,https://www.instagram.com/p/66TWLsGBnf/,18,0
iam_mrs_dunlap,#DateWithaPurpose,C:\Users\hp\Desktop\Project\Full_code_Amala (1)\Full_code_Amala\downloads\iam_mrs_dunlap_1297561316982008920.jpg,https://www.instagram.com/p/BIB3SSdACxY/,8,0
lore_edith,That's just me tho. #how #justsaying #seriously #dating #quote #datewithapurpose #wasteoftime #relationships,C:\Users\hp\Desktop\Project\Full_code_Amala (1)\Full_code_Amala\downloads\lore_edith_1188933884727815218.jpg,https://www.instagram.com/p/BB_8RGkoGwy/,16,1
superstarboxx,#DateWithaPurpose,C:\Users\hp\Desktop\Project\Full_code_Amala (1)\Full_code_Amala\downloads\superstarboxx_613648255280177884.jpg,https://www.instagram.com/p/iEHdZBA2Lc/,4,0
yu_zhao_sh,被你嘲笑一晚上，什么时候到你呀#深夜食堂 #lovelygirl #datingquotes #datewithapurpose,"[WindowsPath('C:/Users/hp/Desktop/Project/Full_code_Amala (1)/Full_code_Amala/downloads/yu_zhao_sh_1941201842264626632.jpg'), WindowsPath('C:/Users/hp/Desktop/Project/Full_code_Amala (1)/Full_code_Amala/downloads/yu_zhao_sh_1941201844756176809.jpg'), WindowsPath('C:/Users/hp/Desktop/Project/Full_code_Amala (1)/Full_code_Amala/downloads/yu_zhao_sh_1941201844957371562.jpg')]",https://www.instagram.com/p/Brwig0DBxi0/,8,1
g.layola,"My valentines date! 🤫
#loveislove #mylovestory #datewithapurpose",C:\Users\hp\Desktop\Project\Full_code_Amala (1)\Full_code_Amala\downloads\g.layola_1714644309174688957.jpg,https://www.instagram.com/p/BfLo-okgJy9/,20,4
shanoria_theconfidentone,"Why use children as pawns… when you can learn to multiply your money on your own? 🤷🏽‍♀️

It’s time out for retaliating. 🙅🏽‍♀️

Get into a Sisterhood where you can heal and come back better than EVER! 💯

Because you deserve the GROW THROUGH what you go through…

and attract a man who truly treasures, treats, and adores you. 💕

Link in bio to join us today!🔥

🤍, My Wife Coach 𝑺𝒉𝒂𝒏𝒐𝒓𝒊𝒂

P.S. Don’t go off just this clip, tap into the FULL CONVERSATION because I promise you it is 🔥🔥🔥! This episode: “Impulse Buying”

✨✨Faith It Forward✨✨
 ✨GetandStayMarried.com✨
.
.
.
.
.#relationshiptalk #babymamadrama #relationshipproblems #relationshipdrama #childsupportproblems #datebetter #datewithapurpose",C:\Users\hp\Desktop\Project\Full_code_Amala (1)\Full_code_Amala\downloads\shanoria_theconfidentone_2913775169401148352.mp4,https://www.instagram.com/p/ChvzxQnglPA/,147,6
seemylightshine,"It's not a girl thing , it's God thing , He will keep those who want to be kept, it's called restraint !! You won't run up in something that you can smell a mile away would you ? So it's the same thing when waiting for the God has for you ! It's something so Attractive about a man that has discipline to wait on God and his future wife !! 🙌🏾if you find one Marry Him!! #datewithapurpose #godlymenrock #they stillexists",C:\Users\hp\Desktop\Project\Full_code_Amala (1)\Full_code_Amala\downloads\seemylightshine_1470565724505442166.jpg,https://www.instagram.com/p/BRof7wsAwd2/,10,0
kidkapre_80,Y'all can make me burn this food if ya want... #goals #datewithapurpose,C:\Users\hp\Desktop\Project\Full_code_Amala (1)\Full_code_Amala\downloads\kidkapre_80_1319243109238227047.jpg,https://www.instagram.com/p/BJO5J5ChsBn/,8,0
fitnesswjavier,"Relationships are about trust. If you have to play detective, then it’s time to move on.
#
When people’s actions do not align with their utterances, we begin to lose trust in them. When trust is gone, there’s nothing else left. Mean what you say, say what you mean and let your words precede you. #relationships #trust #notrustnorelationship #datewithapurpose #monterreymexico #regio #chicago #investinyourself #entrepreneur #actor #publicspeaker #actorlatino #chitown",C:\Users\hp\Desktop\Project\Full_code_Amala (1)\Full_code_Amala\downloads\fitnesswjavier_1854834317739938078.jpg,https://www.instagram.com/p/Bm9sfwSF9Ee/,638,0
training4mylife,"When God declared that I am SOMEBODY....... NOBODY could tell me anything different! 😉 Trust in the Lord with all thine heart; and lean not unto thine own understanding. In all thy ways acknowledge him, and he shall direct thy paths. 🙌🏾🙌🏾🙌🏾😍😍😍 Happy Memorial Day!! #WaitonGod #DateWithAPurpose #Standards #Safety #Love #SelfLove #Feelings #Life #Live #FutureLooksBetter #lettinggo",C:\Users\hp\Desktop\Project\Full_code_Amala (1)\Full_code_Amala\downloads\training4mylife_1261566799284069622.jpg,https://www.instagram.com/p/BGB_FHjwOT2/,927,40
jbroadyfyg,Won’t entertain you if Christ ain’t in your life  and I’m not down with playing church mama or just going to church on sundays and I ain’t talking bout being overly religious either you ain’t got relationship with God we ain’t got nothing to talk about I date with intention #realtalk #datewithapurpose #godovereverthing #fyg,C:\Users\hp\Desktop\Project\Full_code_Amala (1)\Full_code_Amala\downloads\jbroadyfyg_1724260405104553619.jpg,https://www.instagram.com/p/BftzbPyhy6T/,17,1
dadoulovebeauty509,"Be thankful for what you are now,and keep fighting for what you want to be tomorrow. HELLO September 🍁🌻
@dadoulovebeauty.llc coming soon  #dadoulovebeauty #haitianqueen #clothinglines she’s single #datewithapurpose #plussizefashion","[WindowsPath('C:/Users/hp/Desktop/Project/Full_code_Amala (1)/Full_code_Amala/downloads/dadoulovebeauty509_2388726354423296013.jpg'), WindowsPath('C:/Users/hp/Desktop/Project/Full_code_Amala (1)/Full_code_Amala/downloads/dadoulovebeauty509_2388726354456793463.jpg'), WindowsPath('C:/Users/hp/Desktop/Project/Full_code_Amala (1)/Full_code_Amala/downloads/dadoulovebeauty509_2388726354507031950.jpg'), WindowsPath('C:/Users/hp/Desktop/Project/Full_code_Amala (1)/Full_code_Amala/downloads/dadoulovebeauty509_2388726354465244136.jpg')]",https://www.instagram.com/p/CEmdfdEAoo1/,92,7
horaciojones,Wanting all the “benefits” with no commitment??? #situationships #situationship #situationshipexpert #commitment #avoidingcommitment #datewithapurpose #horaciojones,C:\Users\hp\Desktop\Project\Full_code_Amala (1)\Full_code_Amala\downloads\horaciojones_2775332216081621506.mp4,https://www.instagram.com/p/CaD9fI5PiIC/,876,35
theofficialtraceysarpong,This post is so spot on. Many of us men and women have dated people who have ruined us and our reputation. My first boyfriend was that disaster for me. Ruined me as best he could and then he tried to ruin my life with lies years after leaving him. You can’t have a college degree and date a man who’s illiterate. You can’t be in a relationship with someone who is single. This was the first time I physically experienced demonic attacks (I didn’t even know that existed) along with other situations that caused the worst embarrassment of my life. Don’t dim your lights for a pauper when you should be s Prince/ princess. Don’t let people you date ruin you and don’t try to pull anyone up because you will only weigh yourself down 🤗🙏🏾💕 ......................................#sleepingwiththedevil is real #devilisaliar #destiny #dating #relationshipgoals #relationships #glory #setbacks to #comebacks #jesusisreal #discernment #discern you need #mentors and #guidance #youngwomen #itslevels #praybeforeyoudate #sexwillconfuseyou #love vs #stupidity #knowledgeispower #knowyourworth #itsallgood #datewithapurpose @devonfranklin,C:\Users\hp\Desktop\Project\Full_code_Amala (1)\Full_code_Amala\downloads\theofficialtraceysarpong_1699531640533848635.mp4,https://www.instagram.com/p/BeV8wXGjpI7/,47,7
glamstarrt,"Relationship Tip: If the goal isn't marriage, stop wasting your time in dead end relationships. #DateWithaPurpose",C:\Users\hp\Desktop\Project\Full_code_Amala (1)\Full_code_Amala\downloads\glamstarrt_406013511429204964.jpg,https://www.instagram.com/p/WicyMyvyvk/,32,3
kylikamiller,"Praying for you!🙏 until then...gonna focus on myself, God, my son, & this hustle 😏❤️ #NeverSettle #DateWithAPurpose",C:\Users\hp\Desktop\Project\Full_code_Amala (1)\Full_code_Amala\downloads\kylikamiller_1368221971187386730.jpg,https://www.instagram.com/p/BL85qI2gklq/,44,5
teachinginpearls,"Tonight we got to enjoy one of Brandon’s Christmas gifts: tickets to see Star Wars with @cincysymphony playing the soundtrack live 🎶

I’d be lying if I said his gift wasn’t kind of a gift for the both of us 🙈 BUT it’s his first ever professional orchestra concert, so what a way to do it!

Have any of you ever seen an orchestral performance to a movie like this?","[WindowsPath('C:/Users/hp/Desktop/Project/Full_code_Amala (1)/Full_code_Amala/downloads/teachinginpearls_2740511644633378827.jpg'), WindowsPath('C:/Users/hp/Desktop/Project/Full_code_Amala (1)/Full_code_Amala/downloads/teachinginpearls_2740511644868242109.jpg')]",https://www.instagram.com/p/CYIQNMSMolt/,441,22
nursekliks,#aboutlastnight #datewithapurpose  #datenight #hissmile #love,C:\Users\hp\Desktop\Project\Full_code_Amala (1)\Full_code_Amala\downloads\nursekliks_1098027579951057919.jpg,https://www.instagram.com/p/88-kQwkIv_/,13,1
phoenixxflamez,#datewithapurpose,C:\Users\hp\Desktop\Project\Full_code_Amala (1)\Full_code_Amala\downloads\phoenixxflamez_2057137879559025251.jpg,https://www.instagram.com/p/ByMbACVHbJj/,12,0
quannamama_rn,I used to be afraid to say this.  #notAnymore We can't play the 'Let's see where it goes' game with my life..,C:\Users\hp\Desktop\Project\Full_code_Amala (1)\Full_code_Amala\downloads\quannamama_rn_577680912142086147.jpg,https://www.instagram.com/p/gEVbqZwLAD/,20,3
thepleasureville_lace_empire,#Note2self  #datewithapurpose,C:\Users\hp\Desktop\Project\Full_code_Amala (1)\Full_code_Amala\downloads\thepleasureville_lace_empire_1178873830638886457.jpg,https://www.instagram.com/p/BBcM4DGPB45/,1,0
the_bunny_babe,#justTHINKING #DATEwithaPURPOSE I actually wonder if any of my EXs would date the NEW me,C:\Users\hp\Desktop\Project\Full_code_Amala (1)\Full_code_Amala\downloads\the_bunny_babe_717476981681250601.jpg,https://www.instagram.com/p/n0_YNzoWEp/,7,1
natureboymccoy,Waiting my turn... #relationshipquotes #relationshipgoals #datewithapurpose #dating #queen #king #madeforme #builttolast,C:\Users\hp\Desktop\Project\Full_code_Amala (1)\Full_code_Amala\downloads\natureboymccoy_1579406232362605311.jpg,https://www.instagram.com/p/BXrLZmsAtr_/,32,1
jay.love27,I saw this today... loved it 💜💜💜💜 #MyBoaz #Protecter #love #LordLeadMe #GodsTiming #HeMakesMyHeartHappy #SingleLife #DateWithAPurpose #TrueLoveWaits #FirstKissAtTheAlter #PrepareMeLord #SendMe,C:\Users\hp\Desktop\Project\Full_code_Amala (1)\Full_code_Amala\downloads\jay.love27_1506263393597918390.jpg,https://www.instagram.com/p/BTnUpNxlAy2/,20,0
ladyedrw,"#Yelp
#iApprovedThis
 #Repost 
#Relationship
#Investment
#DateWithAPurpose",C:\Users\hp\Desktop\Project\Full_code_Amala (1)\Full_code_Amala\downloads\ladyedrw_1089394763795302449.jpg,https://www.instagram.com/p/8eTsQMMIgx/,4,0
brownfairy13,#datewithapurpose #relationshipquotes #sultanaahona,C:\Users\hp\Desktop\Project\Full_code_Amala (1)\Full_code_Amala\downloads\brownfairy13_2787418683960385909.jpg,https://www.instagram.com/p/Cau5oZRvuF1/,22,1
toungsoffun,This little weight look Good on MZDAVIS #DateWITHaPurpose #ThanksForAreWeekendsDates #BothWorkBosses #SomeBodyComeWashAllMyWorkClothes,"[WindowsPath('C:/Users/hp/Desktop/Project/Full_code_Amala (1)/Full_code_Amala/downloads/toungsoffun_3107104885829127697.jpg'), WindowsPath('C:/Users/hp/Desktop/Project/Full_code_Amala (1)/Full_code_Amala/downloads/toungsoffun_3107104885904749194.jpg'), WindowsPath('C:/Users/hp/Desktop/Project/Full_code_Amala (1)/Full_code_Amala/downloads/toungsoffun_3107104885921509564.jpg'), WindowsPath('C:/Users/hp/Desktop/Project/Full_code_Amala (1)/Full_code_Amala/downloads/toungsoffun_3107104885812482620.jpg'), WindowsPath('C:/Users/hp/Desktop/Project/Full_code_Amala (1)/Full_code_Amala/downloads/toungsoffun_3107104885820861446.jpg'), WindowsPath('C:/Users/hp/Desktop/Project/Full_code_Amala (1)/Full_code_Amala/downloads/toungsoffun_3107104885820628171.jpg'), WindowsPath('C:/Users/hp/Desktop/Project/Full_code_Amala (1)/Full_code_Amala/downloads/toungsoffun_3107104885845891572.jpg'), WindowsPath('C:/Users/hp/Desktop/Project/Full_code_Amala (1)/Full_code_Amala/downloads/toungsoffun_3107104885829032025.jpg'), WindowsPath('C:/Users/hp/Desktop/Project/Full_code_Amala (1)/Full_code_Amala/downloads/toungsoffun_3107104885812295831.jpg')]",https://www.instagram.com/p/Csep2-BOcID/,1216,62
lovee_foreverr,"The best thing I could have done was be Intentional! Being intentional in every aspect of your life is KEY! Understand to get what you want & where you want.. it’s necessary. 
:.
They always say date with a purpose, move with a purpose, live with a purpose.. it’s a reason behind that. 
:.
Everything your heart desires is coming! By you living in purpose and intentionally it will come 💕. Enjoy your day loves
:.
The Traveled Black Girl is dropping 1/11/22! 
:.

#happywednesday #morningmotivation #morningword #datewithapurpose #beintentional #blackgirltherapy #naturalhair #browngirlsinmedicine #blackgirlsinmedicine #radiationtherapist #explorepage #fyp #igreels #igvideo",,https://www.instagram.com/p/CWYSJNNligA/,75,15
missgemrobinson,"I've often thought about this, when did dating become the stuff of idiocy and lunacy? I've recently started to look at dating again and am seriously wondering whether it's worth the bother. I've been dating on and off for a few years now; of which time has been punctuated with a couple of short lived relationships (funnily enough, the relationships got off the ground because no games were played, interest was shown and effort was put in) but when I became single again after a long term relationship I found that everything had all changed and I didn't know how to play the game, leading to a lot of questioning. I can now play the game better than most but I absolutely refuse to! God forbid you let someone know that you want to see them and that you like them, you have to appear aloof and disinterested just to keep someone's attention. Well I'm not playing, I like to communicate; if I like someone I tell them, if I want to see someone then I let them know and I expect the same. If it's not reciprocated or some starts playing these bullshit games then I walk away and stop caring because it's not worth my effort or time, what is the point in complicating things? When someone is truly interested in you there are no games and they'll make it clear, it's happened before and I'm optimistic it'll happen again. #earlymorningthoughts  #musings #foodforthought #thoughtsoftheday #complicated #mattersoftheheart #datingrules #dating #datingproblems #datingthewrongmen #knowyourworth #onpoint #straightup #straightnochaser #relatable #sorrynotsorry #notolerance #notfortheweak #attitude #benefitsofdatingme #insomniacthoughts #chalkitup #datewithapurpose #factsoflife #funnythingaboutstrongwomen #genuinepeople #nogames #playingthedatinggame #modernlife  #mixedmessages",C:\Users\hp\Desktop\Project\Full_code_Amala (1)\Full_code_Amala\downloads\missgemrobinson_898970265408005018.jpg,https://www.instagram.com/p/x5yLGFSGOa/,211,40
singleandok,#datewithapurpose #relationshipmatters #dozenroses #keeping#browngirlbloggers #explorepage #aintthatthetruth #letthatsinkin #girlcode #datingadvice #bigfacts #straightlikethat #singleandok #boybye #datenight #truthbetold #knowthat #blackgirlswhoblog #standards #setthebar #grownwomanstatus #couplegoals #relationshipquotes #blacktwitter #commitment #lovelanguage #knowyourworth #neversettle #datingmemes,C:\Users\hp\Desktop\Project\Full_code_Amala (1)\Full_code_Amala\downloads\singleandok_2986782244396998976.webp,https://www.instagram.com/p/ClzLqBquiFA/,79,0
crowninglupus,Ladies: The King that God has for you is one worth the wait. Do not settle! Do not put limitations on the BOAZ God has for you! #DateWithAPurpose,C:\Users\hp\Desktop\Project\Full_code_Amala (1)\Full_code_Amala\downloads\crowninglupus_1363138127317075925.jpg,https://www.instagram.com/p/BLq1ueShofV/,64,0
danzgurl,#ReddCollins #RaddsChronicles 🙌🏽🙌🏽🙌🏽 #AGirlfriendShouldBe #PotentialWife #IfYouAskMe #RelationshipsAreInvestments #RelationshipsAreNotHobbies #DateWithAPurpose,C:\Users\hp\Desktop\Project\Full_code_Amala (1)\Full_code_Amala\downloads\danzgurl_1977526795457340209.jpg,https://www.instagram.com/p/BtxliShDSMx/,3,4
awomanandhergod1,#christainwoman #equallyyoked #datewithapurpose #PurposePartner  #relationshipadvice #relationshipQuotes,C:\Users\hp\Desktop\Project\Full_code_Amala (1)\Full_code_Amala\downloads\awomanandhergod1_3326522618059146365.webp,https://www.instagram.com/p/C4qLrJKt8R9/,17,0
therealseantay,"And there you have it!...... On that note, Im going to bed! .... good night and God bless!  #LoveOverLust #DateWithAPurpose  #WereNotKidsAnymore #SingleUntil #RealLove .... Repost via @iamczofficial",C:\Users\hp\Desktop\Project\Full_code_Amala (1)\Full_code_Amala\downloads\therealseantay_846073193266718471.jpg,https://www.instagram.com/p/u92xYqpKcH/,9,0
rmalerba22,#datewithapurpose,C:\Users\hp\Desktop\Project\Full_code_Amala (1)\Full_code_Amala\downloads\rmalerba22_1515485601105005793.jpg,https://www.instagram.com/p/BUIFh_0FUzh/,18,0
brooklyncosmo,Makes my heart all warm and fuzzy n the inside..... #agirlsdream #marriage #somedontido This Will Be Me 1 Day ! 🙌😍💍👫🙏👰 #datewithapurpose #youlleitherbreakup #orgetmarried #ilovetruelove ❤️😊,C:\Users\hp\Desktop\Project\Full_code_Amala (1)\Full_code_Amala\downloads\brooklyncosmo_657485120361451649.jpg,https://www.instagram.com/p/kf2zvEP9CB/,215,9
unbreakablefl,#datewithapurpose,C:\Users\hp\Desktop\Project\Full_code_Amala (1)\Full_code_Amala\downloads\unbreakablefl_2100187059773182018.jpg,https://www.instagram.com/p/B0lXQDrpxBC/,14,2
missgemrobinson,"I absolutely love Greg Behrendt, in fact I cannot give him enough praise; comedian, staff consultant on Sex and the City and Author of some very amazing books, stuff all women should read really. He is the guy that guys should hate because he tells it as it is (I would like to imagine that he is under some sort of police protection or witness protection programme because of this!) You want to know what is ticking in a guys mind when he's dating, with you or after you've broken up? Read his books, they've helped me massively. 
Anyway to my point, I do not want to 'sort of date' someone, go out with them and wonder how many other girls they're talking to or 'dating' at the same time. If I am dating, I am dating/speaking to/involved with the one person and that's it, if it doesn't work then you move on...simple?! I've spent enough time surpressing my feelings at the thought of appearing 'too keen, too soon' and really why should I? Going back to being straightforward, if you like someone tell them and if they do not have the balls to handle you straight up then they're not worth your time. Being honest they've probably got five other girls on the go and are waiting to pick who they perceive to be the best. You do not have to stand for this! Look for the man who can reciprocate, look for the man who has more balls than you, he is there!
Seriously though, read his books 😉 #gregbehrendt #wiseup #truestory #thetruth #datewithapurpose #dating #bestraightforward #nomessing #tellingitlikeitis #sayingitlikeitis #lessoninlife #lessonsinlove #mattersoftheheart #wisewords #sundaymorningmusings #foodforthought #thoughtsoftheday #datearealman #theyareoutthere #findingunicorns #wakeup #topsecret #growaset #grablifebytheballs #lifeandlove #strongwomen #funnythingaboutstrongwomen #heartissues #howtoavoidheartacheandheartbreak #hesjustnotthatintoyou",C:\Users\hp\Desktop\Project\Full_code_Amala (1)\Full_code_Amala\downloads\missgemrobinson_910709703771185998.jpg,https://www.instagram.com/p/yjfaaCyGNO/,215,15
followmysparkles,#goals #findgodthenfindme #godlyman #godlywoman #godlydating #love #truelove #datewithapurpose #prayingformyfuturehusband,C:\Users\hp\Desktop\Project\Full_code_Amala (1)\Full_code_Amala\downloads\followmysparkles_2068595558100100823.jpg,https://www.instagram.com/p/By1ILNAgebX/,12,0
_latiaedwards,Spread some ❤ and positive energy! #melanin #nomakeup #nofilter #celibate #selflove #selfcare #godstiming #datewithapurpose,C:\Users\hp\Desktop\Project\Full_code_Amala (1)\Full_code_Amala\downloads\_latiaedwards_1605512634311007923.jpg,https://www.instagram.com/p/BZH7TwKgl6z/,123,8
brooklyncosmo,How cute is that! 😍😍😍 my boss fxckin rocks!!! #marriage #beautiful #agoal #datewithapurpose #reallove 💍👰😍,C:\Users\hp\Desktop\Project\Full_code_Amala (1)\Full_code_Amala\downloads\brooklyncosmo_681864461685871535.jpg,https://www.instagram.com/p/l2eB1_v9Ov/,255,1
wawee_mclight,Our kind of date night. ❤️ #learningtogrowtogether #datewithapurpose #moneyhacks #planningforabetterfuture,"[WindowsPath('C:/Users/hp/Desktop/Project/Full_code_Amala (1)/Full_code_Amala/downloads/wawee_mclight_1705917564086978626.jpg'), WindowsPath('C:/Users/hp/Desktop/Project/Full_code_Amala (1)/Full_code_Amala/downloads/wawee_mclight_1705917652200856768.jpg')]",https://www.instagram.com/p/BespeM3gZCB/,8,0
jbroadyfyg,I’ma leave this here ✌🏾#dontsettle #datewithapurpose #fyg,C:\Users\hp\Desktop\Project\Full_code_Amala (1)\Full_code_Amala\downloads\jbroadyfyg_1857762100089471147.jpg,https://www.instagram.com/p/BnIGMmFBECr/,19,0
tangela_fleming,#datewithapurpose 💯💋,C:\Users\hp\Desktop\Project\Full_code_Amala (1)\Full_code_Amala\downloads\tangela_fleming_1586104364320419366.jpg,https://www.instagram.com/p/BYC-YQMA-4m/,18,0
adjackson817,#mommydaughterdate ❤️these are dates I look forward to! We do this at least twice a month💯❤️ #makingmemories 👭✔️ My momma & me did the same thing🙌🏽😍😘 #datewithapurpose 😍😘#cousins #family 🙌🏽❤️ #goodsunday 🙏🏼😘 @bello_micah,C:\Users\hp\Desktop\Project\Full_code_Amala (1)\Full_code_Amala\downloads\adjackson817_1606305468858643349.jpg,https://www.instagram.com/p/BZKvlA4FjOV/,62,3
mi_anmari,#DateWithAPurpose #DivinePastime,C:\Users\hp\Desktop\Project\Full_code_Amala (1)\Full_code_Amala\downloads\mi_anmari_943304385759614080.jpg,https://www.instagram.com/p/0XSldMRRSA/,3,0
msgoldenheart,"I’ve learned to pray for my future spouse wherever & whoever he may be. Only God knows the answer to that. I’ve found myself praying for your protection, covering, strength, & happiness. I used to believe that was a strange thing to do: to pray for someone you’ve never met before. But I’ve come to realize hopefully he’s praying for me too somewhere. Prayer partners & we don’t even know it yet #datewithapurpose #prayforyourfuturespouse",C:\Users\hp\Desktop\Project\Full_code_Amala (1)\Full_code_Amala\downloads\msgoldenheart_1701631647236424620.jpg,https://www.instagram.com/p/BedaPewFwOs/,14,1
jessicarabbit3,#datewithapurpose #notimetowaste 💯,"[WindowsPath('C:/Users/hp/Desktop/Project/Full_code_Amala (1)/Full_code_Amala/downloads/jessicarabbit3_1781510414897415582.jpg'), WindowsPath('C:/Users/hp/Desktop/Project/Full_code_Amala (1)/Full_code_Amala/downloads/jessicarabbit3_1781510415132351732.jpg')]",https://www.instagram.com/p/Bi5MlAAhyjS/,32,1
iamsabrinapollard,"And in that order only!
#WaitingOnMyKing
#DivineOrderGraveAndMercy
#HisCrowningGlory
#DateWithAPurpose",C:\Users\hp\Desktop\Project\Full_code_Amala (1)\Full_code_Amala\downloads\iamsabrinapollard_1882011714293005162.jpg,https://www.instagram.com/p/BoeP67Njvtq/,11,0
lorenzo_james_actor_model,The best V-Day gift you can ever give to your significant other is the assurance that Valentines Day isn't the only day that their special. #LetThatMarinate #DateWithAPurpose #HappyValentinesDay #Love #Model #Actor #Calendar #Magazine,C:\Users\hp\Desktop\Project\Full_code_Amala (1)\Full_code_Amala\downloads\lorenzo_james_actor_model_1714642360762463236.jpg,https://www.instagram.com/p/BfLoiR-FXQE/,1084,7
blkbarbietx,"PRAY for a HUSBAND.....not a BOYFRIEND
PRAY for a WIFE.......not a GIRLFRIEND
#buildtogether #spiritualconnection #solidfoundation #relationshipgoals #wedoforeachother #speakitintoexistence #datewithapurpose",C:\Users\hp\Desktop\Project\Full_code_Amala (1)\Full_code_Amala\downloads\blkbarbietx_2575734135343877229.jpg,https://www.instagram.com/p/CO-2IydBQxt/,89,6
s.h.e.living_,"Testimony Tuesday. So since I’ve open about my past relationships & this current one. I will let you in on what i did & what is different. 
In the past i went with what felt good in the moment. There was no preparation for it no thought 2 it. It just felt good. Those relationships served no purpose. They were more about feeling than purpose. N because they were based off of feelings my feelings got hurt. I’ve gone through hell & back. I won’t say i didn’t learn anything because i did. I learned so much about myself. About who i am & what i do & don’t want. What i will & wont tolerate. Those relationships grew me. I hate that i chose (because it was a choice God gives us free will) to learn it that way but that’s the path i chose. After another failed relationship & dating someone who annoyed me deeply. I sat in my room on my bed & started to pray. 
I own a prayer box. Inside my prayer box is little pieces of paper & a pencil. So before i began to write my prayer to God went a little like this. God i can’t take another heartbreak another disappointment or setback due to love. Hide me until my husband comes. But God make it plain for me. Make it so i won’t have any doubt that he’s the one. I won’t engage in sex and i won’t entertain anyone that’s not him. I’m going to pray for him & cover him as of today & i won’t stop when he comes. God i love how Fantasia’s husband Ken loves on her on love you. God i want a Ken. I want a man stronger in his faith than i am. So that he can lead me closer to you. I pray we’re similar in many ways and that i can help him with his flaws as he helps me with mine. In Jesus name Amen. 
I took out the pencil and paper. I wrote everything i wanted & desired this man to be. I mean everything from how he looks to his personality. He had to love God first & foremost. I was very specific in what i prayed for. 2 months later i met this handsome man of God online. We talked and from the moment he opened his mouth i knew this was it. He was & is everything i prayed for. God definitely has a sense of humor because his name is Ken 😂I should have prayed that we lived in the same state. Lol #prayer #relationships #datewithapurpose #patience",C:\Users\hp\Desktop\Project\Full_code_Amala (1)\Full_code_Amala\downloads\s.h.e.living__2946707532534764981.jpg,https://www.instagram.com/p/CjkzuN1s9W1/,22,0
poptarts_and_champagne,🔥 #yhwh #strongfoundation #orchestrateddivineconnection #datewithapurpose #marriage #nofreesnacks  #rp @waitongodsis,C:\Users\hp\Desktop\Project\Full_code_Amala (1)\Full_code_Amala\downloads\poptarts_and_champagne_3228185610312901165.jpg,https://www.instagram.com/p/CzM0bV7umIt/,0,0
toungsoffun,See your better version of you🥰❣️#datewithapurpose/vision,"[WindowsPath('C:/Users/hp/Desktop/Project/Full_code_Amala (1)/Full_code_Amala/downloads/toungsoffun_2722442892029835570.jpg'), WindowsPath('C:/Users/hp/Desktop/Project/Full_code_Amala (1)/Full_code_Amala/downloads/toungsoffun_2722442892013155428.jpg'), WindowsPath('C:/Users/hp/Desktop/Project/Full_code_Amala (1)/Full_code_Amala/downloads/toungsoffun_2722442892071787672.jpg'), WindowsPath('C:/Users/hp/Desktop/Project/Full_code_Amala (1)/Full_code_Amala/downloads/toungsoffun_2722442892038339911.jpg'), WindowsPath('C:/Users/hp/Desktop/Project/Full_code_Amala (1)/Full_code_Amala/downloads/toungsoffun_2722442892063467217.jpg'), WindowsPath('C:/Users/hp/Desktop/Project/Full_code_Amala (1)/Full_code_Amala/downloads/toungsoffun_2722442891979523350.jpg'), WindowsPath('C:/Users/hp/Desktop/Project/Full_code_Amala (1)/Full_code_Amala/downloads/toungsoffun_2722442892013188081.jpg'), WindowsPath('C:/Users/hp/Desktop/Project/Full_code_Amala (1)/Full_code_Amala/downloads/toungsoffun_2722442892054901751.jpg'), WindowsPath('C:/Users/hp/Desktop/Project/Full_code_Amala (1)/Full_code_Amala/downloads/toungsoffun_2722442892021469154.jpg'), WindowsPath('C:/Users/hp/Desktop/Project/Full_code_Amala (1)/Full_code_Amala/downloads/toungsoffun_2722442892004756727.jpg')]",https://www.instagram.com/p/CXID2TDO_LE/,1081,48
singleandok,#attachment #knowbetterdobetter #accountability #ladies #grownwomanshit #maturity #imjustsaying #relatable #lifelessons #commitment #datewithapurpose #knowthat #accurate #truthbetold #browngirlbloggers #lifelessons #selflove #relationships #realtalk #bigfacts #men #singleandok #knowyourworth #neversettle #straightlikethat #keepingitreal #datingadvice #relationshipadvice #twitterquotes #thatpart,C:\Users\hp\Desktop\Project\Full_code_Amala (1)\Full_code_Amala\downloads\singleandok_2870902666721788919.webp,https://www.instagram.com/p/CfXfsPCrIP3/,41,3
_andreia_dane_,At this age I’m not figuring out nothing 👋🏾👋🏾 #dateWithAPurpose,C:\Users\hp\Desktop\Project\Full_code_Amala (1)\Full_code_Amala\downloads\_andreia_dane__2059182130094080412.jpg,https://www.instagram.com/p/ByTrzzAFwGc/,9,0
iamericalynn_keepingitreal,"Then & Now
#relationshipgoals #datewithapurpose",C:\Users\hp\Desktop\Project\Full_code_Amala (1)\Full_code_Amala\downloads\iamericalynn_keepingitreal_2481557815930360244.jpg,https://www.instagram.com/p/CJwQ6-MH5G0/,42,4
bwalkingtowardsherdestiny,"So true, but let's be clear. Im very aware that a man findeth a good woman not the other way around. We are out here. #datewithapurpose",C:\Users\hp\Desktop\Project\Full_code_Amala (1)\Full_code_Amala\downloads\bwalkingtowardsherdestiny_1854868775625523268.jpg,https://www.instagram.com/p/Bm90VLsH4BE/,14,4
marissaali23,“That’s just the way you make me feel” #imready #latinaandsingle #singlelife #datewithapurpose #whoelseisready #searchingformyking👑 #,C:\Users\hp\Desktop\Project\Full_code_Amala (1)\Full_code_Amala\downloads\marissaali23_2872789830160689641.mp4,https://www.instagram.com/p/CfeMyE9FSnp/,47,1
superstudtruthspeaker,#datewithapurpose #igotyou,C:\Users\hp\Desktop\Project\Full_code_Amala (1)\Full_code_Amala\downloads\superstudtruthspeaker_1964196254683874151.jpg,https://www.instagram.com/p/BtCOhY9lcNn/,27,3
awomanandhergod1,"The man God sends will honor you, protect you, sacrifice for you, and pray for you. He will speak life to you and fight for time to be in your presence.

And you won’t have to convince him to do any of these things because he’ll recognize your worth.

Do not settle.

#godstimingisperfect #Bethcircle #GodlyRelationship #Godlymarriage #kingdomwoman #proverbs31woman #africanwoman #datewithapurpose #worththewait #ankarazone #godwhereismyboaz  #datingadvice #worththewait #relationshipadvice #lovewillfindyou #godlyrelationship #dontsettleforless  #dontbegforlove  #knowyourworth  #marryyourbestfriend",C:\Users\hp\Desktop\Project\Full_code_Amala (1)\Full_code_Amala\downloads\awomanandhergod1_2580912745657264774.jpg,https://www.instagram.com/p/CPRPnfJLeqG/,793,12
thebiancacole,"Nope…No boyfriend…No nothing. And before y’all start the flood of opinions, comments and DM’s just know, I don’t have a man by #choice, settling for the moment on a whim or some good feeling is easy…I want more than that and when we meet I’ll know 🔑 #Single #DateWithAPurpose #NeverSettle #EnjoyYourTime #LiveYourLife #SingleLife #SingleInAtlanta",C:\Users\hp\Desktop\Project\Full_code_Amala (1)\Full_code_Amala\downloads\thebiancacole_2717104317875527345.jpg,https://www.instagram.com/p/CW1F_s0pp6x/,167,8
