username,caption,media_path,post_url,likes,comments
clifford_wirespy,#datingscam #scammers #romancescam #fraud #lovescam #scam #datingscams #cyberfraud #scammer #scamming #catfishingstory #onlinedating #onlineromance #datingscams101 #internetfraud #mostcommonscams #onlinerelationship #onlineromancescammers #onlinesscam #romanticscam #scamalert #romancescams #romancefraud #forexscam #bitcoinfraud #bitcoonscams #cashfxscam #datingscamawareness #datingscammers #datingscamsuk,C:\Users\hp\Desktop\Project\Full_code_Amala (1)\Full_code_Amala\downloads\clifford_wirespy_3394998336783839018.jpg,https://www.instagram.com/p/C8ddP_1Cu8q/,0,0
loveinsync.9,"Have you noticed how much more difficult it is to find love these days? I first thought it was single people over 50 struggling to find a connection but after talking to hundreds of single men and women I have realised that singles of all ages are finding it harder to find that connection.

50 years ago dating was easier and much more fun!

Read our blog: https://loveinsync.co.uk/blog/b/from-disco-to-digital-the-evolution-of-dating-from-the-70s-to-today

#matchmaker #datingindigitalworld #dating #datingforwomen #datingformen #findinglove #onlinedatingapps #datingscamsuk #singleandlonely #datingcoach #datingcoachformen #datingcoachforwomen",C:\Users\hp\Desktop\Project\Full_code_Amala (1)\Full_code_Amala\downloads\loveinsync.9_3397292285806875985.jpg,https://www.instagram.com/p/C8lm1WVsZVR/,1,0
thespina_tech,#bitcoinfraud #bitcoonscams #cashfxscam #datingscamawareness #datingscammers #datingscamsuk #forexscam #datingscam #datingscams #fraud #romancefraud #datingscamukraine #romancefraudsters #romancefraudvictims #romancescammerchallenge #romancescammers #romancescammersdontloveyou #romancescamming #romancescam #romancescams #romancescammer #blockchainrecovery #cybercrimehelp #bitcoinrecovery #bitcoinrefund #cryptoprotection #blockchainsecurity #cryptoassistance #cryptoexpert #cryptohelp,C:\Users\hp\Desktop\Project\Full_code_Amala (1)\Full_code_Amala\downloads\thespina_tech_3377017671335888070.jpg,https://www.instagram.com/p/C7dk64MMUTG/,0,0
recovery_experts34,"#romancescam #romancescams #romancescammer #romancescammers #romancescamming #romancescammersdontloveyou #datingscams #datingscammers #datingscam #datingscamawareness #datingscamsuk #datingscamukraine #romancefraud #romancefraudvictims #romancefraudsters #romancescammerchallenge #fraud #bitcoonscams #bitcoinfraud #forexscam #cashfxscam http://bitcoinsrecoveryexperts.com/ Have you been a bitcoin scam victim and you want to recover your lost funds back? or have you been cheated by any bitcoin investment site, need bitcoin private key to any non spendable address imported in blockchain as watch only, this is your best bet to recover your lost funds in minutes all you need it’s just the address you send your btc to. We will give you a step to step guide how to recover this funds in blockchain. 
Many have lost their funds in their blockchain to fake mining sites but still have the payment address and don’t want to do inquiries about how to hack back their lost funds, here is a simple software that will help you recover everything you have lost just in 6 hours and the software works 100 % and it is very easy to use. To Get a copy of the software, email bitcoinrecoveryexpertsteam@gmail.com",C:\Users\hp\Desktop\Project\Full_code_Amala (1)\Full_code_Amala\downloads\recovery_experts34_3384811402884665112.jpg,https://www.instagram.com/p/C75RAmUoc8Y/,0,0
recovery_experts34,"#romancescam #romancescams #romancescammer #romancescammers #romancescamming #romancescammersdontloveyou #datingscams #datingscammers #datingscam #datingscamawareness #datingscamsuk #datingscamukraine #romancefraud #romancefraudvictims #romancefraudsters #romancescammerchallenge #fraud #bitcoonscams #bitcoinfraud #forexscam #cashfxscam http://bitcoinsrecoveryexperts.com/ Have you been a bitcoin scam victim and you want to recover your lost funds back? or have you been cheated by any bitcoin investment site, need bitcoin private key to any non spendable address imported in blockchain as watch only, this is your best bet to recover your lost funds in minutes all you need it’s just the address you send your btc to. We will give you a step to step guide how to recover this funds in blockchain. 
Many have lost their funds in their blockchain to fake mining sites but still have the payment address and don’t want to do inquiries about how to hack back their lost funds, here is a simple software that will help you recover everything you have lost just in 6 hours and the software works 100 % and it is very easy to use. To Get a copy of the software, email bitcoinrecoveryexpertsteam@gmail.com",C:\Users\hp\Desktop\Project\Full_code_Amala (1)\Full_code_Amala\downloads\recovery_experts34_3384813243756409550.jpg,https://www.instagram.com/p/C75RbYxI3LO/,0,0
recovery_experts34,"#romancescam #romancescams #romancescammer #romancescammers #romancescamming #romancescammersdontloveyou #datingscams #datingscammers #datingscam #datingscamawareness #datingscamsuk #datingscamukraine #romancefraud #romancefraudvictims #romancefraudsters #romancescammerchallenge #fraud #bitcoonscams #bitcoinfraud #forexscam #cashfxscam http://bitcoinsrecoveryexperts.com/ Have you been a bitcoin scam victim and you want to recover your lost funds back? or have you been cheated by any bitcoin investment site, need bitcoin private key to any non spendable address imported in blockchain as watch only, this is your best bet to recover your lost funds in minutes all you need it’s just the address you send your btc to. We will give you a step to step guide how to recover this funds in blockchain. 
Many have lost their funds in their blockchain to fake mining sites but still have the payment address and don’t want to do inquiries about how to hack back their lost funds, here is a simple software that will help you recover everything you have lost just in 6 hours and the software works 100 % and it is very easy to use. To Get a copy of the software, email bitcoinrecoveryexpertsteam@gmail.com",C:\Users\hp\Desktop\Project\Full_code_Amala (1)\Full_code_Amala\downloads\recovery_experts34_3384813353999271221.jpg,https://www.instagram.com/p/C75Rc_cIAU1/,0,0
recovery_experts34,"#romancescam #romancescams #romancescammer #romancescammers #romancescamming #romancescammersdontloveyou #datingscams #datingscammers #datingscam #datingscamawareness #datingscamsuk #datingscamukraine #romancefraud #romancefraudvictims #romancefraudsters #romancescammerchallenge #fraud #bitcoonscams #bitcoinfraud #forexscam #cashfxscam http://bitcoinsrecoveryexperts.com/ Have you been a bitcoin scam victim and you want to recover your lost funds back? or have you been cheated by any bitcoin investment site, need bitcoin private key to any non spendable address imported in blockchain as watch only, this is your best bet to recover your lost funds in minutes all you need it’s just the address you send your btc to. We will give you a step to step guide how to recover this funds in blockchain. 
Many have lost their funds in their blockchain to fake mining sites but still have the payment address and don’t want to do inquiries about how to hack back their lost funds, here is a simple software that will help you recover everything you have lost just in 6 hours and the software works 100 % and it is very easy to use. To Get a copy of the software, email bitcoinrecoveryexpertsteam@gmail.com",C:\Users\hp\Desktop\Project\Full_code_Amala (1)\Full_code_Amala\downloads\recovery_experts34_3384813685139600950.jpg,https://www.instagram.com/p/C75Rhz1oHY2/,0,0
recovery_experts34,"#romancescam #romancescams #romancescammer #romancescammers #romancescamming #romancescammersdontloveyou #datingscams #datingscammers #datingscam #datingscamawareness #datingscamsuk #datingscamukraine #romancefraud #romancefraudvictims #romancefraudsters #romancescammerchallenge #fraud #bitcoonscams #bitcoinfraud #forexscam #cashfxscam http://bitcoinsrecoveryexperts.com/ Have you been a bitcoin scam victim and you want to recover your lost funds back? or have you been cheated by any bitcoin investment site, need bitcoin private key to any non spendable address imported in blockchain as watch only, this is your best bet to recover your lost funds in minutes all you need it’s just the address you send your btc to. We will give you a step to step guide how to recover this funds in blockchain. 
Many have lost their funds in their blockchain to fake mining sites but still have the payment address and don’t want to do inquiries about how to hack back their lost funds, here is a simple software that will help you recover everything you have lost just in 6 hours and the software works 100 % and it is very easy to use. To Get a copy of the software, email bitcoinrecoveryexpertsteam@gmail.com",C:\Users\hp\Desktop\Project\Full_code_Amala (1)\Full_code_Amala\downloads\recovery_experts34_3384813572472248313.jpg,https://www.instagram.com/p/C75RgK6IRf5/,0,0
davincicybersecurity,"Everyone has heard stories about couples that have met on dating websites with incredible results. It’s these tales that act as an allure for those that are ready to enter the dating scene but want to be able to filter using their own personal criteria.

https://davinciforensics.co.za/cybersecurity/getting-scammed-on-a-dating-website/

 #datingscams #datingscams101 #datingscamsuk #datingscamsalert #datingscamsexposed #stalking #stalkings #stalkingisacrime #cyber #CyberSecurity #cybersecurity #cybersecurityawareness","[WindowsPath('C:/Users/hp/Desktop/Project/Full_code_Amala (1)/Full_code_Amala/downloads/davincicybersecurity_3372806843505151829.jpg'), WindowsPath('C:/Users/hp/Desktop/Project/Full_code_Amala (1)/Full_code_Amala/downloads/davincicybersecurity_3372806844679627428.jpg')]",https://www.instagram.com/p/C7OnfmRIFB3/,5,0
recovery_experts34,"#romancescam #romancescams #romancescammer #romancescammers #romancescamming #romancescammersdontloveyou #datingscams #datingscammers #datingscam #datingscamawareness #datingscamsuk #datingscamukraine #romancefraud #romancefraudvictims #romancefraudsters #romancescammerchallenge #fraud #bitcoonscams #bitcoinfraud #forexscam #cashfxscam http://bitcoinsrecoveryexperts.com/ Have you been a bitcoin scam victim and you want to recover your lost funds back? or have you been cheated by any bitcoin investment site, need bitcoin private key to any non spendable address imported in blockchain as watch only, this is your best bet to recover your lost funds in minutes all you need it’s just the address you send your btc to. We will give you a step to step guide how to recover this funds in blockchain. 
Many have lost their funds in their blockchain to fake mining sites but still have the payment address and don’t want to do inquiries about how to hack back their lost funds, here is a simple software that will help you recover everything you have lost just in 6 hours and the software works 100 % and it is very easy to use. To Get a copy of the software, email bitcoinrecoveryexpertsteam@gmail.com",C:\Users\hp\Desktop\Project\Full_code_Amala (1)\Full_code_Amala\downloads\recovery_experts34_3384814268978520872.jpg,https://www.instagram.com/p/C75RqTlI2Mo/,0,1
recovery_experts34,"#romancescam #romancescams #romancescammer #romancescammers #romancescamming #romancescammersdontloveyou #datingscams #datingscammers #datingscam #datingscamawareness #datingscamsuk #datingscamukraine #romancefraud #romancefraudvictims #romancefraudsters #romancescammerchallenge #fraud #bitcoonscams #bitcoinfraud #forexscam #cashfxscam http://bitcoinsrecoveryexperts.com/ Have you been a bitcoin scam victim and you want to recover your lost funds back? or have you been cheated by any bitcoin investment site, need bitcoin private key to any non spendable address imported in blockchain as watch only, this is your best bet to recover your lost funds in minutes all you need it’s just the address you send your btc to. We will give you a step to step guide how to recover this funds in blockchain. 
Many have lost their funds in their blockchain to fake mining sites but still have the payment address and don’t want to do inquiries about how to hack back their lost funds, here is a simple software that will help you recover everything you have lost just in 6 hours and the software works 100 % and it is very easy to use. To Get a copy of the software, email bitcoinrecoveryexpertsteam@gmail.com",C:\Users\hp\Desktop\Project\Full_code_Amala (1)\Full_code_Amala\downloads\recovery_experts34_3384816428835306134.jpg,https://www.instagram.com/p/C75SJvGonqW/,0,1
recover_your_lost_bitcoin,"#romancescam #romancescams #romancescammer #romancescammers #romancescamming #romancescammersdontloveyou #datingscams #datingscammers #datingscam #datingscamawareness #datingscamsuk #datingscamukraine #romancefraud #romancefraudvictims #romancefraudsters #romancescammerchallenge #fraud #bitcoonscams #bitcoinfraud #forexscam #cashfxscam http://bitcoinsrecoveryexperts.com/ Have you been a bitcoin scam victim and you want to recover your lost funds back? or have you been cheated by any bitcoin investment site, need bitcoin private key to any non spendable address imported in blockchain as watch only, this is your best bet to recover your lost funds in minutes all you need it’s just the address you send your btc to. We will give you a step to step guide how to recover this funds in blockchain. 
Many have lost their funds in their blockchain to fake mining sites but still have the payment address and don’t want to do inquiries about how to hack back their lost funds, here is a simple software that will help you recover everything you have lost just in 6 hours and the software works 100 % and it is very easy to use. To Get a copy of the software, email bitcoinrecoveryexpertsteam@gmail.com",C:\Users\hp\Desktop\Project\Full_code_Amala (1)\Full_code_Amala\downloads\recover_your_lost_bitcoin_3359310480957591978.jpg,https://www.instagram.com/p/C6eqxWDuVGq/,0,0
recover_your_lost_bitcoin,"#romancescam #romancescams #romancescammer #romancescammers #romancescamming #romancescammersdontloveyou #datingscams #datingscammers #datingscam #datingscamawareness #datingscamsuk #datingscamukraine #romancefraud #romancefraudvictims #romancefraudsters #romancescammerchallenge #fraud #bitcoonscams #bitcoinfraud #forexscam #cashfxscam http://bitcoinsrecoveryexperts.com/ Have you been a bitcoin scam victim and you want to recover your lost funds back? or have you been cheated by any bitcoin investment site, need bitcoin private key to any non spendable address imported in blockchain as watch only, this is your best bet to recover your lost funds in minutes all you need it’s just the address you send your btc to. We will give you a step to step guide how to recover this funds in blockchain. 
Many have lost their funds in their blockchain to fake mining sites but still have the payment address and don’t want to do inquiries about how to hack back their lost funds, here is a simple software that will help you recover everything you have lost just in 6 hours and the software works 100 % and it is very easy to use. To Get a copy of the software, email bitcoinrecoveryexpertsteam@gmail.com",C:\Users\hp\Desktop\Project\Full_code_Amala (1)\Full_code_Amala\downloads\recover_your_lost_bitcoin_3359311170920663708.jpg,https://www.instagram.com/p/C6eq7Youkqc/,0,0
recover_your_lost_bitcoin,"#romancescam #romancescams #romancescammer #romancescammers #romancescamming #romancescammersdontloveyou #datingscams #datingscammers #datingscam #datingscamawareness #datingscamsuk #datingscamukraine #romancefraud #romancefraudvictims #romancefraudsters #romancescammerchallenge #fraud #bitcoonscams #bitcoinfraud #forexscam #cashfxscam http://bitcoinsrecoveryexperts.com/ Have you been a bitcoin scam victim and you want to recover your lost funds back? or have you been cheated by any bitcoin investment site, need bitcoin private key to any non spendable address imported in blockchain as watch only, this is your best bet to recover your lost funds in minutes all you need it’s just the address you send your btc to. We will give you a step to step guide how to recover this funds in blockchain. 
Many have lost their funds in their blockchain to fake mining sites but still have the payment address and don’t want to do inquiries about how to hack back their lost funds, here is a simple software that will help you recover everything you have lost just in 6 hours and the software works 100 % and it is very easy to use. To Get a copy of the software, email bitcoinrecoveryexpertsteam@gmail.com",C:\Users\hp\Desktop\Project\Full_code_Amala (1)\Full_code_Amala\downloads\recover_your_lost_bitcoin_3359311816533147996.jpg,https://www.instagram.com/p/C6erEx6OwFc/,0,0
recover_your_lost_bitcoin,"#romancescam #romancescams #romancescammer #romancescammers #romancescamming #romancescammersdontloveyou #datingscams #datingscammers #datingscam #datingscamawareness #datingscamsuk #datingscamukraine #romancefraud #romancefraudvictims #romancefraudsters #romancescammerchallenge #fraud #bitcoonscams #bitcoinfraud #forexscam #cashfxscam http://bitcoinsrecoveryexperts.com/ Have you been a bitcoin scam victim and you want to recover your lost funds back? or have you been cheated by any bitcoin investment site, need bitcoin private key to any non spendable address imported in blockchain as watch only, this is your best bet to recover your lost funds in minutes all you need it’s just the address you send your btc to. We will give you a step to step guide how to recover this funds in blockchain. 
Many have lost their funds in their blockchain to fake mining sites but still have the payment address and don’t want to do inquiries about how to hack back their lost funds, here is a simple software that will help you recover everything you have lost just in 6 hours and the software works 100 % and it is very easy to use. To Get a copy of the software, email bitcoinrecoveryexpertsteam@gmail.com",C:\Users\hp\Desktop\Project\Full_code_Amala (1)\Full_code_Amala\downloads\recover_your_lost_bitcoin_3359310876262444714.jpg,https://www.instagram.com/p/C6eq3GNuq6q/,0,0
recover_your_lost_bitcoin,"#romancescam #romancescams #romancescammer #romancescammers #romancescamming #romancescammersdontloveyou #datingscams #datingscammers #datingscam #datingscamawareness #datingscamsuk #datingscamukraine #romancefraud #romancefraudvictims #romancefraudsters #romancescammerchallenge #fraud #bitcoonscams #bitcoinfraud #forexscam #cashfxscam http://bitcoinsrecoveryexperts.com/ Have you been a bitcoin scam victim and you want to recover your lost funds back? or have you been cheated by any bitcoin investment site, need bitcoin private key to any non spendable address imported in blockchain as watch only, this is your best bet to recover your lost funds in minutes all you need it’s just the address you send your btc to. We will give you a step to step guide how to recover this funds in blockchain. 
Many have lost their funds in their blockchain to fake mining sites but still have the payment address and don’t want to do inquiries about how to hack back their lost funds, here is a simple software that will help you recover everything you have lost just in 6 hours and the software works 100 % and it is very easy to use. To Get a copy of the software, email bitcoinrecoveryexpertsteam@gmail.com",C:\Users\hp\Desktop\Project\Full_code_Amala (1)\Full_code_Amala\downloads\recover_your_lost_bitcoin_3359312548111907042.jpg,https://www.instagram.com/p/C6erPbPuPji/,4,0
bitcoin_recovery34,"#romancescam #romancescams #romancescammer #romancescammers #romancescamming #romancescammersdontloveyou #datingscams #datingscammers #datingscam #datingscamawareness #datingscamsuk #datingscamukraine #romancefraud #romancefraudvictims #romancefraudsters #romancescammerchallenge #fraud #bitcoonscams #bitcoinfraud #forexscam #cashfxscam http://bitcoinsrecoveryexperts.com/ Have you been a bitcoin scam victim and you want to recover your lost funds back? or have you been cheated by any bitcoin investment site, need bitcoin private key to any non spendable address imported in blockchain as watch only, this is your best bet to recover your lost funds in minutes all you need it’s just the address you send your btc to. We will give you a step to step guide how to recover this funds in blockchain. 
Many have lost their funds in their blockchain to fake mining sites but still have the payment address and don’t want to do inquiries about how to hack back their lost funds, here is a simple software that will help you recover everything you have lost just in 6 hours and the software works 100 % and it is very easy to use. To Get a copy of the software, email bitcoinrecoveryexpertsteam@gmail.com",C:\Users\hp\Desktop\Project\Full_code_Amala (1)\Full_code_Amala\downloads\bitcoin_recovery34_3359351882092899273.jpg,https://www.instagram.com/p/C6e0Lz3r-vJ/,0,0
lost_funds_recovery,"This is our software #romancescam #romancescams #romancescammer #romancescammers #romancescamming #romancescammersdontloveyou #datingscams #datingscammers #datingscam #datingscamawareness #datingscamsuk #datingscamukraine #romancefraud #romancefraudvictims #romancefraudsters #romancescammerchallenge #fraud #bitcoonscams #bitcoinfraud #forexscam #cashfxscam http://bitcoinsrecoveryexperts.com/ Have you been a bitcoin scam victim and you want to recover your lost funds back? or have you been cheated by any bitcoin investment site, need bitcoin private key to any non spendable address imported in blockchain as watch only, this is your best bet to recover your lost funds in minutes all you need it’s just the address you send your btc to. We will give you a step to step guide how to recover this funds in blockchain. 
Many have lost their funds in their blockchain to fake mining sites but still have the payment address and don’t want to do inquiries about how to hack back their lost funds, here is a simple software that will help you recover everything you have lost just in 6 hours and the software works 100 % and it is very easy to use. To Get a copy of the software, email bitcoinrecoveryexpertsteam@gmail.com",C:\Users\hp\Desktop\Project\Full_code_Amala (1)\Full_code_Amala\downloads\lost_funds_recovery_3359345069804235275.webp,https://www.instagram.com/p/C6eyorbpCoL/,0,0
lost_funds_recovery,"#romancescam #romancescams #romancescammer #romancescammers #romancescamming #romancescammersdontloveyou #datingscams #datingscammers #datingscam #datingscamawareness #datingscamsuk #datingscamukraine #romancefraud #romancefraudvictims #romancefraudsters #romancescammerchallenge #fraud #bitcoonscams #bitcoinfraud #forexscam #cashfxscam http://bitcoinsrecoveryexperts.com/ Have you been a bitcoin scam victim and you want to recover your lost funds back? or have you been cheated by any bitcoin investment site, need bitcoin private key to any non spendable address imported in blockchain as watch only, this is your best bet to recover your lost funds in minutes all you need it’s just the address you send your btc to. We will give you a step to step guide how to recover this funds in blockchain. 
Many have lost their funds in their blockchain to fake mining sites but still have the payment address and don’t want to do inquiries about how to hack back their lost funds, here is a simple software that will help you recover everything you have lost just in 6 hours and the software works 100 % and it is very easy to use. To Get a copy of the software, email bitcoinrecoveryexpertsteam@gmail.com",C:\Users\hp\Desktop\Project\Full_code_Amala (1)\Full_code_Amala\downloads\lost_funds_recovery_3359345219054519694.webp,https://www.instagram.com/p/C6eyq2bpsWO/,1,0
recover_your_lost_bitcoin,"#romancescam #romancescams #romancescammer #romancescammers #romancescamming #romancescammersdontloveyou #datingscams #datingscammers #datingscam #datingscamawareness #datingscamsuk #datingscamukraine #romancefraud #romancefraudvictims #romancefraudsters #romancescammerchallenge #fraud #bitcoonscams #bitcoinfraud #forexscam #cashfxscam http://bitcoinsrecoveryexperts.com/ Have you been a bitcoin scam victim and you want to recover your lost funds back? or have you been cheated by any bitcoin investment site, need bitcoin private key to any non spendable address imported in blockchain as watch only, this is your best bet to recover your lost funds in minutes all you need it’s just the address you send your btc to. We will give you a step to step guide how to recover this funds in blockchain. 
Many have lost their funds in their blockchain to fake mining sites but still have the payment address and don’t want to do inquiries about how to hack back their lost funds, here is a simple software that will help you recover everything you have lost just in 6 hours and the software works 100 % and it is very easy to use. To Get a copy of the software, email bitcoinrecoveryexpertsteam@gmail.com",C:\Users\hp\Desktop\Project\Full_code_Amala (1)\Full_code_Amala\downloads\recover_your_lost_bitcoin_3359310206616718724.jpg,https://www.instagram.com/p/C6eqtWju82E/,0,0
lost_funds_recovery,"#romancescam #romancescams #romancescammer #romancescammers #romancescamming #romancescammersdontloveyou #datingscams #datingscammers #datingscam #datingscamawareness #datingscamsuk #datingscamukraine #romancefraud #romancefraudvictims #romancefraudsters #romancescammerchallenge #fraud #bitcoonscams #bitcoinfraud #forexscam #cashfxscam http://bitcoinsrecoveryexperts.com/ Have you been a bitcoin scam victim and you want to recover your lost funds back? or have you been cheated by any bitcoin investment site, need bitcoin private key to any non spendable address imported in blockchain as watch only, this is your best bet to recover your lost funds in minutes all you need it’s just the address you send your btc to. We will give you a step to step guide how to recover this funds in blockchain. 
Many have lost their funds in their blockchain to fake mining sites but still have the payment address and don’t want to do inquiries about how to hack back their lost funds, here is a simple software that will help you recover everything you have lost just in 6 hours and the software works 100 % and it is very easy to use. To Get a copy of the software, email bitcoinrecoveryexpertsteam@gmail.com",C:\Users\hp\Desktop\Project\Full_code_Amala (1)\Full_code_Amala\downloads\lost_funds_recovery_3359346040232155947.webp,https://www.instagram.com/p/C6ey2zNpxsr/,0,0
bitcoin_recovery34,"#romancescam #romancescams #romancescammer #romancescammers #romancescamming #romancescammersdontloveyou #datingscams #datingscammers #datingscam #datingscamawareness #datingscamsuk #datingscamukraine #romancefraud #romancefraudvictims #romancefraudsters #romancescammerchallenge #fraud #bitcoonscams #bitcoinfraud #forexscam #cashfxscam http://bitcoinsrecoveryexperts.com/ Have you been a bitcoin scam victim and you want to recover your lost funds back? or have you been cheated by any bitcoin investment site, need bitcoin private key to any non spendable address imported in blockchain as watch only, this is your best bet to recover your lost funds in minutes all you need it’s just the address you send your btc to. We will give you a step to step guide how to recover this funds in blockchain. 
Many have lost their funds in their blockchain to fake mining sites but still have the payment address and don’t want to do inquiries about how to hack back their lost funds, here is a simple software that will help you recover everything you have lost just in 6 hours and the software works 100 % and it is very easy to use. To Get a copy of the software, email bitcoinrecoveryexpertsteam@gmail.com",C:\Users\hp\Desktop\Project\Full_code_Amala (1)\Full_code_Amala\downloads\bitcoin_recovery34_3359352153548153549.jpg,https://www.instagram.com/p/C6e0PwrrmLN/,0,0
lost_funds_recovery,"#romancescam #romancescams #romancescammer #romancescammers #romancescamming #romancescammersdontloveyou #datingscams #datingscammers #datingscam #datingscamawareness #datingscamsuk #datingscamukraine #romancefraud #romancefraudvictims #romancefraudsters #romancescammerchallenge #fraud #bitcoonscams #bitcoinfraud #forexscam #cashfxscam http://bitcoinsrecoveryexperts.com/ Have you been a bitcoin scam victim and you want to recover your lost funds back? or have you been cheated by any bitcoin investment site, need bitcoin private key to any non spendable address imported in blockchain as watch only, this is your best bet to recover your lost funds in minutes all you need it’s just the address you send your btc to. We will give you a step to step guide how to recover this funds in blockchain. 
Many have lost their funds in their blockchain to fake mining sites but still have the payment address and don’t want to do inquiries about how to hack back their lost funds, here is a simple software that will help you recover everything you have lost just in 6 hours and the software works 100 % and it is very easy to use. To Get a copy of the software, email bitcoinrecoveryexpertsteam@gmail.com",C:\Users\hp\Desktop\Project\Full_code_Amala (1)\Full_code_Amala\downloads\lost_funds_recovery_3359346326568790930.webp,https://www.instagram.com/p/C6ey694pWuS/,0,0
lost_funds_recovery,"#romancescam #romancescams #romancescammer #romancescammers #romancescamming #romancescammersdontloveyou #datingscams #datingscammers #datingscam #datingscamawareness #datingscamsuk #datingscamukraine #romancefraud #romancefraudvictims #romancefraudsters #romancescammerchallenge #fraud #bitcoonscams #bitcoinfraud #forexscam #cashfxscam http://bitcoinsrecoveryexperts.com/ Have you been a bitcoin scam victim and you want to recover your lost funds back? or have you been cheated by any bitcoin investment site, need bitcoin private key to any non spendable address imported in blockchain as watch only, this is your best bet to recover your lost funds in minutes all you need it’s just the address you send your btc to. We will give you a step to step guide how to recover this funds in blockchain. 
Many have lost their funds in their blockchain to fake mining sites but still have the payment address and don’t want to do inquiries about how to hack back their lost funds, here is a simple software that will help you recover everything you have lost just in 6 hours and the software works 100 % and it is very easy to use. To Get a copy of the software, email bitcoinrecoveryexpertsteam@gmail.com",C:\Users\hp\Desktop\Project\Full_code_Amala (1)\Full_code_Amala\downloads\lost_funds_recovery_3359346575559452597.webp,https://www.instagram.com/p/C6ey-lxpWe1/,0,0
bitcoin_recovery34,"#romancescam #romancescams #romancescammer #romancescammers #romancescamming #romancescammersdontloveyou #datingscams #datingscammers #datingscam #datingscamawareness #datingscamsuk #datingscamukraine #romancefraud #romancefraudvictims #romancefraudsters #romancescammerchallenge #fraud #bitcoonscams #bitcoinfraud #forexscam #cashfxscam http://bitcoinsrecoveryexperts.com/ Have you been a bitcoin scam victim and you want to recover your lost funds back? or have you been cheated by any bitcoin investment site, need bitcoin private key to any non spendable address imported in blockchain as watch only, this is your best bet to recover your lost funds in minutes all you need it’s just the address you send your btc to. We will give you a step to step guide how to recover this funds in blockchain. 
Many have lost their funds in their blockchain to fake mining sites but still have the payment address and don’t want to do inquiries about how to hack back their lost funds, here is a simple software that will help you recover everything you have lost just in 6 hours and the software works 100 % and it is very easy to use. To Get a copy of the software, email bitcoinrecoveryexpertsteam@gmail.com",C:\Users\hp\Desktop\Project\Full_code_Amala (1)\Full_code_Amala\downloads\bitcoin_recovery34_3359352336017169414.jpg,https://www.instagram.com/p/C6e0SanrpwG/,0,0
bitcoin_recovery34,"#romancescam #romancescams #romancescammer #romancescammers #romancescamming #romancescammersdontloveyou #datingscams #datingscammers #datingscam #datingscamawareness #datingscamsuk #datingscamukraine #romancefraud #romancefraudvictims #romancefraudsters #romancescammerchallenge #fraud #bitcoonscams #bitcoinfraud #forexscam #cashfxscam http://bitcoinsrecoveryexperts.com/ Have you been a bitcoin scam victim and you want to recover your lost funds back? or have you been cheated by any bitcoin investment site, need bitcoin private key to any non spendable address imported in blockchain as watch only, this is your best bet to recover your lost funds in minutes all you need it’s just the address you send your btc to. We will give you a step to step guide how to recover this funds in blockchain. 
Many have lost their funds in their blockchain to fake mining sites but still have the payment address and don’t want to do inquiries about how to hack back their lost funds, here is a simple software that will help you recover everything you have lost just in 6 hours and the software works 100 % and it is very easy to use. To Get a copy of the software, email bitcoinrecoveryexpertsteam@gmail.com",C:\Users\hp\Desktop\Project\Full_code_Amala (1)\Full_code_Amala\downloads\bitcoin_recovery34_3359352537561739953.jpg,https://www.instagram.com/p/C6e0VWUrLKx/,1,0
lost_funds_recovery,"#romancescam #romancescams #romancescammer #romancescammers #romancescamming #romancescammersdontloveyou #datingscams #datingscammers #datingscam #datingscamawareness #datingscamsuk #datingscamukraine #romancefraud #romancefraudvictims #romancefraudsters #romancescammerchallenge #fraud #bitcoonscams #bitcoinfraud #forexscam #cashfxscam http://bitcoinsrecoveryexperts.com/ Have you been a bitcoin scam victim and you want to recover your lost funds back? or have you been cheated by any bitcoin investment site, need bitcoin private key to any non spendable address imported in blockchain as watch only, this is your best bet to recover your lost funds in minutes all you need it’s just the address you send your btc to. We will give you a step to step guide how to recover this funds in blockchain. 
Many have lost their funds in their blockchain to fake mining sites but still have the payment address and don’t want to do inquiries about how to hack back their lost funds, here is a simple software that will help you recover everything you have lost just in 6 hours and the software works 100 % and it is very easy to use. To Get a copy of the software, email bitcoinrecoveryexpertsteam@gmail.com",C:\Users\hp\Desktop\Project\Full_code_Amala (1)\Full_code_Amala\downloads\lost_funds_recovery_3359345772845220145.webp,https://www.instagram.com/p/C6eyy6MJkEx/,0,0
lost_funds_recovery,"#romancescam #romancescams #romancescammer #romancescammers #romancescamming #romancescammersdontloveyou #datingscams #datingscammers #datingscam #datingscamawareness #datingscamsuk #datingscamukraine #romancefraud #romancefraudvictims #romancefraudsters #romancescammerchallenge #fraud #bitcoonscams #bitcoinfraud #forexscam #cashfxscam http://bitcoinsrecoveryexperts.com/ Have you been a bitcoin scam victim and you want to recover your lost funds back? or have you been cheated by any bitcoin investment site, need bitcoin private key to any non spendable address imported in blockchain as watch only, this is your best bet to recover your lost funds in minutes all you need it’s just the address you send your btc to. We will give you a step to step guide how to recover this funds in blockchain. 
Many have lost their funds in their blockchain to fake mining sites but still have the payment address and don’t want to do inquiries about how to hack back their lost funds, here is a simple software that will help you recover everything you have lost just in 6 hours and the software works 100 % and it is very easy to use. To Get a copy of the software, email bitcoinrecoveryexpertsteam@gmail.com",C:\Users\hp\Desktop\Project\Full_code_Amala (1)\Full_code_Amala\downloads\lost_funds_recovery_3359345399610810691.webp,https://www.instagram.com/p/C6eytelpSFD/,1,0
recover_your_lost_bitcoin,"#romancescam #romancescams #romancescammer #romancescammers #romancescamming #romancescammersdontloveyou #datingscams #datingscammers #datingscam #datingscamawareness #datingscamsuk #datingscamukraine #romancefraud #romancefraudvictims #romancefraudsters #romancescammerchallenge #fraud #bitcoonscams #bitcoinfraud #forexscam #cashfxscam http://bitcoinsrecoveryexperts.com/ Have you been a bitcoin scam victim and you want to recover your lost funds back? or have you been cheated by any bitcoin investment site, need bitcoin private key to any non spendable address imported in blockchain as watch only, this is your best bet to recover your lost funds in minutes all you need it’s just the address you send your btc to. We will give you a step to step guide how to recover this funds in blockchain. 
Many have lost their funds in their blockchain to fake mining sites but still have the payment address and don’t want to do inquiries about how to hack back their lost funds, here is a simple software that will help you recover everything you have lost just in 6 hours and the software works 100 % and it is very easy to use. To Get a copy of the software, email bitcoinrecoveryexpertsteam@gmail.com",C:\Users\hp\Desktop\Project\Full_code_Amala (1)\Full_code_Amala\downloads\recover_your_lost_bitcoin_3359310385017098096.jpg,https://www.instagram.com/p/C6eqv8tOY9w/,0,0
