username,caption,media_path,post_url,likes,comments
igor_tech_investigator,"Posted @withregram • @igor_tech_investigator @igor_tech_investigator 
#facebook #fyp #kraken #instagram  #facebookhacked #lockedaccount #romancescam scam #cheatingpartner #howtospywhatsapp #howtospyoncheatingpartners #whatsapppartner #howtocatchacheatingboyfriend #cheatingtricks #spycheatingwhatsapp #catchacheaterhack #spyoncheatingpartner #trackcheatingpartner #snapchat #snapchathack #snapchattips #snap #snapchathacks #howtogetintotech #toxic #Relationship #hack #howtogetoversomeone #howtoconnecttoyourpartner #howtospyonsomone #world",C:\Users\hp\Desktop\Project\Full_code_Amala (1)\Full_code_Amala\downloads\igor_tech_investigator_3485998379491331072.webp,https://www.instagram.com/p/DBgwQ55KwwA/,1,0
90day_savage,"Yolanda is an attractive woman, I'll give her that. But, I don't think she looks anything like Halle Berry like her ""bae"" Josh said. 
Thoughts - do they look alike, is it true love or #fakeaf? Go! 🏁
.
#jolanda #scamlanda #dumblanda #dearblackpeople
#90dayfiancebeforethe90days #90dayfiancepillowtalk #yolandaandwilliams #weeyums #joshseiter #joshuaandrew #onlyfans #racistcontent #thebachelor #stripper #gigalo #porn #romancescam #longdistancerelationship #halleberry #liarliar #memes #savagememes #memequeen #90day_savage #tlc #realitytv #realitytvmemes #tlcmemes #sorrynotsorry",C:\Users\hp\Desktop\Project\Full_code_Amala (1)\Full_code_Amala\downloads\90day_savage_2399887491169482675.jpg,https://www.instagram.com/p/CFOHPVED3ez/,1460,157
ramones_secondchance,".
⏩  howellericsson44
Please report!
RPO Bernd Wallisch ( reiseleiter_bernd ) 

‼️Attention: The men and women in the photos are not scammers! These people are victims whose photos were stolen to create fake accounts!

 🚩Contrary to what some people think, love bombing is not just showering you with compliments and declarations of love. ‼️Scammers use love bombing to make their victim compliant. So it's a form of manipulation! After love bombing, the deep fall often comes when the victim doesn't behave as the scammer expects. For example, the victim no longer sends money. Then another point of this manipulation follows:
The scammer presents himself as a victim! For example, he writes things like:
🚩 ""Why do you treat me like this?
🚩 ""I thought you loved me! But apparently that's not the case!
🚩 ""You said you loved me! Why are you abandoning me?
‼️ Don’t let love bombing manipulate you!

#fakelovers #fakelover #boyfriend #fakelovequotes #lovestory #loveedits #bestfriend #FakeLove #scamspotting #fakelovefriday #iloveyou #ichliebedaslebenmitdir #FauxAmour #UnrealLove #BrokenHearts #loveofmylife #bepositive #feelsgood #EmptyPromises #brokenhearts #scammer #smilingface #halloween #merrymood #facebook #imposter #romancescam #sohappy #fulfilled #thankful",C:\Users\hp\Desktop\Project\Full_code_Amala (1)\Full_code_Amala\downloads\ramones_secondchance_3488724093815329846.webp,https://www.instagram.com/p/DBqcBRLNZQ2/,5,0
todayonline,"It was a bizarre case that sent shock waves across South Korea. Jeon Cheong Jo, a convicted fraudster, successfully swindled millions off her victims by posing as the male billionaire heir of one of the country's biggest conglomerates.

How did she pull it off?
#jeongcheongjo #truecrime #scandal #fraudsters #romancescam",,https://www.instagram.com/p/C5IilMtLNkg/,5189,89
ramones_secondchance,"@jeffrersonandrew  Please report! 
RPO Luke Dutton ( lukedutton.com85 ) 

‼️Attention: The men and women in the photos are not scammers! These people are victims whose photos were stolen to create fake accounts!
Red flags:
🚩 lives in Texas 
🚩 What's your cash app 
🚩 Because of the nature of my job, I'm not here often
🚩 add me to your WhatsApp
🚩 doctor in Syria or Yemen 

#FakeLove #scamspotting #fakelovefriday #iloveyou #ichliebedaslebenmitdir #FauxAmour #UnrealLove #BrokenHearts #loveofmylife #bepositive #feelsgood #EmptyPromises #brokenhearts #scammer #smilingface #halloween #merrymood #facebook #imposter #romancescam #sohappy #fulfilled #thankful #fraud #fakeaccount #lies #deceit #report #block #breakingnews",C:\Users\hp\Desktop\Project\Full_code_Amala (1)\Full_code_Amala\downloads\ramones_secondchance_3489039025203110813.webp,https://www.instagram.com/p/DBrjoH4tOOd/,5,0
vicariousity,@candaceowens #sharonsrivastava @vivekgramaswamy @jdvance @dineshjdsouza Gaurav Srivastava @kamalaharris  #democratdonor #conartist #romancescam #tinderswindler #indiansinpolitics #ethnicsinpolitics btw the black man had his day in the sun. After @barackobama the US will never vote for a black again. I had high hopes for @officialbenshapiro clearly he has amassed enormous political influence but I don’t even see a presidency in his future anymore.,,https://www.instagram.com/p/DBmkm1BNE1m/,0,0
linen_garden77,James Jason moved fast 😂 scammer from Port Harcourt Nigeria - #romancescam #romancescammer #nigerianscammers #internetsafety #giftcardscam #onlinescam #scamthescammers,C:\Users\hp\Desktop\Project\Full_code_Amala (1)\Full_code_Amala\downloads\linen_garden77_3486739299351283775.mp4,https://www.instagram.com/p/DBjYutSOkg_/,10,18
ramones_secondchance,"@williamsjude100 Please report!
RPO Shane Nickels
☑️ shanenickels
‼️Attention: The men and women in the photos are not scammers! These people are victims whose photos were stolen to create fake accounts!

🚩A scammer follows Ariana. Ariana follows the scammer back.
The scammer writes a second later: Hello my darling, I am so happy to be friends with such a beautiful woman who has such an interesting account!!! Thank you for accepting my request so tell me where are you from""
Ariana: First of all, I want to know why you follow me. You seem to like my account. As you can see, it's about environmental protection. Is the topic relevant to you? Because that's what I'm here for.

The scammer blocks Ariana.
A special red flag: 🚩 The scammer wrote immediately. He couldn't write this text in a second!
‼️ Scammers use text modules. All women they contact receive the same text! Thanks to these text modules, scammers are able to communicate with a large number of women in a time-saving manner.

#radiant #fakelovers #fakelover #boyfriend #fakelovequotes #lovestory #loveedits #bestfriend #FakeLove #scamspotting #fakelovefriday #iloveyou #ichliebedaslebenmitdir #FauxAmour #UnrealLove #BrokenHearts #loveofmylife #bepositive #feelsgood #EmptyPromises #brokenhearts #scammer #smilingface #halloween #merrymood #facebook #imposter #romancescam #sohappy #fulfilled",C:\Users\hp\Desktop\Project\Full_code_Amala (1)\Full_code_Amala\downloads\ramones_secondchance_3488721073438426687.webp,https://www.instagram.com/p/DBqbVUOt4Y_/,6,1
_so_creepy,".
⏩  pernsonal09922
Please report!
‼️Attention: The men and women in the photos are not scammers! These people are victims whose photos were stolen to create fake accounts!
This was once the account of one of my followers. I don't think the account was hacked. I think she created these fake accounts for scammers because she had several accounts to begin with, which seemed very suspicious to Ramone. Ramone blocked her because she was constantly upset about this account. 
Ramone always saved screenshots of accounts that seemed strange to her. Now this account came to us with a chat, which proves that it is a scam. Ramone had the right hunch again!

#fakelovefriday #iloveyou #ichliebedaslebenmitdir #FauxAmour #UnrealLove #BrokenHearts #loveofmylife #bepositive #feelsgood #EmptyPromises #brokenhearts #scammer #smilingface #halloween #merrymood #facebook #imposter #romancescam #sohappy #fulfilled #thankful #fraud #fakeaccount #lies #deceit #report #block #breakingnews #scammers #scammerph",C:\Users\hp\Desktop\Project\Full_code_Amala (1)\Full_code_Amala\downloads\_so_creepy_3489091022141071176.webp,https://www.instagram.com/p/DBrvcxzuR9I/,3,0
noting373,"✂ Fake account have to be deleted ASAP, so that there are no more victims. 
✂ If Real account reports one itself the fake deleted very quickly. Or only when many people report fake account can it be deleted. 
✂ 더 이상의 많은 피해자가 나오지 않도록, 가짜 계정은 가능한한 빨리 삭제되어야 합니다. 
✂ 실계정이 직접 신고하면 가짜는 더 빨리 삭제됩니다. 아니면 많은 분들이 가짜 계정을 신고해야만 합니다. 

🆔Real IG account : @clairechuuu

✍️Reports PLZ 
💀FAKE IG account : @sm.vol_1948
📵FAKE LINE : #aba808
📵FAKE name : Heeyeon
📵FAKE Link : https://forbess.cc

✔️Fake accounts are deleted and created again. Plz understand that I cannot update every time. 
✔️가짜 계정은 삭제되었다가 또 생성되었다가 합니다. 매번마다 업뎃 보고 할 수 없는 점 양해해 주세요. 

#facebookscam #페이스북사기
#인스타사기 #인스타사진도용 #사진도용 #인플루언서 #instascam #influencer
#romancescam #로맨스스캠 
#암호화폐사기 #가상화폐사기 #물류통관사기 #페이크은행 #채팅환전사기 #쇼핑몰사기 #페이크쇼핑몰
#fakebank #BTCscam #dropshipping
#돼지도살 #pig_butchering #杀猪盘 #诈骗
#国際ロマンス詐欺 #国際恋愛詐欺 #なりすまし","[WindowsPath('C:/Users/hp/Desktop/Project/Full_code_Amala (1)/Full_code_Amala/downloads/noting373_3488704081140036969.jpg'), WindowsPath('C:/Users/hp/Desktop/Project/Full_code_Amala (1)/Full_code_Amala/downloads/noting373_3488704080829708921.jpg'), WindowsPath('C:/Users/hp/Desktop/Project/Full_code_Amala (1)/Full_code_Amala/downloads/noting373_3488704080821322091.jpg'), WindowsPath('C:/Users/hp/Desktop/Project/Full_code_Amala (1)/Full_code_Amala/downloads/noting373_3488704080980553308.jpg')]",https://www.instagram.com/p/DBqXePATgNL/,9,0
hackwithcarlos,#instagramhack #iphone #locationhack #lovescam #phonehack #pvacreator #recoverbitcoin #romancescam #romancescammer #snapchathacks #talktoanhacker #trading #unlock #whatsapprecovery #asia #bitcoinhacker #canada #cheating #cheatingspouse #chicarmy #computerscience #cryptoscammer #disabled #dubia #england #etherium #etheriumrecovery #facebookhack #facebookmeta #facebookrecovery,C:\Users\hp\Desktop\Project\Full_code_Amala (1)\Full_code_Amala\downloads\hackwithcarlos_3480928581345913787.jpg,https://www.instagram.com/p/DBOvhoboKu7/,0,0
morebiggy,👵🏻🦶🏻🗑🔥#babygirllisa #nigeria #gangrene #romancescam #rawdog #90dayfiancetheotherway #90dayfiancehappilyeverafter #90dayfiance #petty #pettymemes #beforethe90days #tlc #tlcnetwork #tlcmemes #👑 #memequeen #90dayfiance  #90daysfiance #90dayfiancememes #90dayfiancebeforethe90days  #90dayfiancetheotherway #realitytv #realitytvmemes #90dayfiancetellall,C:\Users\hp\Desktop\Project\Full_code_Amala (1)\Full_code_Amala\downloads\morebiggy_2356209913854583942.jpg,https://www.instagram.com/p/CCy8G7TjmSG/,809,96
zionfelixdotcom,"Hajia 4Real finally pleads guilty to romance scam! She’s agreed to forfeit $2,164,758.41 to the victims. 

Cc: @iamremsover 

Click The Link In @vdngroup ‘s Bio To Watch The Full Video On Their YouTube Channel 

#TheBigStory #TPS #Hajia4real #romancescam",,https://www.instagram.com/p/C3pY0G1IJtC/,3464,34
angelinkbalitattoo,"Please be careful of any form of scammers, we only have one Facebook page, one Instagram, one YouTube and one website. First, please check out the profile of the account that contacted you or comment on your comment on behalf of Angel ink Bali…. 

#scams #romancescams #nigerianscam #419scam #datingscams #scammers #scamalert #scammer #interpol #scamlifeguard #scammingwomen #royallaoairborne #unitednation #nbcnews #catfishscammers #scam #scammersofinstagram #stolenphotos #presidentdonaldtrump #scammeralert #hairbender #redditread #throwingspade #thepulse #stopbeingnaive #thebeatgoeson #fbi #impersonation #romancescam #angelink","[WindowsPath('C:/Users/hp/Desktop/Project/Full_code_Amala (1)/Full_code_Amala/downloads/angelinkbalitattoo_3387435628647312629.jpg'), WindowsPath('C:/Users/hp/Desktop/Project/Full_code_Amala (1)/Full_code_Amala/downloads/angelinkbalitattoo_3387435629670732956.jpg')]",https://www.instagram.com/p/C8ClsRqhqdN/,1608,21
indiatoday,"Online scams have reached epidemic levels in the cyber world, with a notable increase in various types of cyber fraud, including work-from-home scams, stock market fraud, and WhatsApp scams, leaving victims financially drained and emotionally stressed. Among these, one particular type stands out for its emotional manipulation: the romance scam. In this scam, perpetrators build a romantic relationship with their victims before deceitfully stealing their money.

Link in bio.

#RomanceScam #Fraud #OnlineScam #DatingScam",,https://www.instagram.com/p/C76p-dItLlM/,10229,45
noting373,"✂ Fake account have to be deleted ASAP, so that there are no more victims. 
✂ If Real account reports one itself the fake deleted very quickly. Or only when many people report fake account can it be deleted. 
✂ 더 이상의 많은 피해자가 나오지 않도록, 가짜 계정은 가능한한 빨리 삭제되어야 합니다. 
✂ 실계정이 직접 신고하면 가짜는 더 빨리 삭제됩니다. 아니면 많은 분들이 가짜 계정을 신고해야만 합니다. 

🆔Real IG account : @y_wookk

✍️Reports PLZ 
💀FAKE IG account : @park.ho0n
@kim_hyun1960
📵FAKE name : Park Hoon

✔️Fake accounts are deleted and created again. Plz understand that I cannot update every time. 
✔️가짜 계정은 삭제되었다가 또 생성되었다가 합니다. 매번마다 업뎃 보고 할 수 없는 점 양해해 주세요. 

#패션디자이너 #애틀란타출장 #소매치기 #강도
#인스타사기 #인스타사진도용 #사진도용 #인플루언서 #instascam #influencer
#romancescam #로맨스스캠 
#암호화폐사기 #가상화폐사기 #물류통관사기 #페이크은행 #채팅환전사기 #쇼핑몰사기 #페이크쇼핑몰
#fakebank #BTCscam #dropshipping
#돼지도살 #pig_butchering #杀猪盘 #诈骗
#国際ロマンス詐欺 #国際恋愛詐欺 #なりすまし",,https://www.instagram.com/p/DBh2LecTNMY/,21,0
_so_creepy,"@arnold_butcham  Please report! 
RPO Flavio Briatore 
☑️ briatoreflavio 

‼️Attention: The men and women in the photos are not scammers! These people are victims whose photos were stolen to create fake accounts!
Among my followers there are also women who keep claiming that scammers aren't that bad. It's just young men who don't have a job and therefore cheat on women. That too is bullshit. Scammers are organized gangs
🏴‍☠️ They steal photos from strangers to misuse them for their fake identity. They cause innocent people to be suspected of being involved in criminal activities!
🏴‍☠️ They feign love and abuse honest feelings!
🏴‍☠️ They steal what they can steal.
🏴‍☠️ They destroy people's lives.
🏴‍☠️ They blackmail and threaten to get more.
🏴‍☠️ They trample on feelings.
🏴‍☠️ If their victim is robbed and destroyed on the ground, then they look for a new victim!
⛔ So don't tell me scammers are just poor boys!

#scamspotting #fakelovefriday #iloveyou #ichliebedaslebenmitdir #FauxAmour #UnrealLove #BrokenHearts #loveofmylife #bepositive #feelsgood #EmptyPromises #brokenhearts #scammer #smilingface #halloween #merrymood #facebook #imposter #romancescam #sohappy #fulfilled #thankful #fraud #fakeaccount #lies #deceit #report #block #breakingnews #scammers",,https://www.instagram.com/p/DBrubjGuzvh/,4,0
kenjikundesu,Fake Korean romance scammers #korea #korean #romancescam #scammer,,https://www.instagram.com/p/C43YUsvxW8A/,11641,1035
_so_creepy,".
⏩  wang_mike8209
Please report!
‼️Attention: The men and women in the photos are not scammers! These people are victims whose photos were stolen to create fake accounts!
Red flags:
🚩 looking for a serious relationship
🚩 looking for my soulmate
🚩 God first
🚩 kind man
🚩 god fearing man
🚩 dog lover
🚩 animal lover
🚩 Iam new here
🚩 let love lead
🚩 easy going man 
🚩 Iam here to make friends

#lovestory #loveedits #bestfriend #FakeLove #scamspotting #fakelovefriday #iloveyou #ichliebedaslebenmitdir #FauxAmour #UnrealLove #BrokenHearts #loveofmylife #bepositive #feelsgood #EmptyPromises #brokenhearts #scammer #smilingface #halloween #merrymood #facebook #imposter #romancescam #sohappy #fulfilled #thankful #fraud #fakeaccount #lies #deceit",,https://www.instagram.com/p/DBrfkiKu-ay/,4,0
ramones_secondchance,"@allexa893  Please report!
‼️Attention: The men and women in the photos are not scammers! These people are victims whose photos were stolen to create fake accounts!

No one would answer curious questions or give personal information to a stranger who happens to strike up a conversation on the street or in a bar.
But why do so many people do this on the Internet?
❗It's none of strangers' business,
❌where you live
❌ whether you are married
❌or whether you have children.
❌ Your email address
❌Mobile phone number or other contact details
❗❗Treat strangers on the internet as what they are: strangers you know nothing about. They don't know whether they are male or female, what age, what skin color and how honest they are. All you see is a photo that stands between you and the stranger! And in extremely many cases the photo is stolen to steal from YOU!

#FauxAmour #UnrealLove #BrokenHearts #loveofmylife #bepositive #feelsgood #EmptyPromises #brokenhearts #scammer #smilingface #halloween #merrymood #facebook #imposter #romancescam #sohappy #fulfilled #thankful #fraud #fakeaccount #lies #deceit #report #block #breakingnews #scammers #scammerph #delete #uplifting #glee",,https://www.instagram.com/p/DBr08_qttNn/,2,0
blakepatin_,"We are always here to help💻
Kindly click on my profile and send me a private message.📥
.
.
.
.
.
.
.
.
.
#transanctionsupportservices #scammeralert #darkweb #deepweb #romancescam #accountspy #accountsecurity #infotech #weareheretohelp #bitcoininvestmentscam #hackedaccounts #hackedbankaccount #hackedpage #accountrecovery #accountactivation #sqlinjection #resultgrading #cashapprefund #cashappscam #metasupport #computerwizard #compromisedaccount #compromiseddevices #facebookrecovery #accountboosting #fundsrecovery #cybersecurity #cryptoscam #bitcoinremcovery",,https://www.instagram.com/p/DBUnZcRucSz/,1,0
kimhoochu.dong,"#로맨스스캠 #romancescam 
후추 사진 도용하고 DM으로 사칭하고 다니는 계정 제보 받았습니다. (외국인 같아요)
lovebest.4040 여기 들어가서 신고 한번씩만 부탁드립니다. 
lovebest.4040 This is account impersonating me, 
Please report this account. 🚨
#사칭계정 #도용신고 #계정신고부탁드려요 🚨
#로맨스스캠사기 #로맨스스캠주의 #로맨스스캠도용당함",,https://www.instagram.com/p/CXSQqfWpW6X/,1180,147
roothack.s,"Posted @roothack.s • @roothack.s When perpetrators of romantic scams succeed in making their victims feel emotionally invested in them, the victims have a hard time believing that they are actually communicating with a con artist, even after being warned.

Even more disturbingly, con artists can foster a genuine emotional connection with their victims, to the point where they begin to imagine a future with them.

It’s important to be cautious about sending money to someone you don’t know while doing business online. If someone tries to woo you into a relationship and the circumstances appear too good to be true, you should proceed with caution. #mostcommonscams #onlinesscam #dating scam #lovescam #romanticscam

#scammers #catfishingstory #cyberfraud #internetfraud #fraud #crime #LearnOnTik Tok #scammers #GetAnswers #security #onlinesecurity#scammeralet #scam #gofundme #victimofscam @ducanhacks #hackedaccount #igothacked #igotscammed #scamalert #scameralert #newscamalert #jobscam #newaccount #fraud #facebookmarketplacescam #lovescam#romancescam #accounthelp",,https://www.instagram.com/p/DBLVCUgMyCP/,0,0
captainthomas_official,"When you think you have seen it all…
1. I am not divorced, but still happily married to my beloved ❤️ husband, Morten for more than 9 years.
2. This is a FAKE document made by scammers to cheat money out of women.
3. A Danish divorce document would never be in English language, but in Danish🇩🇰 off course.
4. The Supreme Court would never handle a simple divorce… 😂
5. DO NOT SEND MONEY TO SOMEONE YOU HAVE NOT MET IN PERSON!
.
#fake #fakeprofile #scammer #catfish #scam #victim #women #lovescam #illusion #mirage #romancescam #419 #fraud #crime #love #gay #captain #therealcaptainthomas #document #supremecourt #højesteret #skilsmisse",,https://www.instagram.com/p/CRr6QqcABvO/,2006,267
cybertech__recoveries,"@cybertech__recoveries • @cybertech__recoveries .
• #canada #cheatinghusbandsofinstagram #cheatingpartners #washington #twitterhacks #ads #alwaysfamilyfirst #cheatingbfriend #project #pythoncode #pythonprogramming #pythonprojects #romancescam #romancescammer #texas #tiktokrecovery #twitterhackedaccount #twitterhacker #unlockinstagram #usa #washacked #whatsappsp #youtubehack #account #anonymous #cheatday #cheatdayeats #cheatersgonnacheat #gotbannedforno #technology",,https://www.instagram.com/p/DBMsj-aIGne/,1,0
etmoney_official,"Are you romancing a crypto scammer? Find out 💔
.
.
.
#etmoney #invest #markets #personalfinance #finance101 #investment #crypto #romancescam #cryptotrading #cryptonews",,https://www.instagram.com/p/CwAdQ2OgKpa/,305,7
thereisnostore,"No, sir. I will not. Here is my third chin instead, plz enjoy. 
.
.
.
.
T
h
e
r
e
i
s
NO
S
T
O 
R
E
.
.
.
#90dayfiance #realitytv #smilemore #stephanie90dayfiance #smile #90daysfiance #nicoleandazan #90dayfiancememes  #90dayfiancenews #memes #90dayfiancehappilyeverafter #datingmemes #romancescam",,https://www.instagram.com/p/CKo5BaSDSm-/,934,26
ramones_secondchance,"@doctorlarry28  Please report!
RPO Kevin Snook ( kevinsnook.ceo ) 
‼️Attention: The men and women in the photos are not scammers! These people are victims whose photos were stolen to create fake accounts!

Scamming has many faces and many methods. Please do not engage in conversations and negotiations with strangers on the internet. Anyone who seems too tempting to you is a danger.
‼️ Nobody ""falls in love"" as quickly as a scammer!
‼️ Nobody but scammers wants to give you something.
‼️ No real investment advisor will contact you and make you completely unrealistic offers.
‼️ No fortune teller or life coach will make you fill out a form in which you have to provide information about yourself and your family.
He will also only demand large upfront payments if he is a fake.
‼️ No celebrity will contact you to offer you an expensive ""meet and greet"".
etc...

#ichliebedaslebenmitdir #FauxAmour #UnrealLove #BrokenHearts #loveofmylife #bepositive #feelsgood #EmptyPromises #brokenhearts #scammer #smilingface #halloween #merrymood #facebook #imposter #romancescam #sohappy #fulfilled #thankful #fraud #fakeaccount #lies #deceit #report #block #breakingnews #scammers #scammerph #delete #uplifting",,https://www.instagram.com/p/DBrziH1tCSS/,2,0
cyberette.ai,"Last week, Hong Kong police arrested 27 individuals involved in a romance scam using AI face-swapping, defrauding victims of $46 million through fake crypto investments.
It starts innocently—just a ""wrong number"" message. But why do people still fall into these traps? 🤖

Scammers use deepfake photos, audio, and even live videos to create convincing ""soulmates."" Once you’re emotionally invested, it's tough to walk away. 

Average loss per person in 2023:
🇺🇸 U.S.: $2,000
🇬🇧 UK: £10,774
🇳🇱 Netherlands: €30,000

Deepfake tech is rapidly evolving, infiltrating daily life and posing serious risks to individuals and businesses alike.

Follow Cyberette for insights on deepfake technology and cybersecurity.

DM us now! be the first to sign up for our demo! ✨

#deepfakes #romancescam #AI #cybersecurity #dating #datingadvice",,https://www.instagram.com/p/DBjKV9zM3Zu/,3,0
thekoreaherald,"A South Korean woman has been sentenced by a court to three years in prison for swindling 670 million won ($490,000) from three male victims by pretending to be in a romantic relationship with them, although investigators believe there may be more victims.

The defendant was found guilty of fraud by the Ulsan District Court, officials said Monday. She was accused of extorting money from three male victims, each in their 30s, 40s and 50s, from September of 2018 to October 2023, while posing as a wealthy businesswoman in the field of art trading.

The defendant approached the victims through dating apps and earned their trust. She then borrowed large sums of money by saying her money was tied up in other business affairs, or that her former boyfriend was pressuring her for money that she supposedly owed.

Tap bio to read full story by Yoon Min-sik

#korea #news #socialaffairs #crime #fraud #romancescam #prison #victim #jail #money",,https://www.instagram.com/p/C65bJMpvaXn/,995,77
socialcatfish,"🤯 Met Frank on POF, and it's a wild ride – 😱 (P.S. She's sent him 50K!) ⁠
⁠
Follow @socialcatfish for more related content 🚀⁠
⁠
Use our search tools 👉 https://scfme.co/igr⁠
Hire a search specialist 👉 https://scfme.co/igrseach⁠
⁠
#JR #SF #victim #onlinedating #cheating #couple #relationship #romancescam #moderndating #socialcatfish⁠
⁠",,https://www.instagram.com/p/DBb_j8QhTdK/,70,7
ramones_secondchance,"@geor.geanderson670  Please report!
‼️Attention: The men and women in the photos are not scammers! These people are victims whose photos were stolen to create fake accounts!

🚩🚩 Red flags!
Your new conversation partner is
🚩 Doctor
🚩 Engineer
🚩 Soldier / Military People
🚩 Pilot / Ship Captain
🚩 Entrepreneur
These are scammers’ favorite jobs!
Be careful! 

#FauxAmour #UnrealLove #BrokenHearts #loveofmylife #bepositive #feelsgood #EmptyPromises #brokenhearts #scammer #smilingface #halloween #merrymood #facebook #imposter #romancescam #sohappy #fulfilled #thankful #fraud #fakeaccount #lies #deceit #report #block #breakingnews #scammers #scammerph #delete #uplifting #glee",,https://www.instagram.com/p/DBr1aEsN7PC/,1,0
_so_creepy,"@morr.ison3046  Please report! 
RPO Dr. Önder Akdeniz
☑️ op.dr.onderakdeniz
‼️Attention: The men and women in the photos are not scammers! These people are victims whose photos were stolen to create fake accounts!

Red flags:
🚩 He tells the children that you are going to be their new mom
🚩 The children aren't confused, they're calling you mom from now on
🚩 He/she asks for money for medical care
🚩 He/she wants to chat on Google Chat, WhatsApp or a messenger app
🚩 Because of the nature of his job, he isn't here often

#lovehim #instalove #radiant #fakelovers #fakelover #boyfriend #fakelovequotes #lovestory #loveedits #bestfriend #FakeLove #scamspotting #fakelovefriday #iloveyou #ichliebedaslebenmitdir #FauxAmour #UnrealLove #BrokenHearts #loveofmylife #bepositive #feelsgood #EmptyPromises #brokenhearts #scammer #smilingface #halloween #merrymood #facebook #imposter #romancescam",,https://www.instagram.com/p/DBqaf9Quk55/,6,0
thejesserphillips,"In a fake, virtual world full of scams, be unscammable.
.
.
Don’t be a moron.❌
.
.
#scam #scammers #onlinescam",,https://www.instagram.com/p/CxYYqCzOeUx/,1617,226
officialefcc,"EFCC Arrests 18 Suspected Internet Fraudsters In Lagos .
.
The Economic and Financial Crimes Commission, EFCC, Lagos Zonal Office, has arrested 18 (Eighteen) suspected internet fraudsters in Lagos.
.
.
The suspects are:  Abass Mukhtar, Enitan Adekunle, Olakunle Araoyinbo, Korede Adetule, Christmas Gabriel, Christmas Yole, Christmas Emmanuel and Harrison Obayogbono.
.
.
Others are: Victor Kenneth, Adewale Musibau, Oluwajuwon Shofuyi, Idris Abdulazeez, Oyeku Adeoye, Omilana Adeleke, Okeke Chucks, Peters Olamide, Abayomi Jones and Usman Olalekan.
.
.
The suspects were arrested during a sting operation in the early hours of Friday, September 27, 2019 at three different locations in the Alagbado area of Lagos State, following intelligence reports received by the Commission from concerned members of the public about their alleged involvement in the criminal activities.
.
.
During the raid, about five of the suspects attempted to escape arrest by taking refuge inside the ceiling of their apartments. They were, however, immediately apprehended by operatives of the EFCC.
.
.
Items recovered from the suspects at the point of arrest include charms, phones, laptops and five cars-Hyundai Sonata, Toyota Camry 2004 model, Toyota Camry 2007 model, Toyota Camry 1999 model and Honda Pilot.
.
.
The suspects will soon be charged to court.
.
.
#InternetFraudsters #YahooBoys #YahooYahoo #Scam #Fraud #Corruption #Crime #LoveScam #RomanceScam #LandScam #CyberCrime #EFCC #TheFightAgainstCorruption #FightingForYou",,https://www.instagram.com/p/B3WuH8HgQBV/,5734,377
noting373,"✂ Fake account have to be deleted ASAP, so that there are no more victims. 
✂ If Real account reports one itself the fake deleted very quickly. Or only when many people report fake account can it be deleted. 
✂ 더 이상의 많은 피해자가 나오지 않도록, 가짜 계정은 가능한한 빨리 삭제되어야 합니다. 
✂ 실계정이 직접 신고하면 가짜는 더 빨리 삭제됩니다. 아니면 많은 분들이 가짜 계정을 신고해야만 합니다. 

📌She/He doesn't have an IG & FB account. 
🆔Real 小红书 account : 清新

✍️Reports PLZ 
💀FAKE IG account : @chitraa.menon3
📵FAKE name : Lau Chang

✔️Fake accounts are deleted and created again. Plz understand that I cannot update every time. 
✔️가짜 계정은 삭제되었다가 또 생성되었다가 합니다. 매번마다 업뎃 보고 할 수 없는 점 양해해 주세요. 
💕Thx tip : @pig_butchering_scam

#redbook #小红书 #샤오홍슈 #중국인스타 #chineseinsta
#인스타사기 #인스타사진도용 #사진도용 #인플루언서 #instascam #influencer
#romancescam #로맨스스캠 
#암호화폐사기 #가상화폐사기 #물류통관사기 #페이크은행 #채팅환전사기 #쇼핑몰사기 #페이크쇼핑몰
#fakebank #BTCscam #dropshipping
#돼지도살 #pig_butchering #杀猪盘 #诈骗
#国際ロマンス詐欺 #国際恋愛詐欺 #なりすまし",,https://www.instagram.com/p/DBiBBPcTs0k/,17,0
catchthecatfish123,"A message from Jim Newman about fakes with his pictures. 

#romancescam #instaspam #spam #toomanyscammershere #fraudster #fraud #scammeralert #scammersofinstagram #scam #scammer #scammers #fakeaccount #fauxcompte #catfish #romancefraud #militaryscam #love #catfishing #catchthecatfish #catchthescammer 
#lovenotlies #lovenotmoney #nigerianscammers #yahooboys #geeboys #jimnewmannyc",,https://www.instagram.com/p/CgNTzwgFFD3/,107,25
diamondbeauty503,"#fakehenrycavill
#tiktok
#fakeaccount
#scam
#fraud 
#romancescam
#imposter
#lies
#report
#delete",,https://www.instagram.com/p/C8zKBcuNrM0/,223,9
growthgarage77,"Types of scams and financial losses in INDIA 2024 (up to April 30)

👍 Like | 💬 Comment | 🔄 Share | 🔔 Follow for More

Let’s spread awareness and keep each other safe from scams! 💸💡 
.
.
.
.

#ScamAwareness #FinancialSafety #StayAlert #AvoidScams #CyberSecurity #OnlineFraud #InvestmentScam #DigitalSafety #FinancialProtection #RomanceScam #TradingScam #GrowthGarage #ProtectYourMoney #FraudPrevention #MoneyMatters #FinancialLoss #ConsumerAwareness #OnlineSafety #ScamAlert #ProtectYourself

Scam Awareness, Financial Safety, Online Fraud Prevention, Cybersecurity Tips, Investment Scam, Romance Scam, Trading Scams, Financial Protection, Consumer Awareness, Digital Safety, Money Loss Prevention, Financial Education, Scam Alert, Online Security, Fraud Protection, Digital Threats, Financial Scams, Financial Literacy, Scam Types",,https://www.instagram.com/p/DBqHo7lo1NU/,1,0
officialefcc,"EFCC Arrests Army Deserter Over Alleged Internet Fraud in Osogbo
.
.
Operatives of the Economic and Financial Crimes Commission, Ibadan Zonal Office, in the early hours of Tuesday, May 18, 2021 arrested a former soldier, Adebisi Jamiu for suspected internet fraud in Osogbo, the Osun State capital.
For details of this and other stories, visit our website at www.efccnigeria.org
.
.
#InternetFraudster #YahooBoy #YahooYahoo #ObtainingByFalsePretence #LoveScam #RomanceScam #Scam #Fraud #CyberCrime #Crime #Corruption #EFCC #TheFightAgainstCorruption #FightingForYou",,https://www.instagram.com/p/CPBM6fuARxD/,3269,82
glitchman_hacker,"#hireahackeronline #bitcoinrecovery
#bankofamerica #bitcoinhack #bitcoinhacking
#recoveryispossible #responddontreact
#cryptorecovery #facebook #hackedaccounts
#recoveryservice #socialmediarecovery #spy
#facebookhacked #hackedinstagram #hackercanada
#lostcrypto #spyandroid #spyapp #accountrecovery
#hackinstagram #help #passwordhacking #recovery
#gothacked #havkedtiktok
#snapchathacker #lovescam
#romancescam #romancescammer",,https://www.instagram.com/p/C6OSOx4r1Ip/,282,0
socialcatfish,"How to verify if an INSTAGRAM account is real!
.
.
.
#security #cybersecurity #fakeIGaccount #scam #catfish #fraud #explorepage #reels #foryou #catfished #catfishing #onlinesafety #staysafe #oilrigscam #romancescam #foryou #tips #advice #selfhelp #advice #scam #verify #verification #socialcatfish #learn #tips #fyp #cybersecurity #fake #fakedatingsites",,https://www.instagram.com/p/CpNrRxbMUhG/,229,31
essesial_hacker25,"Having any troubles with your
cashapp account?
Just click on my profile and send me a private
message.
Let's get your cashapp back to working order.
.
.
.
.
.
.
.
.
.
.
#transanctionsupportservices #scammeralert
#darkweb #deepweb #romancescam #accountspy
#accountsecurity #infotech #weareheretohelp
#bitcoininvestmentscam #hackedaccounts
#hackedbankaccount #hackedpage
#accountrecovery #accoutactivation #sqlinjection
#resultgrading #cashapprefund #cashappscam
#metasupport #computerwizard
#compromisedaccount #compromiseddevices
#facebookrecovery #accountboosting
#fundsrecovery #cybersecurity #cryptoscam
#bitcoinrecovery",,https://www.instagram.com/p/DBobCVkoGyk/,0,0
socialcatfish,"We spoke to a real nigerian scammer and what he told us....will shock you!😱💔 Tell us what you think about this video 👇
.
.
.
#scam #scammers #scamdemic2020 #scamalert #scammer #fraudalert #fraudbible2020 #fraudster #romancescam #romancescammer #romancescams #romancescammers #romancescamming #romancescamreport #romancescamvictims #romancescammersoninstagram #romancescamer #romancescammersdontloveyou #nigerianscam #nigerianscammers #nigerianscammer #nigerianscams #truecrime #truecrimeaddict #truecrimecommunity #truecrimeobsessed #truecrimememes #truecrimefan #interview #socialcatfish",,https://www.instagram.com/p/CRnpQIJrU5Y/,201,82
socialcatfish,"Scammers Use Free Apps To Deceive 🚩
-⁠
⁠
-⁠
⁠Save for later! ⁠🗃️⁠
⁠👉Email us at Sharemystory@socialcatfish.com for a chance to be featured on our Scamfish! 
👉Not sure if the person you’re talking to online is
real? Get help from our Search Specialists: http://socialcatfish.com/hire-us⁠
👉Try out our reverse search tools & more here: http://SocialCatfish.com
===========================⁠
#apps #deceive #scammers #romancescam #redflags #message #ai #tech #socialcatfish #SM",,https://www.instagram.com/p/C15CzlWILEb/,98,7
oneclickenterprise2024,"What is the love bite phishing attack?

Love Bite Phishing: A Dangerous Online Romance
Love bite phishing is a type of social engineering attack that leverages romantic feelings to manipulate victims into revealing sensitive information or performing actions that could compromise their security. This tactic often involves creating fake online personas to establish romantic connections and then gradually building trust. 

How it works:
Online Romance: The attacker creates a convincing online profile, often on dating apps or social media platforms, to attract potential victims. 

Trust Building: Over time, the attacker develops a relationship with the victim, often sharing personal stories and expressing strong feelings.
Information Gathering: Once trust is established, the attacker starts asking for personal information, such as financial details, passwords, or intimate photos. 

Exploitation: The collected information can be used for identity theft, financial fraud, or blackmail. 

Common tactics:
Urgent requests: The attacker may create a sense of urgency, such as claiming to be in financial trouble or needing immediate help. 

Emotional manipulation: The attacker may use emotional blackmail or threats to pressure the victim into complying. 
Intimate requests: The attacker may ask for sexually explicit photos or videos, which can be used for blackmail. 

Prevention tips:
Be cautious of online relationships. Take your time to get to know someone before sharing personal information.
Never share sensitive information. Avoid sharing financial details, passwords, or other personal information with someone you don't know well.
Be wary of urgent requests. If someone asks for money or other favors urgently, be cautious and verify their claims.

Use strong passwords and enable two-factor authentication. Protect your online accounts with strong passwords and enable two-factor authentication to add an extra layer of security. 
By being aware of these tactics and taking precautions, you can help protect yourself from love bite phishing attacks.
#romancescam #piggyinthemiddle #staysafeonline",,https://www.instagram.com/p/DBLRzyCo694/,0,0
born_to_make_a__difference,"Please watch it till the end to see what scammers can do to scam people online! Warn others too! 

Just a reminder! Please be careful with all the scammers out there! Do not send money to anyone! Be careful! Not everything you see online is real! Not everyone is good and honest!! AI apps are good and bad depending on how it’s used and who are using it! So just be very careful and don’t believe everything you see or read online! 

A lot of scammers are using other people’s videos and pictures, opening fake accounts, starting relationships and messaging people to get their money!! Don’t send money to anyone!! 

I see many fake accounts with my pictures all the time and I report them but because they use a different name they are not taken down by IG. If you see any other account with my pictures and they try to contact you it’s not me! I don’t contact people online! I don’t message anyone! I’m married!! So please be careful!! 

You can share this post if you want to help others out and spread awareness about this crazy scammer activities happening on social media platforms! Thank you! ⚠️

#awerness #becareful #scammers #photoediting #photoapp #fakeaccounts #fakeaccount #alerta #alert #warning #warning⚠️ #onlinesafety #scammer #scams #romancescams #romancescammer #romancescam #cuidado",,https://www.instagram.com/p/C_BcXB2xpPo/,264,0
hackwithcarlos,#instagramhack #iphone #locationhack #lovescam #phonehack #pvacreator #recoverbitcoin #romancescam #romancescammer #snapchathacks #talktoanhacker #trading #unlock #whatsapprecovery #asia #bitcoinhacker #canada #cheating #cheatingspouse #chicarmy #computerscience #cryptoscammer #disabled #dubia #england #etherium #etheriumrecovery #facebookhack #facebookmeta #facebookrecovery,,https://www.instagram.com/p/DBSLuXhovJI/,0,0
mateo_hacker1,"dm is for help.
#romancescam #fakeaccount #scammersofinstagram #scammers #scam #romancescammer #romancescams #nigeria #romancescammers #scammer #efcc #sociopath #narcissists #compulsiveliars #blackmail #lagos #internetcrime #womensabuse #moneylaundering #liarsbelike #celebrityscam #fakelife #wendywilliams #nigerian #corruption #nigeriaembassy #southflorida #southafrica #liberia #nollywoodscam",,https://www.instagram.com/p/DBVDcekoXKJ/,1,0
hacker_for_hire_,"#scamalertsg #basicnetworking #wallethacking #scammerdetected #scammerseverywhere
#romancescammers #bitcoinscams #scammerph #scamalerts #pythonproject #bitcoinhacking #scamaware #scamawareness #youtubehack #smartprix #reportscammers #bruteforce #cashappflips #Lt#rf #windowsxp
#unlockicloud #bitcoinscam #romancescammer #scammerofinstagram #whitehathacker #romancescam #scamdemic2020 #romancescams #cheatingspouse",,https://www.instagram.com/p/DAu5w-Ksmq1/,1,0
socialcatfish,"Romance Scammers' playbook!
.
.
.
#catfished #catfishing #playbook #onlinesafety #staysafe #protectyou #oilrigscam #romancescam #foryou #tips #advice #selfhelp #advice #scam #verify #verification #socialcatfish #catfish #learn #tips #fyp #explorepage #cybersecurity #onlinesafety #fake #fakedatingsites",,https://www.instagram.com/p/CovT_j8tOWd/,135,10
diamondbeauty503,"#fakehenrycavill 
#facebook 
#scam
#fraud
#imposter
#lies
#report
#block
#delete
#romancescam",,https://www.instagram.com/p/C82M4kUNu6m/,300,1
essesial_hacker25,"#hireahackeronline #bitcoinrecovery
#bankofamerica #bitcoinhack #bitcoinhacking
#recoveryispossible #responddontreact
#cryptorecovery #facebook #hackedaccounts
#recoveryservice #socialmediarecovery #spy
#facebookhacked #hackedinstagram #hackercanada
#lostcrypto #spyandroid #spyapp #accountrecovery
#hackinstagram #help #passwordhacking #recovery
#gothacked #havkedtiktok
#snapchathacker #lovescam
#romancescam #romancescammer",,https://www.instagram.com/p/DBobGZ_I3UT/,0,0
socialcatfish,"That's the end of THAT love story! 💔
-⁠
⁠
-⁠
⁠Save for later! ⁠🗃️
👉 Email us at Sharemystory@socialcatfish.com for a chance to be featured on our Scamfish!
👉 Not sure if the person you’re talking to online is real? Get help from our Search Specialists: http://socialcatfish.com/hire-us⁠
👉 Check out our Reverse Search Tools & more here: http://SocialCatfish.com
===========================⁠
#contractor #romancescam #lovescam #excuses #scheme #onlinedating #moderndating #skit #socialcatfish",,https://www.instagram.com/p/C2z__nuLULq/,117,8
marishawallace,"This is one Instagram Live you don’t want to miss!📱

I am so excited to have the amazing @cecilie_, from @netflix’s #TinderSwindler, join me in conversation, tonight at 9 pm GMT, to talk about our experiences with romance scams.

We want to use our platforms to keep the conversation going with the aim to help remove the stigma around it and to change the narrative so people know how they can ask for help and to not be feel ashamed or afraid to come forward 💖🙏

#BumbleSwindler #RomanceScam #Awareness #InstagramLive #MarishaWallace #CecileFjellhoy",,https://www.instagram.com/p/C_ax9FTu01u/,299,6
siasatdaily,"A man posing as an astronaut allegedly duped a woman out of 4.4 million yen (24.88 lakh) by claiming that he would need that amount of money to return to Earth and marry her. The incident was reported from Japan, where a scammer claiming to be a Russian astronaut promised to marry the woman once he returned to Earth. But in order for him to return to Earth, he told her he needed 24.8 lakh rupees.

The woman, a 65-year-old Shiga prefecture resident, met the phoney astronaut on Instagram, where he used to post random space photos. The man also claimed to work on the International Space Station (ISS) and had limited access to cellphones.

The phoney astronaut informed her that he required money or ""landing fees"" in order to land on Earth. He claimed that the money would also cover the cost of the aircraft's return to space.

According to the Japanese newspaper Yomiuri Shimbun, the victim sent him 4.4 million yen (RS 24.69 lakh) in a short period of time. When he kept asking for more money, the woman became suspicious and called the police.

The case is currently being investigated as a romance scam.
.
#Scam #Japan #Astronaut #Fraud #Marriage #RomanceScam",,https://www.instagram.com/p/Cjm0i0ouhK7/,5806,36
ladennvy_,"What the yahoo girl @yes_iam_vickie77 think about steal money to oyibo.... Wtf in Nigeria?
#scam #scamalert #scammers #nigeria #lagosnigeria #abuja #portharcourt #benincity #africa #europe #asia #australia #usa #scammer #scams #scamming #romancescam #romancescammer #romancescams #lovescam #explorer #viralpost #explorepage #exploremore #goviral",,https://www.instagram.com/p/Css4MHGIEqB/,389,3
officialefcc,"EFCC Arrests 33 Internet Fraud Suspects in Abeokuta
.
.
Operatives of the Ibadan Zonal Office of the Economic and Financial Crimes Commission, EFCC, on Tuesday April 27, 2021, arrested 33 internet fraud suspects, also known as 'Yahoo-Yahoo Boys’ in Abeokuta, Ogun State.
.
.
The suspects were apprehended at Adigbe, Oloke, Ibara Housing Estate Extension and Idi Ori areas of the Ogun State capital, following actionable intelligence earlier received on their alleged criminal activities.
For details of this and other stories, visit our website at www.efccnigeria.org
.
.
#YahooYahoo #YahooBoys #CyberCrime #InternetFraudsters #Crime #Fraud #Corruption #LoveScam #RomanceScam #Scam #EFCC #TheFightAgainstCorruption #FightingForYou",,https://www.instagram.com/p/COQKSyMgsdh/,6209,228
noting375,"Model @clairechuuu 
#인플루언서 #influencer
#cool #handsome #cute  #chic #cuteguys#fashion #model #style #인친 #일상 #selfie #셀카 #셀스타그램 #ootd #데일리룩 #오오티디 #얼짱 #ulzzang #korean #lifestyle #멋있다 #귀엽다 #微博 #weibo #小红书  #사진도용 #romancescam #로맨스스캠",,https://www.instagram.com/p/DBqXrhlzpZB/,4,0
romancescambaiter.de,"#romancescam #instaspam #toomanyscammershere #fraudster #fraud #scammeralert #scammersofinstagram #scam #scammer #scammers #stopbeingnaive #fakeaccount #fauxcompte #catfish #romancefraud #militaryscam #love #catfishing #catchthecatfish #catchthescammer⁠
#lovenotlies #lovenotmoney #nigerianscammers #yahooboys #geeboys #betrüger #Heiratsschwinder #Liebesbetrüger #Bauernfänger #Romancescammer",,https://www.instagram.com/p/ChkL7AXKY_k/,107,33
hack_with_the_best_,#opensea #paypalsupport #psychologyfact #psychologyfactsoflife #psychologyresearch #psychologysay #ransomware #recovercryptofromscam #recovercryptofromscammer #recoverlostmoneyfromscammers #recoverusdt #recovervispossible #recoverylostcryto #recoveryservices #refund #refunds #relationship #relationships #retrieveusdt #rez #rezhumor #rezjokes #romance #romancescam #romancescammer #saudiaradia #sauthafrica #scam1992 #scamalert #scammed,,https://www.instagram.com/p/DBKgflbI2Qa/,0,0
deathtospinach,"I’ve always had a thing about when will I see my book in a charity shop for the first time. This afternoon @widepatrol sent me this piccie - in all its glory in the window of @shakespeare_hospice_bookshop 

I have no idea why this makes me feel more like an author than when I first saw it in a full price bookshop 

#keanureevesisnotinlovewithyou #shakespearehospicebookshop #charityshopbooks #shakespearehospice #romancefraud #romancescam",,https://www.instagram.com/p/DBY8OF1Mkw6/,79,10
ethical_anonymous_hacker,"#hireahackeronline #bitcoinrecovery
#bankofamerica #bitcoinhack #bitcoinhacking
#recoveryispossible #responddontreact
#cryptorecovery #facebook #hackedaccounts
#recoveryservice #socialmediarecovery #spy
#facebookhacked #hackedinstagram #hackercanada
#lostcrypto #spyandroid #spyapp #accountrecovery
#hackinstagram #help #passwordhacking #recovery
#gothacked #havkedtiktok
#snapchathacker #lovescam
#romancescam #romancescammer",,https://www.instagram.com/p/DBl5SU0olO7/,1,0
socialcatfish,"FAKE Oil Rig Workers Dating Profile SCAM!
.
.
.
#catfished #catfishing #oilrigscam #romancescam #foryou #tips #advice #selfhelp #advice #scam #verify #verification #socialcatfish #catfish #learn #tips #fyp #explorepage #cybersecurity #onlinesafety #fake #fakedatingsites",,https://www.instagram.com/p/CosGBnXo14v/,112,6
_cyber_specter,"Are you having trouble withdrawing your Crypto from any investments platform?
Kindly click on my profile and send me a private message📥 @usa_spy_tech
.
.
.
.
.
.
.
.
.
.
.
.
#transanctionsupportservices #scammeralert #darkweb #deepweb #romancescam #accountspy #accountsecurity #infotech #weareheretohelp #bitcoininvestmentscam #hackedaccounts #hackedbankaccount #hackedpage #accountrecovery #accountactivation #sqlinjection #resultgrading #cashapprefund #cashappscam #metasupport #computerwizard #compromisedaccount #compromiseddevices #facebookrecovery #accountboosting #fundsrecovery #cybersecurity #cryptoscam #bitcoinremcovery",,https://www.instagram.com/p/DBdeao9u9Dl/,1,0
socialcatfish,"Can’t wait for our offline happily ever after! 🎉❤️ (After you pay for shipping & handling, of course) Ship that love, but keep your wallet on lockdown. 💸🚫 Share with someone who’s a little too quick to sympathize.
-⁠

-
⁠Save for later! ⁠🗃️
👉Follow https://www.instagram.com/socialcatfish/ for more related content!⁠
⁠👉Want to be featured on our Scamfish? Email us at Sharemystory@socialcatfish.com!
👉Not sure if the person you’re talking to online is real? Please visit: http://socialcatfish.com/hire-us
👉Try out our search tools at http://SocialCatfish.com! ⁠🔎
===========================
#SK #SM 
#shipping #package #relationships #gossip #narcissistrelationshipgoals #movingon #trustissues #relatable #scammer #romancescam #lovescam #excuses #scheme #onlinedating #skit #socialcatfish",,https://www.instagram.com/p/C0zav_jPxbD/,119,15
davincomedy,#talkradio #radioshow #talkshowhost #scamming #scammingscammers #romancescam #romancescammer #Catfish #catfishing #funnytalk #politics #political #Trump #harris #nyjets #coachsalah,,https://www.instagram.com/p/DA3zxX6RIlL/,3,0
ethicalhacker_753,"#hireahackeronline #bitcoinrecovery
#bankofamerica #bitcoinhack #bitcoinhacking
#recoveryispossible #responddontreact
#cryptorecovery #facebook #hackedaccounts
#recoveryservice #socialmediarecovery #spy
#facebookhacked #hackedinstagram #hackercanada
#lostcrypto #spyandroid #spyapp #accountrecovery
#hackinstagram #help #passwordhacking #recovery
#gothacked #havkedtiktok
#snapchathacker #lovescam
#romancescam #romancescammer",,https://www.instagram.com/p/DBUGB7jNRqc/,0,0
socialcatfish,"Because nothing says love like a stranger asking for money! 🕵️‍♂️💔 Unraveling the 'Romance' Scammer playbook—comment more below! 😏⁠
-⁠
⁠
-⁠
⁠Save for later! ⁠🗃️⁠
⁠👉Email us at Sharemystory@socialcatfish.com for a chance to be featured on our Scamfish!⁠
👉Not sure if the person you’re talking to online is⁠
real? Get help from our Search Specialists: http://socialcatfish.com/hire-us⁠
👉Try out our reverse search tools & more here: http://SocialCatfish.com⁠
===========================⁠
#JL #RF",,https://www.instagram.com/p/C15TVvkMB8j/,326,117
romancescambaiter.de,"mehr über das Profil erfahrt ihr hier:
www.romancescambaiter.de
#romancescam #instaspam #fraudster #fraud #scammeralert #scammersofinstagram #scam #scammer #stopbeingnaive #fakeaccount #fauxcompte #catfish #romancefraud #militaryscam #love #catfishing #catchthecatfish
#lovenotlies #lovenotmoney #nigerianscammers #yahooboys #geeboys #betrüger #Heiratsschwinder #Liebesbetrüger #Bauernfänger #Romancescammer",,https://www.instagram.com/p/DBnyyHIN5rY/,19,0
noting373,"✂ Fake account have to be deleted ASAP, so that there are no more victims. 
✂ If Real account reports one itself the fake deleted very quickly. Or only when many people report fake account can it be deleted. 
✂ 더 이상의 많은 피해자가 나오지 않도록, 가짜 계정은 가능한한 빨리 삭제되어야 합니다. 
✂ 실계정이 직접 신고하면 가짜는 더 빨리 삭제됩니다. 아니면 많은 분들이 가짜 계정을 신고해야만 합니다. 

🆔Real IG account : @muu_ceo

✍️Reports PLZ 
💀FAKE IG account : @beomseok9019
@muu_ ceo36 @muu_ceokim @muu_ceoa01 @muu_ceo8 @muu_ceo676
📵FAKE name : Beom seok

✔️Fake accounts are deleted and created again. Plz understand that I cannot update every time. 
✔️가짜 계정은 삭제되었다가 또 생성되었다가 합니다. 매번마다 업뎃 보고 할 수 없는 점 양해해 주세요. 

#인스타사기 #인스타사진도용 #사진도용 #인플루언서 #instascam #influencer
#romancescam #로맨스스캠 
#암호화폐사기 #가상화폐사기 #물류통관사기 #페이크은행 #채팅환전사기 #쇼핑몰사기 #페이크쇼핑몰
#fakebank #BTCscam #dropshipping
#돼지도살 #pig_butchering #杀猪盘 #诈骗
#国際ロマンス詐欺 #国際恋愛詐欺 #なりすまし",,https://www.instagram.com/p/DBbl0uzzWSV/,12,0
socialcatfish,"Don't believe everything you see!
-⁠
⁠
-⁠
⁠Save for later! 🗃️
👉 Email us at Sharemystory@socialcatfish.com for a chance to be featured on our Scamfish!
👉 Not sure if the person you’re talking to online is real? Get help from our Search Specialists: http://socialcatfish.com/hire-us⁠
👉 Check out our Reverse Search Tools & more here: http://SocialCatfish.com
===========================⁠
#secret #scammers #romancescam #photoshop #trick #redflag #decieved #socialcatfish",,https://www.instagram.com/p/C3ELFnkqVLu/,139,17
romancescambaiter.de,"mehr über das Profil erfahrt ihr hier:
www.romancescambaiter.de
#romancescam #instaspam #fraudster #fraud #scammeralert #scammersofinstagram #scam #scammer #stopbeingnaive #fakeaccount #fauxcompte #catfish #romancefraud #militaryscam #love #catfishing #catchthecatfish
#lovenotlies #lovenotmoney #nigerianscammers #yahooboys #geeboys #betrüger #Heiratsschwinder #Liebesbetrüger #Bauernfänger #Romancescammer",,https://www.instagram.com/p/DBrVfXLNNxt/,19,3
romancescambaiter.de,"mehr über das Profil erfahrt ihr hier:
www.romancescambaiter.de
#romancescam #instaspam #fraudster #fraud #scammeralert #scammersofinstagram #scam #scammer #stopbeingnaive #fakeaccount #fauxcompte #catfish #romancefraud #militaryscam #love #catfishing #catchthecatfish
#lovenotlies #lovenotmoney #nigerianscammers #yahooboys #geeboys #betrüger #Heiratsschwinder #Liebesbetrüger #Bauernfänger #Romancescammer",,https://www.instagram.com/p/DBqXmiaMMAK/,20,0
cyber.nox_,"Are you having trouble withdrawing your Crypto from any investments platform?
Kindly click on my profile and send me a private message📥 @usa_spy_tech
.
.
.
.
.
.
.
.
.
.
.
.
#transanctionsupportservices #scammeralert #darkweb #deepweb #romancescam #accountspy #accountsecurity #infotech #weareheretohelp #bitcoininvestmentscam #hackedaccounts #hackedbankaccount #hackedpage #accountrecovery #accountactivation #sqlinjection #resultgrading #cashapprefund #cashappscam #metasupport #computerwizard #compromisedaccount #compromiseddevices #facebookrecovery #accountboosting #fundsrecovery #cybersecurity #cryptoscam #bitcoinremcovery",,https://www.instagram.com/p/DBdgY8Tgill/,1,0
noting373,"✂ Fake account have to be deleted ASAP, so that there are no more victims. 
✂ If Real account reports one itself the fake deleted very quickly. Or only when many people report fake account can it be deleted. 
✂ 더 이상의 많은 피해자가 나오지 않도록, 가짜 계정은 가능한한 빨리 삭제되어야 합니다. 
✂ 실계정이 직접 신고하면 가짜는 더 빨리 삭제됩니다. 아니면 많은 분들이 가짜 계정을 신고해야만 합니다. 

🆔Real IG account : @1icentia

✍️Reports PLZ 
💀FAKE name : 성태, 이민준

✔️Fake accounts are deleted and created again. Plz understand that I cannot update every time. 
✔️가짜 계정은 삭제되었다가 또 생성되었다가 합니다. 매번마다 업뎃 보고 할 수 없는 점 양해해 주세요. 

#datingappscam #데이팅어플사기 #소개팅앱사기 #틴더사기 #tinderscam #언어교환어플사기 
#인스타사기 #인스타사진도용 #사진도용 #인플루언서 #instascam #influencer
#romancescam #로맨스스캠 
#암호화폐사기 #가상화폐사기 #물류통관사기 #페이크은행 #채팅환전사기 #쇼핑몰사기 #페이크쇼핑몰
#fakebank #BTCscam #dropshipping
#돼지도살 #pig_butchering #杀猪盘 #诈骗
#国際ロマンス詐欺 #国際恋愛詐欺",,https://www.instagram.com/p/DBQmh-yT1k8/,14,0
socialcatfish,"🤑 Ready for a life of luxury or a lesson in scams? Share with a friend who knows the true cost of ""free"" money! 💼🚫⁠
-⁠
⁠
-⁠
⁠Save for later! ⁠🗃️⁠
👉Follow https://www.instagram.com/socialcatfish/ for more related content!⁠
⁠👉Want to be featured on our Scamfish? Email us at Sharemystory@socialcatfish.com!⁠
👉Not sure if the person you’re talking to online is real? Please visit: http://socialcatfish.com/hire-us⁠
👉Try out our search tools at http://SocialCatfish.com! ⁠🔎⁠
===========================⁠
#SM #SK",,https://www.instagram.com/p/C1XaJd_Mxai/,100,19
ethical_anonymous_hacker,"Have you been scammed in crypto currency 💲💵?
Kindly send me a dm 📥 we can assist you get back your funds 📥📥
.
.
.
.
.
.
.
.#hireahackeronline #bitcoinrecovery
#bankofamerica #bitcoinhack #bitcoinhacking
#recoveryispossible #responddontreact
#cryptorecovery #facebook #hackedaccounts
#recoveryservice #socialmediarecovery #spy
#facebookhacked #hackedinstagram #hackercanada
#lostcrypto #spyandroid #spyapp #accountrecovery
#hackinstagram #help #passwordhacking #recovery
#gothacked #havkedtiktok
#snapchathacker #lovescam
#romancescam #romancescammer",,https://www.instagram.com/p/DBMl8PEoeOj/,1,0
officialefcc,"Ten Convicted for Internet Fraud in Warri
.
.
The Benin Zonal Office of the Economic and Financial Crimes Commission, EFCC, on Thursday March 25, 2021 secured the conviction of ten internet fraudsters before Justice Emeka Nwite of the Federal High Court sitting in Warri, Delta State.
.
.
Those convicted are Agbi Favour Alaba, Otasowie Kelly Osaremen, Chukuwdi Greater, Simeon Asein, Onosemuode Eyube Abel and Aigbata Joseph. Others are Momodu Abdulmalik,  William David, Erhirouture Precious and Obibi Odemaro.
.
.
The suspects who were arraigned on separate one count charge of impersonation and obtaining by false pretenses, pleaded guilty to the charge when it was read to them.
For details of this and other stories, visit our website at www.efccnigeria.org
.
.
#InternetFraudsters #YahooYahoo #YahooBoys #CyberCrime #Crime #Scam #Fraud #ObtainingByFalsePretence #Corruption #LoveScam #RomanceScam #Jail #Convictions #EFCC #TheFightAgainstCorruption #FightingForYou",,https://www.instagram.com/p/CM4ow5pARrm/,1466,74
officialefcc,"EFCC Arrests 34 Alleged Internet Fraudsters in Owo, Ondo State
.
.
Operatives of the Economic and Financial Crimes Commission, EFCC,  Benin Zonal Office, through its intelligence gathering operation code-named 'Erinle,' today  Wednesday April 28, 2021 arrested 34 alleged internet fraudsters in Owo, Ondo State.
.
.
Those arrested are Adesuyan Ayoola, Oyesanmi Shola, Adegbole Victor, Osagie Ekiende, Akinayomide James, Okunade Jamilu,  Omotoso Oluwaseyi, David Oluwatobi, Ahmed Rilwan, Saheed Odunayo, Olorunfemi Emmanuel, Obakpolor Tommy, Emmanuel Ibe, Temiloluwa Joshua, Victor Benjamin,  Akinwale Oluwaseun and Ogunboye Dotun.
For details of this and other stories, visit our website at www.efccnigeria.org
.
.
#InternetFraudsters #YahooYahoo #YahooBoys #CyberCrime #Scam #Crime #Fraud #Corruption #LoveScam #RomanceScam #EFCC #TheFightAgainstCorruption #FightingForYou",,https://www.instagram.com/p/CON-r43A6x2/,4030,294
margaritachmykhalova,"OCT 3RD: 🌍 Romance Scam Prevention

Link⬇️
https://www.fbi.gov/how-we-can-help-you/scams-and-safety/common-frauds-and-scams/romance-scams

#instagram #socialmedia #onlinedating #safety #romancescam #idontloveyou #gtkm24",,https://www.instagram.com/p/DAsXWwZMfov/,212,19
cyber.nox_,"Are you having trouble withdrawing your Crypto from any investments platform?
Kindly click on my profile and send me a private message📥 @usa_spy_tech
.
.
.
.
.
.
.
.
.
.
.
.
#transanctionsupportservices #scammeralert #darkweb #deepweb #romancescam #accountspy #accountsecurity #infotech #weareheretohelp #bitcoininvestmentscam #hackedaccounts #hackedbankaccount #hackedpage #accountrecovery #accountactivation #sqlinjection #resultgrading #cashapprefund #cashappscam #metasupport #computerwizard #compromisedaccount #compromiseddevices #facebookrecovery #accountboosting #fundsrecovery #cybersecurity #cryptoscam #bitcoinremcovery",,https://www.instagram.com/p/DBdgQh9AoSH/,1,0
socialcatfish,"Name a photoshop trick you've seen! 
-⁠
⁠
-⁠
⁠Save for later! ⁠🗃️⁠
⁠👉Email us at Sharemystory@socialcatfish.com for a chance to be featured on our Scamfish! 
👉Not sure if the person you’re talking to online is
real? Get help from our Search Specialists: http://socialcatfish.com/hire-us⁠
👉Try out our reverse search tools & more here: http://SocialCatfish.com
===========================⁠
#scammer #romancescam #secrets #exposed #photoshop #trick #socialcatfish #SM",,https://www.instagram.com/p/C2P81BLoPvo/,109,9
ethicalhacker_753,"#hireahackeronline #bitcoinrecovery
#bankofamerica #bitcoinhack #bitcoinhacking
#recoveryispossible #responddontreact
#cryptorecovery #facebook #hackedaccounts
#recoveryservice #socialmediarecovery #spy
#facebookhacked #hackedinstagram #hackercanada
#lostcrypto #spyandroid #spyapp #accountrecovery
#hackinstagram #help #passwordhacking #recovery
#gothacked #havkedtiktok
#snapchathacker #lovescam
#romancescam #romancescammer",,https://www.instagram.com/p/DBUF9oON_qv/,0,0
ray_hackers,#instagramhack #iphone #locationhack #lovescam #phonehack #pvacreator #recoverbitcoin #romancescam #romancescammer #snapchathacks #talktoanhacker #trading #unlock #whatsapprecovery #asia #bitcoinhacker #canada #cheating #cheatingspouse #chicarmy #computerscience #cryptoscammer #disabled #dubia #england #etherium #etheriumrecovery #facebookhack #facebookmeta #facebookrecovery,,https://www.instagram.com/p/DBPVTRNsyyE/,0,0
