username,caption,media_path,post_url,likes,comments
foxla,"Court documents revealed skimming devices were recovered in several states including Rhode Island, Massachusetts, Virginia, and Maryland. More at link in bio. #crime #publicsafety #usdoj #feds #skimming #scamalert #scams #california #socal",C:\Users\hp\Desktop\Project\Full_code_Amala (1)\Full_code_Amala\downloads\foxla_3409432655978995718.jpg,https://www.instagram.com/p/C9QvO_JPqAG/,3264,427
pilgrimsocial,"Corruption is everywhere be it your city or holy city of Madinah. One should be very vigilant when having their trip for Umrah especially for the very first time. 

Have you ever faced these in Madinah? Let us know in the comments.

#islam #muslim #madinah #allah #islamic #haramain #jannah #islam #pilgrimage #pilgrims #deen #pray #umrah #islamicreminder #islamicpost #scams #Islamicknowledge","[WindowsPath('C:/Users/hp/Desktop/Project/Full_code_Amala (1)/Full_code_Amala/downloads/pilgrimsocial_3425943478241199009.jpg'), WindowsPath('C:/Users/hp/Desktop/Project/Full_code_Amala (1)/Full_code_Amala/downloads/pilgrimsocial_3425943478249707931.jpg'), WindowsPath('C:/Users/hp/Desktop/Project/Full_code_Amala (1)/Full_code_Amala/downloads/pilgrimsocial_3425943478241135231.jpg'), WindowsPath('C:/Users/hp/Desktop/Project/Full_code_Amala (1)/Full_code_Amala/downloads/pilgrimsocial_3425943478249587224.jpg'), WindowsPath('C:/Users/hp/Desktop/Project/Full_code_Amala (1)/Full_code_Amala/downloads/pilgrimsocial_3425943478249478355.jpg'), WindowsPath('C:/Users/hp/Desktop/Project/Full_code_Amala (1)/Full_code_Amala/downloads/pilgrimsocial_3425943478241267328.jpg'), WindowsPath('C:/Users/hp/Desktop/Project/Full_code_Amala (1)/Full_code_Amala/downloads/pilgrimsocial_3425943478702491619.jpg'), WindowsPath('C:/Users/hp/Desktop/Project/Full_code_Amala (1)/Full_code_Amala/downloads/pilgrimsocial_3425943478241328682.jpg'), WindowsPath('C:/Users/hp/Desktop/Project/Full_code_Amala (1)/Full_code_Amala/downloads/pilgrimsocial_3425943478249461776.jpg')]",https://www.instagram.com/p/C-LZXPbInkO/,15997,470
alexfalcone,"Fees. Are they a scam? Yep.
.
.
.
.
.
.
.
.
#travel #concerts #business #scams #fails #funny #isitascamyep",C:\Users\hp\Desktop\Project\Full_code_Amala (1)\Full_code_Amala\downloads\alexfalcone_3449851101292578958.mp4,https://www.instagram.com/p/C_gVUxsiMiO/,25190,221
alexfalcone,"So much AI scam news it's hard to keep up.
.
.
.
.
.
.
.
.
.
#ai #tech #news #scams #funny #isitascamyep",,https://www.instagram.com/p/C7ClTK9PBV6/,7123,66
alexfalcone,"Elon Musk. Is it a scam? Yep.
.
.
.
.
.
.
.
.
.
.
#scams #tech #cars #tesla #boringcompany #elon #funny #isitascamyep",C:\Users\hp\Desktop\Project\Full_code_Amala (1)\Full_code_Amala\downloads\alexfalcone_3459973243774617438.mp4,https://www.instagram.com/p/DAES1Vfisde/,106118,2281
hindustantimes,"#Indians lost ₹120.3 crore to #digitalarrest frauds in Q1 2024, according to a report citing Ministry of Home Affairs data.

Read the full story link in bio 🔗

#Indian #DigitalArrest #Frauds #Scams #Myanmar #Laos #Cambodia #HomeAffairs #InstaWithHT",C:\Users\hp\Desktop\Project\Full_code_Amala (1)\Full_code_Amala\downloads\hindustantimes_3488606361505567010.jpg,https://www.instagram.com/p/DBqBQCatREi/,8415,43
omniwatchidp,"Scams 101 Series: Vishing

Vishing involves fraudulent phone calls that mimic legitimate companies or persons to trick individuals into revealing personal information. Also referred to as scam calling, vishing has a similar goal to phishing and smishing. 

Protect yourself from vishing attacks:
- Don’t share account information or two-factor authentication.
- End suspicious calls and contact the institution directly.
- Never reveal personal information over the phone.
- Consider ID theft insurance and VPN protection.

To learn more about how to protect your personal information, head to omniwatch.com.

#phishing #socialengineering #cybersecurity #scams #cybersecurityawarenessmonth #scams101 #omniwatch",C:\Users\hp\Desktop\Project\Full_code_Amala (1)\Full_code_Amala\downloads\omniwatchidp_3490426163762350520.jpg,https://www.instagram.com/p/DBwfBpVyMm4/,3,0
pakwheels,"If you think mechanics are skilled in repairing cars? It’s your delulu, they are more skilled in capping you. Mechanics all over the world are trained to play with you, and Pakistan is no exception. Our mechanics are also well known to scam customers. Here’s an exclusive guide on the most common scams that a mechanic will try to do with you and how you can prevent them.

Using Copy Parts
Mechanics will give you parts and tell you that this is the company’s official and genuine part. Even more, the product seems legit when you see the packaging, but they are mostly non-genuine and just some high-quality copies of the original. 

First, we never recommend using a non-genuine part in your engine; if it’s cosmetic, then it might be fine. But again, if you’re getting a counterfeit product for the price or original, it’s never fine. The easiest solution is to buy the parts on your own from your car manufacturer’s official 3s dealership. 

Or, if your budget is low, we suggest going with third-party manufacturers, but at least buy original products, not copied products. 

Insisting on Unnecessary Repairs
You just casually go to the oil change to the mechanic, but mechanics then start spotting multiple issues in your car and ask you to get it repaired right now before it becomes too late. Don’t worry—there’s likely nothing wrong with your car, and you’re not the only one who has heard this from them.

Basically, they need to earn money, and oil change labor is not enough, so they are likely to give a cap to you by telling you multiple repairs in your car that are not actually necessary. They play it so well that any expert can fall into their trap. Mechanics use it to create a sense of urgency and pressure customers into making immediate repairs by emphasizing potential future problems. It can also be described as “upselling” when they push for additional services based on exaggerated fears about the car’s condition.

Just ignore them and refuse them; don’t fall for this scam.

#PakWheels #PWBlog #Mechanics #Scams #Pakistan",C:\Users\hp\Desktop\Project\Full_code_Amala (1)\Full_code_Amala\downloads\pakwheels_3465462284526548372.jpg,https://www.instagram.com/p/DAXy5ZDt_WU/,1106,8
khaleejtimes,"If you have lost any personal belongings at Dubai Airport, there are several ways to retrieve them. You can use Dubai Airport lost and found contact number at 042245383, which operates 24 hours daily.⁣
Alternatively, for items lost on board your flight or in the terminal, call the airport's general information number on 042245555 or fill out a lost item form. 

For more information, click the link in the bio. 

#lostandfound #baggageclaim #baggage #dubaiairport #scams #scamalert #phishing #uae #dubai #khaleejtimes","[WindowsPath('C:/Users/hp/Desktop/Project/Full_code_Amala (1)/Full_code_Amala/downloads/khaleejtimes_3295411034767690748.jpg'), WindowsPath('C:/Users/hp/Desktop/Project/Full_code_Amala (1)/Full_code_Amala/downloads/khaleejtimes_3295411031907055404.jpg'), WindowsPath('C:/Users/hp/Desktop/Project/Full_code_Amala (1)/Full_code_Amala/downloads/khaleejtimes_3295411031370229965.jpg'), WindowsPath('C:/Users/hp/Desktop/Project/Full_code_Amala (1)/Full_code_Amala/downloads/khaleejtimes_3295411031470906009.jpg'), WindowsPath('C:/Users/hp/Desktop/Project/Full_code_Amala (1)/Full_code_Amala/downloads/khaleejtimes_3295411031689014416.jpg'), WindowsPath('C:/Users/hp/Desktop/Project/Full_code_Amala (1)/Full_code_Amala/downloads/khaleejtimes_3295411032301452792.jpg')]",https://www.instagram.com/p/C27puMSOT8y/,2565,25
proactiveway,"We don’t mean to scare you too badly this Halloween, but the scariest thing you will see this season is lurking in your inbox.

Here are 5 things to look out for in an email or text that may be a phishing scam:

1. Language that induces fear and urgency 
2. Incorrect sender names/information
3. Poor grammar and spelling
4. Unexpected requests to share sensitive info, ex. bank numbers, passwords, etc.
5. Urging you to click on suspicious link or attachments 

Follow Us for More Tips on Keeping Your Small Business Safe From Cyberattacks. 

#proactiveway #spookyfacts #scaryfacts #cybersecurity #phishing #scams #smallbusiness #happyhalloween #spookyseason
#smallbiztips #entrepreneurlife #womenownedbusiness #businesstips #smallbusinesslove #smallbusinesstips #smallbusinesssupport #entrepreneurs #entrepreneur ##smallbizadvice #smallbizcommunity #sanfrancisco #sanfranciscobusiness #cablecar #sf #sfsmallbusiness #sfbusiness #bayareabusiness #bayarea #oakland",C:\Users\hp\Desktop\Project\Full_code_Amala (1)\Full_code_Amala\downloads\proactiveway_3489807311114271635.mp4,https://www.instagram.com/p/DBuSUJ5hvuT/,7,0
alexfalcone,"Waking up early is a scam.
.
.
.
.
.
.
.
#chronotypes #sleeping #morningpeople #earlyrisers #nightowls #funny #isitascamyep #scams #school #birds",C:\Users\hp\Desktop\Project\Full_code_Amala (1)\Full_code_Amala\downloads\alexfalcone_3480346414744170647.mp4,https://www.instagram.com/p/DBMrJ_iIXCX/,148311,2004
pcmag,"Microsoft says its customers face 600 million cyberattacks daily—and has found that ransomware attacks and tech scams are on the rise, as are attacks by nation-state hackers.

The IT sector  seems to be the biggest target, making up roughly 24% of attacks by nation-state hackers working for authorities in Russia, China, Iran, and North Korea, according to Microsoft's latest Digital Defense Report. 21% of attacks targeted education and research institutions, while 12% of attacks directly targeted governments. Attacks on education and research orgs are typically used as ""testing grounds"" before cybercriminals pick bigger targets, Microsoft says.

""We are seeing increasing evidence of the collusion of cybercrime gangs with nation-state groups sharing tools and techniques,"" said Tom Burt, Microsoft's corporate vice president of customer security and trust in a statement. 

North Korean hackers target North America the most, while Russia targets Europe and Central Asia. Iran targets the Middle East and North Africa regions the most. North America is the second most-attacked region by Chinese, Russian, and Iranian nation-state attackers, though.

To learn more about what the data shows regarding cybercrime, head to PCMag. 
.
.
.
#microsoft #cybersecurity #cybercrime #technology #technews #hacking #hackers #data #scams #techscams",C:\Users\hp\Desktop\Project\Full_code_Amala (1)\Full_code_Amala\downloads\pcmag_3482048145900640109.jpg,https://www.instagram.com/p/DBSuFcLNxdt/,626,10
alexfalcone,"Intentionally misleading labels
.
.
.
.
.
.
.
.
.
#unlearning #scams #funny #food #usda #leather",C:\Users\hp\Desktop\Project\Full_code_Amala (1)\Full_code_Amala\downloads\alexfalcone_3473787004653116855.mp4,https://www.instagram.com/p/DA1XuA1t523/,34694,237
jordancarlosofficial,"AMERICAN JUSTICE 2024 🇺🇸
.
.
. 
.
.
.
.
#bribes #scams #scammers #ericadams #dancingwiththestars #annadelvey #bribery #nyc #justice #fyp #lol #memes #jokes #notserious #fyp #satire #dance",,https://www.instagram.com/p/DAbngBlR1yH/,582,40
uyazi_cybersafety,"This new form of “marketing” might seem amazing at first, but it could be a dangerous tool used by cyber crinimals to steal your information or hack into your cell phone. Be wary of these type of scams and understand thay QR codes can still be as dangerous as clicking on a strange link. ‼️💻🌐

#SAMA28 #CyberSecurity #scams #qrcodes #cybersafety #marketing #watch #fyp #technology #creatorsearchinsights #techtok #internet #search #education #southafrica",,https://www.instagram.com/p/DBqvEPNInms/,28,4
iamboey,"Theres no need to bring passwords and personal information into this. 

#phishing #scams @iamboey","[WindowsPath('C:/Users/hp/Desktop/Project/Full_code_Amala (1)/Full_code_Amala/downloads/iamboey_3458181431176766941.jpg'), WindowsPath('C:/Users/hp/Desktop/Project/Full_code_Amala (1)/Full_code_Amala/downloads/iamboey_3458181431176928353.jpg'), WindowsPath('C:/Users/hp/Desktop/Project/Full_code_Amala (1)/Full_code_Amala/downloads/iamboey_3458181431185334593.jpg'), WindowsPath('C:/Users/hp/Desktop/Project/Full_code_Amala (1)/Full_code_Amala/downloads/iamboey_3458181431227093605.jpg')]",https://www.instagram.com/p/C_97bHrp6Xd/,624,10
dannah_eve,"⚠️HOTEL PHONE SCAM - Please Share! 

#safety #scamalert #safetytips #streetsmart #beaware #situationalawareness #hotels #hotel #hoteltips #scamprevention #scams #traveltips #travelsafety",,https://www.instagram.com/p/DAlP5jLvWIn/,36770,302
theprojecttv,"Do Aussies deserve to know which banks are scammed the most?

#Scams #BankScams #Banks",,https://www.instagram.com/p/DBqQ4UcJNyN/,72,7
economictimes,#LinkInBio | #ICICIBank has alerted its customers about an increasing number of parcel fraud #scams. These scams involve criminals using psychological tactics to trick people into giving away sensitive personal and financial information.,C:\Users\hp\Desktop\Project\Full_code_Amala (1)\Full_code_Amala\downloads\economictimes_3484358926034508306.jpg,https://www.instagram.com/p/DBa7ft4P5oS/,609,2
bharat4ever1,"😂😂

#aamaadmiparty #arvindkejriwal #congress #rahulgandhi #scams #liquorscamindelhi #modi #modiji #explore",,https://www.instagram.com/p/C9AeppKvSuB/,1501,24
rotten_comics,"True Detective Magazine Vol.60 #2  1953

Cover by Ozni Brown

#truecrime #truedetective #cops #killers #gangsters #heists #pulpmagazine #pulpart #pulpcovergirl #investigations #scams #poisoning #crimedocumentaries #swimmingholes #knottyblonde #pulpandpaper #crimemagazines #horrorpulp",C:\Users\hp\Desktop\Project\Full_code_Amala (1)\Full_code_Amala\downloads\rotten_comics_3487516139011711312.jpg,https://www.instagram.com/p/DBmJXNmPCFQ/,45,2
abcnews_au,"A former scammer reveals why Australians are 'easy prey'.

Business reporter Nadia Daly speaks to a former scammer based in Ukraine, who has decided to speak out to try to prevent more people falling victim to scams.

Rare vision recorded inside a scam centre shows an office like any other, except this business is ripping off people including Australians.

The scammer, who remained anonymous for fear of retribution, says vulnerable migrants are lured into the criminal business, with the promise of a well-paid job.

He says Australians are seen as 'wealthy' and 'trusting' to overseas scammers and are therefore easy targets.

The Australian Federal Police have launched Operation Firestorm to try to tackle syndicates in Southeast Asia and Eastern Europe. It's a part of its Joint Policing Cybercrime Coordination Centre known as JPC3.

Personalise your news and stay in the know with the ABC News app via the link in our bio.

#ABCBusiness #Scams",,https://www.instagram.com/p/DBDNoX8vzM2/,2769,0
unwinewithtashak,"EXPLOSIVE💥🚨👀 #CharlestonWhite stopped by the Wine Cellar & kept it ALL THE WAY real about shooting himself, his #animalcruelty charge, #ShirleyStrawberry’s husband Ernesto’s #SCAMS & MORE‼️😳

FULL interview dropping SOON on TashaKlive.com💥
•
•
#explore #charlestonwhiteofficial #charlestonwhiteclips #charlestonwhiteinterview #tashaklive #explorepage",C:\Users\hp\Desktop\Project\Full_code_Amala (1)\Full_code_Amala\downloads\unwinewithtashak_3487526483926860336.mp4,https://www.instagram.com/p/DBmLtwDOkIw/,3,21
sambuchalul,I Created Scam Ads To Promote My Channel #shorts #scams #scam #ads #ad #youtube #funny #entertainment #sambucha,,https://www.instagram.com/p/DBt17P3C44j/,675,9
techcrunch,"AI is here to help...?

Whether you’re drafting an email, making some concept art, or running a scam on vulnerable folks by making them think you’re a friend or relative in distress, AI is so versatile. But since some people would rather not be scammed, let’s talk a little about what to watch out for.

Don’t expect the Terminator to knock on your door and sell you on a Ponzi scheme — these are the same old scams we’ve been facing for years, but with a generative AI twist that makes them easier, cheaper, or more convincing.

This is by no means a complete list, just a few of the most obvious tricks that AI can supercharge. We’ll be sure to add news ones as they appear in the wild, or any additional steps you can take to protect yourself.

Read the tricks and tips to avoid being the victim of AI-powered scams at the link in the bio 👆

Article by Devin Coldewey

Image Credits: Bryce Durbin / TechCrunch

#TechCrunch #technews #artificialintelligence #scams #lifehack",C:\Users\hp\Desktop\Project\Full_code_Amala (1)\Full_code_Amala\downloads\techcrunch_3406489743782862346.jpg,https://www.instagram.com/p/C9GSF-lMF4K/,613,11
businessinsiderin,"Tune into any bit of news these days, and you’re bound to come across the NEET controversy. With allegations of bribery, paper leaks and a dozen other crimes making for some murky water ahead for India’s future medical aspirations, there is no wonder the scam has been plastered all over the news cycle over the past week.

Here’s a list of all major events so far.

(For full story, head to link in bio)

#NEET #India #Leaks #EntranceTest #Bribes #Exams #Scams #NTA #Controversy #NEETExamControversy #Education #UG #UGExams #MedicalCourses",C:\Users\hp\Desktop\Project\Full_code_Amala (1)\Full_code_Amala\downloads\businessinsiderin_3398214061987815647.jpg,https://www.instagram.com/p/C8o4a9ThWDf/,918,3
fire_up_skills,"COMMUNITY WEBINAR 🔥

How to we spot misinformation and stay safe from deepfakes? Absolutely thrilled to have one of our favourite speakers join us this Friday for a masterclass on just that. Stacey Edmonds is not just thoroughly engaging (and funny) - she is the founder of ‘Dodgy, or Not?’ and is an expert in keeping safe in the Cyber Age.

Everyone in our email database will get the invite today, if you want to sign up, send us a DM 🚀

#cybersafe #deepfake ##cybersecurity #ai #scams #staysafe #cybercrime","[WindowsPath('C:/Users/hp/Desktop/Project/Full_code_Amala (1)/Full_code_Amala/downloads/fire_up_skills_3489794447163335261.jpg'), WindowsPath('C:/Users/hp/Desktop/Project/Full_code_Amala (1)/Full_code_Amala/downloads/fire_up_skills_3489794447196815977.jpg')]",https://www.instagram.com/p/DBuPZEFzC1x/,2,0
pwcpolice,"#Scammers Exploit 2024 US General Election to Perpetrate Multiple Fraud Schemes
________________________________________
The FBI is warning the public about scammers exploiting the 2024 US General election to perpetrate multiple types of financial fraud schemes. These #scams target victims across the United States and have previously exploited state and local elections for similar scams.
Scammers use the names, images, logos, and slogans of candidates to fraudulently solicit campaign contributions, sell merchandise (which is never sent to the purchaser), or steal victim personally identifiable information (PII) that can be used for other fraud.
Campaign Investment Pool Scheme
Victims are promised a return on their campaign contribution dollars if they invest in a pool to fund the candidate's campaign. The pool is guaranteed to grow and be returned to the victims after the candidate wins. Victims are also encouraged to recruit others to invest in the pool to increase their share of the payout.
Scam Political Action Committees
Victims are contacted by a scammer who misleads the victim to believe the scammer is affiliated with a legitimate Political Action Committee (PAC), such as a Super PAC or candidate’s campaign committee. The victim is duped into believing they are making a legal campaign contribution to a legitimate PAC but instead the scammers keep the funds for themselves and have no affiliation with the specified PAC.
Merchandise Online Purchase Scam
Victims are enticed to purchase merchandise with the logo of a political candidate though the company is not associated with the political campaign and does not ship the purchased product. This is a classic ""non-shipment scam"" or ""non-delivery fraud"" scheme taking advantage of victim's interest in the 2024 election.

Read more on #PWCPD's #Facebook page for helpful tips.",C:\Users\hp\Desktop\Project\Full_code_Amala (1)\Full_code_Amala\downloads\pwcpolice_3490531523458439331.jpg,https://www.instagram.com/p/DBw2-1NCxij/,0,0
alexfalcone,"Can I hate the ""pass it on"" billboards?
.
.
.
.
.
.
.
.
.
.
#billboards #ads #scams #guiltydispleasures #shatner #dolly #funny #charity #philanthropy #passiton",C:\Users\hp\Desktop\Project\Full_code_Amala (1)\Full_code_Amala\downloads\alexfalcone_3486229344936891782.mp4,https://www.instagram.com/p/DBhkx5OgZWG/,6830,92
westmichigancu,"Did you know that over $1.14 billion was stolen as a result of romance scams in 2023? Avoid falling victim to these #scams by knowing the warning signs🚩

Protect yourself and your money by reading our Simply Better blog!

#CreditUnions #WestMichigan #GrandRapids #BigRapids #Cadillac #Manistee #ReedCity #SimplyBetterBlog","[WindowsPath('C:/Users/hp/Desktop/Project/Full_code_Amala (1)/Full_code_Amala/downloads/westmichigancu_3490336213732291767.jpg'), WindowsPath('C:/Users/hp/Desktop/Project/Full_code_Amala (1)/Full_code_Amala/downloads/westmichigancu_3490336214646643992.jpg')]",https://www.instagram.com/p/DBwKk6JMBp3/,3,0
unique_thee_elite,"BE CAREFUL USING YOUR CARDS AT THIS GAS STATIONS……
#ripoff #stealing #money #debitcard #creditcard #scams #gasstations #reels #video #explore #fyp #viralvideos",C:\Users\hp\Desktop\Project\Full_code_Amala (1)\Full_code_Amala\downloads\unique_thee_elite_3490233050749182974.mp4,https://www.instagram.com/p/DBvzHe1O6P-/,18,2
puthiyathalaimurai,"Telegram is No More Chatting Application - Crime Expert Sathish | Scam Alert | PTD

#scams #ScamAlert #scammers #ScamAware #Puthiyathalaimurai #digitalscam #OnlineScams #FraudAlert #fakedocuments #TELEGRAM #WhatsAppChannel #fakecertificate",,https://www.instagram.com/p/C2nBFKKN71o/,5342,45
nivervillecu,"Seniors are a major target of scammers! Many are vulnerable simply because they aren't confident in how to protect themselves. Here are some tips for you or the loved ones in your life:⁠
⁠
If you receive a phone call claiming to be from a family member in an emergency situation, hang up the phone and contact them directly using a phone number you already have – not one provided by the suspected fraudster.⁠
⁠
If the caller claims to be a law enforcement official, hang up and call your local police directly, using a phone number from a reputable source – not one provided by the suspected fraudster.⁠
⁠
Be suspicious of telephone calls that require you to immediately act and request money for a family member in distress.⁠
⁠
Listen to that inner voice that is screaming at you ""This doesn't sound right""⁠
It is important to know the Canadian Criminal Justice System does not allow for someone to be bailed out of jail with cash or cryptocurrency.⁠
⁠
Be careful what you post online. Scammers can get details that you shared on social media platforms and dating sites to target you or get names and details about your loved ones.⁠
⁠
Don't trust caller ID names and numbers. Scammers use technology to disguise the actual number they are calling from and can make it appear as a trusted phone number, also known as ""spoofing"".⁠
⁠
You can learn more in our link in bio. ⁠
⁠
#NivervilleCreditUnion #Scams #SeniorScams #FinancialScam #MoneyScam #ProtectYourself #CyberSecurity #OnlineSecurity","[WindowsPath('C:/Users/hp/Desktop/Project/Full_code_Amala (1)/Full_code_Amala/downloads/nivervillecu_3489625546372997672.jpg'), WindowsPath('C:/Users/hp/Desktop/Project/Full_code_Amala (1)/Full_code_Amala/downloads/nivervillecu_3489625544544448726.jpg'), WindowsPath('C:/Users/hp/Desktop/Project/Full_code_Amala (1)/Full_code_Amala/downloads/nivervillecu_3489625544284266070.jpg'), WindowsPath('C:/Users/hp/Desktop/Project/Full_code_Amala (1)/Full_code_Amala/downloads/nivervillecu_3489625544804524466.jpg'), WindowsPath('C:/Users/hp/Desktop/Project/Full_code_Amala (1)/Full_code_Amala/downloads/nivervillecu_3489625546020753499.jpg'), WindowsPath('C:/Users/hp/Desktop/Project/Full_code_Amala (1)/Full_code_Amala/downloads/nivervillecu_3489625567654875885.jpg'), WindowsPath('C:/Users/hp/Desktop/Project/Full_code_Amala (1)/Full_code_Amala/downloads/nivervillecu_3489625566019144669.jpg'), WindowsPath('C:/Users/hp/Desktop/Project/Full_code_Amala (1)/Full_code_Amala/downloads/nivervillecu_3489625565767485879.jpg'), WindowsPath('C:/Users/hp/Desktop/Project/Full_code_Amala (1)/Full_code_Amala/downloads/nivervillecu_3489625564979025290.jpg')]",https://www.instagram.com/p/DBtpApBs3n_/,2,0
abc7newsbayarea,"This is alarming. People older than 60 lost more money in scams in 2023 than the previous year — an 11% increase totaling more than $3.4 billion overall, according to the FBI. There was also a 14% increase in complaints filed with the FBI by elderly victims, with 101,068 complaints filed by them in 2023 compared to 88,262 in 2022. Here’s what you and your loved ones need to know. Tap the link in our bio for details.",,https://www.instagram.com/p/C6ckG6yvzXV/,688,45
technicalgujjju,"Share with everyone! 🙌
.
.
.
#screenshot #editing #manupulation #tech #scams #beware #technology #techreels #technicalgujju #gujarat #gujarati #gujaratireels #gujju #information #creator",,https://www.instagram.com/p/C9AetSUytE7/,606,8
empeoplecreditunion,"Ghouls and goblins aren’t the only frightening things lurking around this fall. Here are three scams our team has personally encountered in their inboxes, and one bonus scam to watch out for as the holiday season approaches. 👻 

🔗 Learn more by reading the blog linked in our bio.",C:\Users\hp\Desktop\Project\Full_code_Amala (1)\Full_code_Amala\downloads\empeoplecreditunion_3489677878896173925.jpg,https://www.instagram.com/p/DBt04qwJSNl/,3,1
sathish__entrepreneurs,"💸 𝐍𝐄𝐖 𝐌𝐎𝐍𝐄𝐘 𝐄𝐀𝐑𝐍𝐈𝐍𝐆 👔
 👨🏻‍💻 𝐎𝐏𝐏𝐎𝐑𝐓𝐔𝐍𝐈𝐓𝐘 👩🏻‍💻

✓ Fʀᴇᴇ Oғ Cᴏsᴛ!

✓ Mᴜsᴛ Dᴏ Wᴏʀᴋ Rᴇɢᴜʟᴀʀʟʏ Oɴ Dᴀɪʟʏ Bᴀsɪs!

✓ Sᴀʟᴀʀʏ Bᴀsᴇᴅ Oɴ Yᴏᴜʀ Pᴇʀғᴏʀᴍᴀɴᴄᴇ!

Iғ Yᴏᴜ Tᴀᴋᴇ Tʜɪs Oᴘᴘᴏʀᴛᴜɴɪᴛʏ Dᴇғɪɴɪᴛᴇʟʏ Cᴀɴ Cʜᴀɴɢᴇ Yᴏᴜʀ Lɪғᴇsᴛʏʟᴇ

Iғ Yᴏᴜ Iɴᴛᴇʀᴇsᴛᴇᴅ MSG Nᴏᴡ ✍︎

#sathish__entrepreneur 

@sathish__entrepreneurs 

#tamil #ᴛʀᴀɴᴅɪɴɢ 
#reels #in #instagram 
#success #is #scams 
#great #think #taketime",C:\Users\hp\Desktop\Project\Full_code_Amala (1)\Full_code_Amala\downloads\sathish__entrepreneurs_3484472371514655853.mp4,https://www.instagram.com/p/DBbVSkNy0Rt/,215,0
indianapoliszoo,"⚠️ #ScamAlert ⚠️
Unfortunately, we are still getting inquiries of a SCAM floating around the cyber world for. We want to remind everyone that if you come across this 80th Anniversary ad, it is NOT REAL. Several zoos and aquariums across the country are being targeted with the same FAKE OFFER. Here are some helpful tips to protect yourself from these scammers:
- DO NOT click on any links or enter your personal information.
- When in doubt, check the account! We have a verified badge on our Facebook page and on our comments.
- Valid Zoo tickets are only available through indianapoliszoo.com.
- DO NOT purchase tickets from any other website or social media platform.
- Report the fraudulent ad and the page that posted it to help us get the ad removed from all platforms.

#scam #scams #reportscams #beaware #bealert #indyzoo #zoo #fraudalert #yourindyzoo #anniversary #socialmedia",C:\Users\hp\Desktop\Project\Full_code_Amala (1)\Full_code_Amala\downloads\indianapoliszoo_3316513471041608253.jpg,https://www.instagram.com/p/C4Gn24mO5o9/,801,12
sumantv_official,"ఈ-చలాన్‌ పేరిట సైబర్‌ మోసాలు..
.
.
 #EChallan #Scams #Cyberscams #Payment #Vechicles #Website #Links #InstReels #ReelsTelugu #Telugu #SumantvOfficial #SumantvReels @anchor_sai_bairi",C:\Users\hp\Desktop\Project\Full_code_Amala (1)\Full_code_Amala\downloads\sumantv_official_3490322101846297431.mp4,https://www.instagram.com/p/DBwHXWIPktX/,170,0
techcrunch,"AI is here to help...?

Whether you’re drafting an email, making some concept art, or running a scam on vulnerable folks by making them think you’re a friend or relative in distress, AI is so versatile. But since some people would rather not be scammed, let’s talk a little about what to watch out for.

Don’t expect the Terminator to knock on your door and sell you on a Ponzi scheme — these are the same old scams we’ve been facing for years, but with a generative AI twist that makes them easier, cheaper, or more convincing.

This is by no means a complete list, just a few of the most obvious tricks that AI can supercharge. We’ll be sure to add news ones as they appear in the wild, or any additional steps you can take to protect yourself.

Read the tricks and tips to avoid being the victim of AI-powered scams at the link in the bio 👆

Article by Devin Coldewey

Image Credits: Bryce Durbin / TechCrunch

#TechCrunch #technews #artificialintelligence #scams #lifehack",C:\Users\hp\Desktop\Project\Full_code_Amala (1)\Full_code_Amala\downloads\techcrunch_3426796029284017829.jpg,https://www.instagram.com/p/C-ObNUrMWal/,644,11
mlmexit,"Image: @wallstreetoasis 

#antimlm #antimlmmovement #memestagram #memesdaily #funny #olivetreepeople #stocks #investment #otc #pumpanddump #scheme #scams #olevida #olivetreepeopleconsultant #darkhumor #olivetreepeoplepartner #olivetreepeople🍃 #olivetreepeopleteam #mlm #nwm #multilevelmarketing #networkmarketing #socialselling #memeoftheday",C:\Users\hp\Desktop\Project\Full_code_Amala (1)\Full_code_Amala\downloads\mlmexit_3490463317954953136.mp4,https://www.instagram.com/p/DBwneT4PH-w/,9,5
technicalgujjju,"હવેથી કોઈપણ તમારી સાથે Scam નહીં કરી શકે! ⚠️🤩
.
.
.
#tech #scams #fraud #calls #technology #techreels #technicalgujju #gujarat #gujarati #gujratireels #gujju #privacy #goverment #information #creator",C:\Users\hp\Desktop\Project\Full_code_Amala (1)\Full_code_Amala\downloads\technicalgujjju_3435910052992058690.mp4,https://www.instagram.com/p/C-uzf0syQVC/,710,33
reginamoldenattorney,"I thought I’d share this information because I am constantly having problems with my credit cards. Maybe it’ll save you the headache of having to deal with this ❤️#scams

#scamalert #over50 #socialjustice #midlife #genx #oldschool #atlantalawyer #employeeadvocacy #atlanta #justice #midlifewomen",,https://www.instagram.com/p/DAbQd8zulFr/,877,62
khiladi_vibes_usa,"Homesickness is danger ‼️ 

#students #desi #scams #usa #vlogs #trending #reels #support #homesick #studyabroad",C:\Users\hp\Desktop\Project\Full_code_Amala (1)\Full_code_Amala\downloads\khiladi_vibes_usa_3399008826411969128.mp4,https://www.instagram.com/p/C8rtITWs-po/,670,4
realhistoryuncovered,"""The Wolf of Wall Street"" stars Leonardo DiCaprio as Jordan Belfort, the stockbroker who went to prison for securities fraud and money laundering after federal agents uncovered his firm's illegal schemes. While many of the events depicted in the movie seem unbelievable, the life of the real Jordan Belfort was actually even more absurd than what's shown on screen. For instance, Belfort's yacht really did sink off the coast of Sardinia in 1996. However, he reportedly asked the captain to travel through a storm not because he had an important business meeting to attend the following morning but because he had a tee time he wanted to make. What's more, Belfort's helicopter wasn't thrown off the vessel by the turbulent waves — the yacht's crew purposely threw it into the sea to make room for a rescue helicopter. ⁠
⁠
Many of the other dramatic scenes in the film actually happened, too. Belfort really did nearly crash his helicopter into his own yard while operating it under the influence of Quaaludes. He also wrecked his sports car by speeding out of his garage while high on drugs with his three-year-old daughter in the front seat. Add in the rowdy office parties, infidelity, and egregious financial crimes, and it's hard to believe the film is based on a true story — but much of the plot was taken directly from Jordan Belfort's own memoir. Learn more about the real-life ""Wolf of Wall Street"" by clicking the link in our bio.⁠
⁠
⁠
#wolfofwallstreet #jordanbelfort #wallstreet #scams #history #modernhistory #films",C:\Users\hp\Desktop\Project\Full_code_Amala (1)\Full_code_Amala\downloads\realhistoryuncovered_3470253003860046064.jpg,https://www.instagram.com/p/DAo0LiHz3Dw/,1201,15
_cyber_specter,"🔍 In today’s fast-paced digital world, the rise of cryptocurrencies brings not only investment opportunities but also significant risks. As scams become increasingly sophisticated, it's crucial to stay informed and vigilant against potential threats to your assets! 🚨💼

If you’re an investor navigating platforms like Coinbase, Binance, or OKX, be aware of the common tactics used by scammers—such as fake recovery software or unauthorized access to your wallets. Remember, if you encounter suspicious activity, report it immediately! 📊🛡️

Our team of software engineers is committed to helping you resolve issues and recover your funds with professionalism and expertise. We believe that trust is paramount in ensuring a safe and secure investment journey. If you’ve been targeted by scams and are seeking guidance on recovery, don’t hesitate to reach out. Together, we can work towards restoring your access and securing your assets! 💪🔐

Stay safe, stay informed, and let’s fight against scams together! 

#Investors #Scams #Telegram #PayBack #Hack #TheWallet #Coinbase #Recovery #SoftwareEngineer #ComputerAccess #Trust #Wallets #Binance #Bitcoin #Access #OKX #Recover #Withdrawal #Resolve #CryptoSafety #DigitalSecure",C:\Users\hp\Desktop\Project\Full_code_Amala (1)\Full_code_Amala\downloads\_cyber_specter_3489449277510091421.webp,https://www.instagram.com/p/DBtA6FHu4Kd/,1,0
abcnews_au,"The FBI, AFP and Malaysian police have all failed to charge Adrian Katong. In the meantime, the phishing syndicate operator is leading a life of luxury and becoming more brazen in his operations that have taken millions of dollars from Australians. 

#abc730 #Phishing #Scams #CyberSecurity","[WindowsPath('C:/Users/hp/Desktop/Project/Full_code_Amala (1)/Full_code_Amala/downloads/abcnews_au_3424955259258971014.jpg'), WindowsPath('C:/Users/hp/Desktop/Project/Full_code_Amala (1)/Full_code_Amala/downloads/abcnews_au_3424955259393196808.jpg'), WindowsPath('C:/Users/hp/Desktop/Project/Full_code_Amala (1)/Full_code_Amala/downloads/abcnews_au_3424955259259173490.jpg'), WindowsPath('C:/Users/hp/Desktop/Project/Full_code_Amala (1)/Full_code_Amala/downloads/abcnews_au_3424955259242237682.jpg'), WindowsPath('C:/Users/hp/Desktop/Project/Full_code_Amala (1)/Full_code_Amala/downloads/abcnews_au_3424955259477089124.jpg'), WindowsPath('C:/Users/hp/Desktop/Project/Full_code_Amala (1)/Full_code_Amala/downloads/abcnews_au_3424955259393177396.jpg'), WindowsPath('C:/Users/hp/Desktop/Project/Full_code_Amala (1)/Full_code_Amala/downloads/abcnews_au_3424955259242354446.jpg'), WindowsPath('C:/Users/hp/Desktop/Project/Full_code_Amala (1)/Full_code_Amala/downloads/abcnews_au_3424955259393209813.jpg')]",https://www.instagram.com/p/C-H4qu-v_aX/,1174,0
linta_roofing,"🔨 Did you know that not all roofing contractors are required to have a license?

Check out the video link in our story to learn more 🧠 

📞 843-272-1906
🌐 lintaroofing.com

#contractor #contractors #roof #roofer #roofers #roofingcompany #roofingcompanies #roofingcontractor #roofingcontractors #scam #scams #construction #MyrtleBeach #LintaRoofing #ElevatedRoofing",,https://www.instagram.com/p/DBuN-uvhwZr/,3,0
azhar_edutok,"Share to everyone @azhar_edutok 
.
.
#azhar_edutok #instagood #reelsstatus #reelsinsta #reelsdaily #instareels #reelstelugu #lifelessons #petrolscam #scamalert #scams #awareness",C:\Users\hp\Desktop\Project\Full_code_Amala (1)\Full_code_Amala\downloads\azhar_edutok_3428564332842533769.mp4,https://www.instagram.com/p/C-UtRhsp0OJ/,64369,148
abcnews_au,"Indian students make up the second-largest group of international students in Australia, but opportunistic agents are scamming families out of hundreds of thousands of dollars, shattering the dreams of students like Prinjal.

Stay in the know as news is happening. Download the ABC News app via the link in our bio.

#ABC730 #InternationalStudents #India #University #Scams",,https://www.instagram.com/p/DAKoipePFTA/,1835,0
the_great_brandooo,"‼️‼️EVERYONE‼️‼️
To anyone who uses Discord, watch out for scammers!! This scam starts with you being sent a message from a friend who you probably haven't talked to in a while. They will say that they have mistaken your account for someone who committed fraud and they had their friends spam report you to discord. They will send you a fake screenshot of an email that looks like a normal discord report appeal. They will ask for you to dm someone to fix the situation. They will ask for a $150 ""refundable"" fee to verify that the account is yours and your discord details (email and password) so that they can ""undo the reports"".
Please watch out for scams on the internet. Look out for things like improper grammar, misspellings, foreign surnames with common first names, and other weird abnormalities. The internet may be big but scams are still common. I almost lost my account but I was blessed to regain access to it. Stay safe y'all. 🙏🏾 
#scammer #scammers #discord #safety #scams #hackedaccounts #warning #important #risk #staysafe",C:\Users\hp\Desktop\Project\Full_code_Amala (1)\Full_code_Amala\downloads\the_great_brandooo_3490409132371229388.heic,https://www.instagram.com/p/DBwbJznxDrM/,1,0
the.self.defense.girl,"I’ve seen multiple cases like this lately! Usually the peeps are dressed as utility workers or delivery men. Please talk to your kids, friends, and parents today about opening the door for strangers even when they look official.
.
#scams #scammers #safetytips #family #parents",C:\Users\hp\Desktop\Project\Full_code_Amala (1)\Full_code_Amala\downloads\the.self.defense.girl_3478862328550509035.mp4,https://www.instagram.com/p/DBHZtsjvcnr/,22242,394
_cyber_specter,"🔍 In today’s fast-paced digital world, the rise of cryptocurrencies brings not only investment opportunities but also significant risks. As scams become increasingly sophisticated, it's crucial to stay informed and vigilant against potential threats to your assets! 🚨💼

If you’re an investor navigating platforms like Coinbase, Binance, or OKX, be aware of the common tactics used by scammers—such as fake recovery software or unauthorized access to your wallets. Remember, if you encounter suspicious activity, report it immediately! 📊🛡️

Our team of software engineers is committed to helping you resolve issues and recover your funds with professionalism and expertise. We believe that trust is paramount in ensuring a safe and secure investment journey. If you’ve been targeted by scams and are seeking guidance on recovery, don’t hesitate to reach out. Together, we can work towards restoring your access and securing your assets! 💪🔐

Stay safe, stay informed, and let’s fight against scams together! 

#Investors #Scams #Telegram #PayBack #Hack #TheWallet #Coinbase #Recovery #SoftwareEngineer #ComputerAccess #Trust #Wallets #Binance #Bitcoin #Access #OKX #Recover #Withdrawal #Resolve #CryptoSafety #DigitalSecure",C:\Users\hp\Desktop\Project\Full_code_Amala (1)\Full_code_Amala\downloads\_cyber_specter_3489449065639017567.webp,https://www.instagram.com/p/DBtA2_zO3xf/,1,0
teamjunior_1645,Diwali scam 🚫 #reels #reelsinstagram #reelsviral #trendingreels #trending #trendingnow #scam1992 #scams #scamp #diwali2024 #diwali #fun #funny #funnyvideos #viral #viralpost #explore #explorepage #exploremore #lottery #diwalioffer #diwalioffers #offers,,https://www.instagram.com/p/DBvkg69yLA3/,23,2
melody_mocktail,"Another victim ⚠️

We have been spreading awareness on various scams from years though people are falling for scams. Unfortunately informative content is not gaining as much attention as other content. 

Don’t realize until you become a victim, just know about the thing’s happening around you and educate your friends & family in your leisure. 

#melodymocktail #mmstudentawarenessposts #scams #usa","[WindowsPath('C:/Users/hp/Desktop/Project/Full_code_Amala (1)/Full_code_Amala/downloads/melody_mocktail_3317911896562465774.jpg'), WindowsPath('C:/Users/hp/Desktop/Project/Full_code_Amala (1)/Full_code_Amala/downloads/melody_mocktail_3317911896621178080.jpg')]",https://www.instagram.com/p/C4Ll0thpaJm/,5386,129
karim_for_you_,"If you receive fake products…
.
.
.
.
.
.
#fake #fakeproduct #products #iphobe #charger #phone #tips #scams #scammers #scamalert",,https://www.instagram.com/p/CxIWJspJ4cz/,1408,5
tips.with.aniket,"⚠️Scam Alert ⚠️ New scam in the market 
.
.
.
Credits: @labourlawadvisor
Thank you for bringing this to our knowledge.
.
.
.
Follow @tips.with.aniket for more such tips
.
.
.
#scamalert #scam #scammers #fraud #scammer #scammeralert #fake #spam #scams #cybersecurity #scamartist #fraudalert #fraudster #money #beware #india",C:\Users\hp\Desktop\Project\Full_code_Amala (1)\Full_code_Amala\downloads\tips.with.aniket_3490251484409953274.mp4,https://www.instagram.com/p/DBv3TuhCPv6/,116,9
aftermidnight,"@kurtbraunohler @shuapeck and @taylortega are sick and tired of these scams 

#aftermignight #taylortomlinson #scams #victoriassecret #stitchincoming",C:\Users\hp\Desktop\Project\Full_code_Amala (1)\Full_code_Amala\downloads\aftermidnight_3485354662436557872.mp4,https://www.instagram.com/p/DBed5lqyFQw/,3281,18
blakepatin_,"Inbox me 📥 for all crypto currency recovery services 
.
.
.
.
.
.
.
.
.
.
.
.
#scammed #crypto #bitcoin #scamalert #binance #scam#scammedcryptorecovery #cryptorecovery #btc #investment #bitcoinrecovery #cryptoscam #investmentscam #instagram #scammers #scammer
#scammed #crypto #bitcoin #scamalert #binance #scam #scammedcryptorecovery #cryptorecovery #btc #investment #bitcoinrecovery #cryptoscam #investmentscam #instagram #scammers #scammer #cryptocurrency #scams #bitcoinscam #ftx #scammedinvestment #scamrecovery #usdt #celsiusnetwork #coinfield #coinfieldwithdrawal #coscoin #cryptonews #cryptoscamrecovery #fintech 
#cryptocurrency #scams #bitcoinscam #ftx #scammedinvestment #scamrecovery #usdt #celsiusnetwork #coinfield #coinfieldwithdrawal #coscoin #cryptonews #cryptoscamrecovery",C:\Users\hp\Desktop\Project\Full_code_Amala (1)\Full_code_Amala\downloads\blakepatin__3484274464277502065.webp,https://www.instagram.com/p/DBaoSovOZhx/,1,0
ride_with_power,"❌Scam at India-Nepal International Border❌

This is our day-02 of Mustang Nepal Ride. 
We start our ride from Basti, Uttar Pradesh and our task is to cross international border which almost 160 kms.

The India nepal 🇳🇵 border which we want to cross named as Sunaouli Border.

If you are coming through land border then you have to take permit before entering the border.

The process of entry is very simple-

1-you have to go permit office which is just after every land border.

2- If you are coming with your vehicle then take the ORIGINAL RC of your vehicle and one ID Proof.

3- Pay the charges of Permit like we are going through bike then we pay 200/rs NPR for one day (we are staying in Nepal for 7 days so we give 200 NPR x 7 = 1400 NPR.

4- This process took maximum 1 Hour and permit office is always open even on sunday (6Am-6Pm)

Beware of Scam which i told in the video during this process.

Follow for more content like this-  @ride_with_power 

#travel #nepal🇳🇵 #bikeride #internationalborder #scams #ktmduke #ktm",,https://www.instagram.com/p/DBtYPJBP23y/,49,4
bacons.bits,3 keys to spotting scams! #baconsbits #musicpromotion #indiemusic #indieband #independentmusic #unsigned #localmusic #localband #diymusic #diyband #independentband #musicianlife #musicpromo #scams #scammer #musician #musiccareer,,https://www.instagram.com/p/DAycyF3ioCV/,521,17
loveluxury,can you believe her friend did this to her?! 😮😡 #fyp #hermès #scandal #hermes #hermesbirkin #hermesbag #hermesminikelly #luxurybag #luxury #scams #expensive,C:\Users\hp\Desktop\Project\Full_code_Amala (1)\Full_code_Amala\downloads\loveluxury_3481612188230146312.mp4,https://www.instagram.com/p/DBRK9a9INkI/,20552,1308
nbcwashington,"It’s not what it sounds like, but the “pig butchering” scam authorities are warning about can still do serious damage — to your bank account. But how?

News4’s @susanhogantv has the answers to your quick questions.

#scams #money #finance #consumer #crypto #bitcoin #washingtondc #dc #maryland #md #virginia #va #dmv",C:\Users\hp\Desktop\Project\Full_code_Amala (1)\Full_code_Amala\downloads\nbcwashington_3480894060706069787.mp4,https://www.instagram.com/p/DBOnrSlJv0b/,144,0
anywaytech,"Vishing, also known as voice phishing, occurs when a cybercriminal calls your number pretending to be from an authorized, typically government, organization. They’ll give excuses as to why they need you to reconfirm your Social Security number, update your credit card and provide other forms of ID that can help them steal your identity.

They may say they’re from the SSA, IRS or other important federal organizations and claim to be contacting you regarding overdue payments, missed taxes or a similar emergency. They threaten you with a ﬁne or jail time if you can’t pay immediately.

Don’t be intimidated by threats of ﬁnancial damages or legal recourse! Real, 
secure communications will go through encrypted websites and email servers. They will NEVER ask you to reveal personal identifying information over the phone. When in doubt, never give away conﬁdential credentials to strangers. Use secure, guaranteed websites to submit your info this tax season! 

#AnyWayTech #Scams #Vishing #Phishing #PhoneScams #LeadingtheCommunITy #TechTips #ProtectYourData #PII #SecureYourPII #FinancialScam #PhoneScams #UnknownCaller",C:\Users\hp\Desktop\Project\Full_code_Amala (1)\Full_code_Amala\downloads\anywaytech_3485358552787549215.jpg,https://www.instagram.com/p/DBeeyM1xXwf/,3,0
borneobulletin,"The Royal Brunei Police Force (RBPF) recorded 1,137 cheating cases in 2023, of which 75 per cent were online scams, said Head of Cyber Crime Investigation Division of the Criminal Investigation Department, RBPF Senior Superintendent Handrie bin Haji Amin.

He said this delivering a presentation on understanding and tackling cybercrime in Brunei Darussalam at the Digital Future Conference (DFC) 2024 at the Bridex Banquet Hall yesterday.

📸: James Kon

To read more, click link in bio @borneobulletin

#national #brunei #bruneinews #borneobulletin #bruneiheadlines #Over #lost #to #online #scams #in #2023","[WindowsPath('C:/Users/hp/Desktop/Project/Full_code_Amala (1)/Full_code_Amala/downloads/borneobulletin_3424769546785654407.jpg'), WindowsPath('C:/Users/hp/Desktop/Project/Full_code_Amala (1)/Full_code_Amala/downloads/borneobulletin_3424769546659830044.jpg'), WindowsPath('C:/Users/hp/Desktop/Project/Full_code_Amala (1)/Full_code_Amala/downloads/borneobulletin_3424769546794132736.jpg'), WindowsPath('C:/Users/hp/Desktop/Project/Full_code_Amala (1)/Full_code_Amala/downloads/borneobulletin_3424769546853011559.jpg')]",https://www.instagram.com/p/C-HOcRCPsTl/,1719,68
puthiyathalaimurai,"காணாமல் போன மொபைலை கண்டுபிடிப்பது எப்படி..!! - Crime Expert Sathish Ashwin | PTD

#scamawareness #ScamAlert #scams #mobilephone #mobiledetailing #mobiletheft #mobilerecovery #lostmobile",C:\Users\hp\Desktop\Project\Full_code_Amala (1)\Full_code_Amala\downloads\puthiyathalaimurai_3293645043360033922.mp4,https://www.instagram.com/p/C21YLdps2yC/,160205,471
nonstopguru_extra,"Guess The YouTuber Name ?

#sandeepmaheshwari #motivation #motivationalquotes #exposed #youtuber #scammer #motivationalspeaker #scams #income #reels #trending #viral",,https://www.instagram.com/p/C0wkqobvW7M/,597,3
spycraft101,"Hunter Cats are now back at shop.spycraft101.com. 

In 2019 my debit card info was stolen at an ATM in Texas and used to buy hundreds of dollars worth of Starbucks gift cards on the other side of the country. I had to replace my debit card and reconfigure all of my automatic monthly payments, just to worry that it could happen again at any time. 

A few months later, I found the Hunter Cat and started taking it with me everywhere I went. In the four years since them, I haven’t had to replace a card due to fraud. 

The Hunter Cat helps you protect yourself from fraud and identify theft by testing and validating magnetic stripe readers before you insert your credit or debit cards.  It’s especially useful at ATMs where you can’t use tap-to-pay features when withdrawing cash. Whether you’re traveling abroad and need to use a foreign ATM or at your local grocery or convenience store, the Hunter Cat will keep your information and finances safe. 

The Hunter Cat works by detecting the number of magnetic stripe heads inside the card reader, and then displaying a status via one of three different LED lights - Green (OK), Yellow (Slide Again), or Red (Dangerous). 

The scanning process is simple. Just insert and remove the Hunter Cat normally before inserting the bank card. The Hunter will process the information and give the read status within seconds. For ATMs which have a lock feature to temporarily trap your card, the Hunter Cat still works because it’s longer than a normal debit card, so it can’t be locked in while you’re checking the number of stripe heads. You can then insert your own credit or debit card to complete the transaction depending on the alert LEDs.

The Hunter Cat is powered by a long-lasting CR2032 3V battery, included with each purchase. So you can put it into action as part of your personal security routine immediately.

Click on this Reel to get yours now and protect yourself from hackers, scammers, and thieves. 

#spycraft101 #scamalert #scammers #scams #hack #debitcard #atm #atmcard #creditcard #stolen #thieves #thief #scammed #conartist #cashmachine #bankcard #withdrawal #money #cash #edc #everydaycarry #preparedness #financialfreedom",C:\Users\hp\Desktop\Project\Full_code_Amala (1)\Full_code_Amala\downloads\spycraft101_3486203477561372342.mp4,https://www.instagram.com/p/DBhe5eWxu62/,340,7
wjctjax,"Wednesday on @FCConair: Chief U.S. District Judge Tim Corrigan joins host Anne @Schindy to talk about jury scams, his years on the bench, surviving an assassination attempt and playing a bit part in the @Netflix movie “The Legend of Cocaine Island.” 

Then, the threats to right whales continue to grow. We talk to species champions ahead of the annual @rightwhalefestival on #AmeliaIsland.

And, our resident spaceman @MOSHJax's Eddie Whisler on spooky space dust! 

Join the convo!
☎️ (904) 549-2937
✉️ firstcoastconnect@wjct.org",C:\Users\hp\Desktop\Project\Full_code_Amala (1)\Full_code_Amala\downloads\wjctjax_3490249077721297571.jpg,https://www.instagram.com/p/DBv2wtHNnKj/,2,1
laci__bean,Why were they so spefic in asking for unvaxxed swimmers if it was a scam… unless…. Just some food for thought! #exantivaxxer #exantivax #provaxx #provaxxer #scams #dnatest #newscamalert #scamalert🚨,,https://www.instagram.com/p/C2YKKEirTJn/,3590,273
abcnews_au,"If you think it's just the Albanese government getting stuck into the social media giants over their less-than-fulsome attempts to reduce scams and fraud on their platforms, it's not.

Assistant Treasurer Stephen Jones is at an 11-country summit in London calling for the reluctant companies to rid their platforms of scammers and fraudsters.

Business reporter Daniel Ziffer summed up Jones' key message: ""do a lot more or we will make you via regulation and you hate that"".

#SocialMedia #Fraud #Scams",C:\Users\hp\Desktop\Project\Full_code_Amala (1)\Full_code_Amala\downloads\abcnews_au_3323917011146090564.jpg,https://www.instagram.com/p/C4g7OkoPahE/,831,82
abcnews_au,"Advertised on social media as an easy money grab while travelling a new country, the number of Indonesians applying for Working Holiday Visas  in Australia has surged over the last year.  
But behind the glitz and glamour, there are horror stories relating to scams, docked wages, arduous workloads and poor living conditions. A couple arrived in Darwin in hopes of working on a cucumber farm but quickly realised they had been misled. 
By Lily Kristanto, ABC Asia-Pacific. 
#WorkandHoliday #Scams #Backpackers #ABCNews",,https://www.instagram.com/p/DBZ11hxva4L/,2482,67
carmeltattooink,Please beware @zach.tatts is the real account. This fake page has been asking for deposits and setting up fake appts. The only way we take deposits will be at the shop in person or through our email Carmel.ink@me.com #scams,C:\Users\hp\Desktop\Project\Full_code_Amala (1)\Full_code_Amala\downloads\carmeltattooink_3486211977324644654.jpg,https://www.instagram.com/p/DBhg1KYJcku/,18,0
abcnews_au,"Scammers know how to craft emails and text messages to trick people into thinking they're legitimate. 

Reporting by Hanan Dervisevic and Dannielle Maguire.

To read the full story or stay in the know with news you care about, download the ABC News app via the link in our bio.

#Tax #TaxReturn #Scams #Phishing","[WindowsPath('C:/Users/hp/Desktop/Project/Full_code_Amala (1)/Full_code_Amala/downloads/abcnews_au_3398822211660791593.jpg'), WindowsPath('C:/Users/hp/Desktop/Project/Full_code_Amala (1)/Full_code_Amala/downloads/abcnews_au_3398822211660626383.jpg'), WindowsPath('C:/Users/hp/Desktop/Project/Full_code_Amala (1)/Full_code_Amala/downloads/abcnews_au_3398822211660644508.jpg'), WindowsPath('C:/Users/hp/Desktop/Project/Full_code_Amala (1)/Full_code_Amala/downloads/abcnews_au_3398822211652248322.jpg'), WindowsPath('C:/Users/hp/Desktop/Project/Full_code_Amala (1)/Full_code_Amala/downloads/abcnews_au_3398822211778150701.jpg'), WindowsPath('C:/Users/hp/Desktop/Project/Full_code_Amala (1)/Full_code_Amala/downloads/abcnews_au_3398822211786384480.jpg'), WindowsPath('C:/Users/hp/Desktop/Project/Full_code_Amala (1)/Full_code_Amala/downloads/abcnews_au_3398822211786439473.jpg'), WindowsPath('C:/Users/hp/Desktop/Project/Full_code_Amala (1)/Full_code_Amala/downloads/abcnews_au_3398822211652199391.jpg'), WindowsPath('C:/Users/hp/Desktop/Project/Full_code_Amala (1)/Full_code_Amala/downloads/abcnews_au_3398822211845279416.jpg')]",https://www.instagram.com/p/C8rCs5JvLjP/,581,12
melrose_rebeiro,"There are so many Social Media scams going around that it’s only natural to be cautious for your own safety. Or is that asking for too much ?! 

Over the last few months I’ve received messages alerting me that folks have been contacted by people trying to impersonate me and then once the conversation gets going, they ask for money. I’m grateful to those who have highlighted the same. 

However today one numb nut messaged asking for ‘his 32K back’. 😒 Saying he loaned it to me and has messages and receipts for the same. I asked him to file an FIR with that information. Then he proceeded to tell me that he believes in God. And all that nonsense. 

I have received a new ‘message request’ from him TODAY ! So who the hell was he chatting with earlier. And why wasn’t he asking that person for his freaking 32K ?! 

It’s not about me or anyone else, if you’re DUMB enough to consider sending money just by chatting with a random stranger, in the hope of God knows what, have the common sense to ask for a face to face meeting or at least a Video call BEFORE you shell out money. Or is this rocket science ? I tried to patiently explain to him that I have just opened his message request. Then my patience switched to irritation as he kept insisting it was me. But honestly gaali dene ka mann kiya. Next time I’m going to Name and Shame ! I’m going to put up a picture of their profile, a screenshot of the chat and a link to their profile. 

Honestly, it was very disturbing for me. 😥 Someone giving me grief for their own stupidity ! 🤯

#explore #wednesdaymadness #impersonation #scams #beware #socialmediascams #commonsenseisnotsocommon #explorepage #natural #lifelessons #naturalskincare #simplicity #mentalhealth #instafashion #fashion #beautyblogger #melroserebeiro #inkedgirls #puneblogger #ootdindia #travelblogger #lifestyleblogger #bloggersofindia #shorthairlove #instagood #instadaily #shorthair",C:\Users\hp\Desktop\Project\Full_code_Amala (1)\Full_code_Amala\downloads\melrose_rebeiro_3297582998796764628.jpg,https://www.instagram.com/p/C3DXkQcpgXU/,1911,215
aswathy_ajitha_sivadasan,"Spam Call ☎️📱📲📳📞📵

#spam #spamcall #spamcalls #spamcalls☎️📵 #spamcallers #rbi #rbispam #important #scams #scamalert #scammers #scammer #fake #fraudalert #cybersecurity #cybercrime #bank #bankofbaroda #sbi #hdfc #hdfcbank #kgb #india",,https://www.instagram.com/p/DBfepGyvOeK/,87,23
bjp4karnataka,"𝐒𝐂𝐀𝐌 𝐂𝐎𝐍𝐆𝐑𝐄𝐒𝐒
.
.
.
.
.
.
.
.
.
#Viral #Viralreels #reelviral #trend #foryou #foryoupage #Scams #CorruptCongress",,https://www.instagram.com/p/C6c_SSjS-RY/,3739,52
truesence_official,"🔴SCAM SERIES -2

 INVESTMENT FRAUD

🔴

#scams #scamseries #shorts #tradingmindset #tradingscam #daytrading #scamonline #forexmarket #investment #investmentfraud #fraudalert #forexeducation #darkseries #series #forextrader #finacial #money",,https://www.instagram.com/p/DBtbSTOzNbo/,28,16
indiatodaygaming,"Rs 2 Lakh Cyber Fraud : Takes away a Teenager’s Life.
#fraud #fraudalert #scamalert #scammers #scams #gamingapp #gamingscam #fraudgaming #stayalert #stayalertstaysafe #news #newspaper #gaming #gamers",C:\Users\hp\Desktop\Project\Full_code_Amala (1)\Full_code_Amala\downloads\indiatodaygaming_3438753121281294079.mp4,https://www.instagram.com/p/C-4576YPL7_/,5815,86
skillstreamss,"Do you also believe that online earning is a scam?

Unfortunately there are many scams going around in the market but you have to figure out the difference between frauds and authentic work. 

Scams often promise quick money with little effort. Or ask you to pay THEM money instead of paying YOU for your work. Stay cautious with such people and offers 

This can be completely avoided by working on a secure freelancing platform, where payments are made through platform-based payment systems. 

I have been working as a freelancer for more than 6 years and have earned hundreds of Dollars by working online, but I have never been scammed once because I chose to work on a secure platform: Fiverr. 

So if I can do this then you can also build your career as a freelancer. 

Want to know how I did all this? 
Follow ‘Skill Stream’ to know everything about freelancing 💻

Freelancing | Work from home | Side hustle | Trending | Explore page

.
.
#SkillStream #fiverr #workfromhome #freelancingonfiverr",C:\Users\hp\Desktop\Project\Full_code_Amala (1)\Full_code_Amala\downloads\skillstreamss_3490146325912329252.mp4,https://www.instagram.com/p/DBvfZeCI5wk/,2,3
councilonagingsocal,"Tips to Avoid Phishing #Scams

🚩When receiving email, hover your cursor directly over the link without clicking it, and read the text that pops up to see the intended destination look for things like misspellings.
🚩Be careful what you download. Never open an email attachment from someone you do not know and be wary of email attachments forwarded to you.
🚩Be suspicious of emails or text messages marked “urgent”.
🚩Be careful about sharing personal information such as social security number online and on social media.
🚩Check that the actual email address matches the organization they claim to be from.
🚩Access official website, phone number email to re-confirm official information.
🚩Check for poor spelling or grammar, as well as confirming logos are official.

#SecureOurWorld #CybersecurityAwarenessMonth",C:\Users\hp\Desktop\Project\Full_code_Amala (1)\Full_code_Amala\downloads\councilonagingsocal_3490517470169403032.jpg,https://www.instagram.com/p/DBwzyVDvg6Y/,0,0
thetwohappypassports,"Comment “Maps” for Food maps of Istanbul 📌

Rating everything we ate in Turkey as a vegetarian & jain couple

1. *Gözleme- it’s a Turkish version of paratha 
Rating: 9.5/10.”

2. Menemen
Menemen! Turkish-style scramble with peppers, veggies and spices.”
9/10.

3. Falafel:
Host: “Amazing texture and taste! Rating: Rating: 9/10.

4. Simit: 
Turkish bagel.
Rating: 8/10.”

5. Lahmacun:
Turkish thin-crust pizza 
Rating: 10/10.

Save this reel for future reference - it’s free!

Turkey Travel, Go Turkiye, Beautiful Turkey

#cutecouples #couplegoals #travelcouple #instahusbands #couplehumor 
#husbandonholidays #indiancouple #finance #moneyhacks #budgethacks #cheaptravel #trustfundbaby #romanticcouples #travelgram #loveyou #couplereels #adventurecouple #travelgram
#trendingreels #monsoon #TurkeyTravel #TravelTips #scams #turkeyscams #indiancouple #indiantravelblogger #indiantravelgram #turkey #goturkey #turkishfood #veganfood",C:\Users\hp\Desktop\Project\Full_code_Amala (1)\Full_code_Amala\downloads\thetwohappypassports_3486760857303037274.mp4,https://www.instagram.com/p/DBjdoasSLVa/,1461,117
yoddhamindset,"It's a joke.💀

#scams #business #money #rich #wealth #luxury #batman #joker #laugh #marketing #yoddhamindset",C:\Users\hp\Desktop\Project\Full_code_Amala (1)\Full_code_Amala\downloads\yoddhamindset_3486375815863194598.mp4,https://www.instagram.com/p/DBiGFU6CdPm/,3,0
denny.shl,Nie wieder gescamt werden☝🏽 #scammer #scams #vinted #fashion #fashionstyle #fashioninspo #fashiontips #klamotten #explore,,https://www.instagram.com/p/DAYwFE6sjxF/,930,10
thecmshowofficial,"Telegram scam 
.
@shakirdadu @cm_bcd 
.
Hashtags:
#telegramscams #telegramscamsindia #telegramscammer #telegramscammers #telegramscammercaught #telegramscammerreport #telegramscammerlist2022 #telegram
#scams #scammer 
.
Keywords:
[the CM show,what is a telegram scam?,how do telegram scams work?,Podcast,interview,Gujarati podcast,podcast with cm,tcs,Gujarati interview,Gujju Podcast,gujarati,podcast,technology misuse,biggest scammer app,telegram,telegram scams,telegram scammer,telegram server location,telegram server in india,telegram owner,telegram owner name,telegram owner country,telegram scam story,telegram scam list,Fake job listings and offers,Telegram App Scams,telegram task scam,telegram part time job scam,scam telegram]",C:\Users\hp\Desktop\Project\Full_code_Amala (1)\Full_code_Amala\downloads\thecmshowofficial_3418389202820341380.mp4,https://www.instagram.com/p/C9wjt5aIx6E/,821,9
iamakashthakur_18,Diwali scam 🚫 #reels #reelsinstagram #reelsviral #trendingreels #trending #trendingnow #fun #funnyvideos #funnyreels #funny #diwali2024 #diwali #diwaliscam #scam1992 #scams #lottery #froud #cheat #explore #explorepage #exploremore #fyp,C:\Users\hp\Desktop\Project\Full_code_Amala (1)\Full_code_Amala\downloads\iamakashthakur_18_3490175266964650985.mp4,https://www.instagram.com/p/DBvl-nfSDvp/,6,0
