username,caption,media_path,post_url,likes,comments
legalonlineadvice,"Report all fraud /scam Cases - Register all Cyber Complaint

Insurance Claim , shopping fraud , Job Fraud , Online fraud , Dating site fraud. Bank Fraud , Loan Fraud , Property dispute , Social media Scam , Legal Notice . India's Topmost Lawyer.

Get Legal Advice and assistance in your case.
Save Time,Money and Mental peace.

Connect with Lawyer
https://wa.me/+919015720899

Cal/Whatsapp at 9015720899

#viralvideo
#WhatsAppvideocall
#WhatsAppvideocallscam
#blackmail
#blackmailingvideo
#sextortionindia
#Facebookscam
#Facebookvideocall

whatsapp video call,whatsapp video call scam,video call,video call scam,today Viral video,video viral on social media,nude video call,nude video call scam,video call blackmail,blackmail,whatsapp video call blackmail,viral video on youtube,blackmailing girl,cyber crime,cyber crime police,police
 

#facebook
#facebooknudevideo
#facebookgirl
#facebookgirlnudevideo
#datingappfraud
#facebookfraud
#whatsapp
#whatsapplotteryscam
#whatsappfraud
#video callfraud
#nudevideocall
#whatsappnudevideocall
#whatsappscam
#blackmailing
#blackmail

nude video call,nude video,nude call,nude,nude videos,blackmailing video,call girl,nude girl video,video call nude,blackmail sex,naked video naked video,naked videos,nude call girl,nude video calling,call girl nude,facebook fraud,nude video calls,girl blackmail,nude calls,mumbai call girls,naked girls,facebook nude,facebook girl,fraud call,call girl new video,call girl fraud,call girl contact,naked video",C:\Users\hp\Desktop\Project\Full_code_Amala (1)\Full_code_Amala\downloads\legalonlineadvice_2671886197548159336.jpg,https://www.instagram.com/p/CUUclclIJFo/,3,0
legalonlineadvice,"Report all fraud /scam Cases - Register all Cyber Complaint

Insurance Claim , shopping fraud , Job Fraud , Online fraud , Dating site fraud. Bank Fraud , Loan Fraud , Property dispute , Social media Scam , Legal Notice . India's Topmost Lawyer.

Get Legal Advice and assistance in your case.
Save Time,Money and Mental peace.

Connect with Lawyer
https://wa.me/+919015720899

Cal/Whatsapp at 9015720899

#viralvideo
#WhatsAppvideocall
#WhatsAppvideocallscam
#blackmail
#blackmailingvideo
#sextortionindia
#Facebookscam
#Facebookvideocall

whatsapp video call,whatsapp video call scam,video call,video call scam,today Viral video,video viral on social media,nude video call,nude video call scam,video call blackmail,blackmail,whatsapp video call blackmail,viral video on youtube,blackmailing girl,cyber crime,cyber crime police,police
 

#facebook
#facebooknudevideo
#facebookgirl
#facebookgirlnudevideo
#datingappfraud
#facebookfraud
#whatsapp
#whatsapplotteryscam
#whatsappfraud
#video callfraud
#nudevideocall
#whatsappnudevideocall
#whatsappscam
#blackmailing
#blackmail

nude video call,nude video,nude call,nude,nude videos,blackmailing video,call girl,nude girl video,video call nude,blackmail sex,naked video naked video,naked videos,nude call girl,nude video calling,call girl nude,facebook fraud,nude video calls,girl blackmail,nude calls,mumbai call girls,naked girls,facebook nude,facebook girl,fraud call,call girl new video,call girl fraud,call girl contact,naked video",C:\Users\hp\Desktop\Project\Full_code_Amala (1)\Full_code_Amala\downloads\legalonlineadvice_2671886654408520635.jpg,https://www.instagram.com/p/CUUcsGEIHO7/,6,0
legalonlineadvice,#datingappfraud #cybercrime#viralreels #sextortion #honeytrap #videocall,C:\Users\hp\Desktop\Project\Full_code_Amala (1)\Full_code_Amala\downloads\legalonlineadvice_2674584849886485810.webp,https://www.instagram.com/p/CUeCMAbIB0y/,1,0
ali_talkz,"Online प्यार कहीं इज्ज़त,पैसा और सेहत न ले डूबे..Dating App Fraud..Expert Vipin Khutail ,,Watch Full Video on You Tube ,Link Is in Bio...

@ali_talkz 
@vipinkhutail 

#datingappfraud
#onlinedatingsucks
#onlinedatingfraud 
#datingfraud 
#alitalkz 
#vipinkhutail
 #alitalkz #shorts #reels #instashorts  #trending #instagramreels  #reelsinstagram #lifelessons #lifetruth",,https://www.instagram.com/p/C-ZkaYMh5jv/,435,41
fatafatnews2020,"A 65-year-old woman from South Mumbai was conned out of Rs 1.3 crore by a scammer she met on a dating app. The fraudster, posing as an American engineer, tricked her into sending money through fake stories about legal trouble. Over several months, she was also contacted by fake officials from financial institutions. Watch the video to learn how the scam unfolded and how the police are investigating the case.

#MumbaiScam #DatingAppFraud #CyberCrime #OnlineScam #DatingApp #FraudAlert #CyberPolice",C:\Users\hp\Desktop\Project\Full_code_Amala (1)\Full_code_Amala\downloads\fatafatnews2020_3474144513703176293.mp4,https://www.instagram.com/p/DA2pAdFpmhl/,0,0
realtamilselvan,"😁பொம்பள சோக்கு கேக்குதா 😱 New Scam ⚠️ உஷாரா இருங்க  #reels #scam
.
.
.
.
.
#trendingreel #instagram #newreel 
his video shows how some dating app scammers use fancy restaurants to trick you into paying a huge bill. Learn how to avoid this ""Forced Bill"" scam.

#datingapps #onlinedating #datingappfraud #scams #scamalert #restaurant #restaurantscam #beaware #awerness #beaware #safe #forcedbillscam #restaurantdatescam #dating #datingscam #ts #tamilselvan #mrtt #mrtamiltech",,https://www.instagram.com/p/C8Zfi6JyB1-/,3434,19
nishasinghrajawat,"Few months back, I met a guy named #SahilAhuja from online dating app, stays at #4thcrosslane of #Lokhandwala, #andheri Claims to be the owner of Ahuja builders with this webite- www.ahujabuilders.in @iahujasahil 
Little did i know that how my life is going to change because of someone else’s wrong doing. 
We met a couple of times and he started talking about getting married and meeting each other’s family. One fine day he asked me for 2 lakhs which I somehow couldn’t give him. The other day, he made a false story of phone not working and asked for my credit card, said that he will return the money in cash the very next day.  Purchased an iphone worth Rs. 125,000. Also, fraudulently took another 20k in the pretext of net banking not working.

He claimed to be a son of a builder #Ahujabuilders but has still not returned my money. Has created a fake website with showcasing someone else’s properties as his. 
When i started requesting him for my money, he only gave me lame excuses and avoided to meet. When i told him that he is leaving me no option but to go to the cops, he was so confident that no police will do anything for my 1.5 lakhs! He said that i can go ahead and approach the police with all the confidence. 
Later, I got to know that he was a divorcee with a child and never informed me about any of this. Gave false information about his current address and office location. Also got to know that he is a habitual offender!!!

I am only putting this post to let the world know that such humans also exist who survive by fleecing/#scamming others. This person is still doing the same with others. Ladies, please #verify before committing to anyone. I hope no one has to through this! 

#fraud #fraudalert #cheatingcase #mumbai #mumbaimedia #cheat #media @aajtak @ndtv @timesofindia @indiatimes @indiatvnews indiatoday #andheri #andheriwest #Lokhandwala #lokhandwalamarket #amristar #punjab #swindler #reallifetinderswindler #tinderswindler #mumbai #datingappfraud #lokhandwala #juhu","[WindowsPath('C:/Users/hp/Desktop/Project/Full_code_Amala (1)/Full_code_Amala/downloads/nishasinghrajawat_3021306675072021806.jpg'), WindowsPath('C:/Users/hp/Desktop/Project/Full_code_Amala (1)/Full_code_Amala/downloads/nishasinghrajawat_3021306674702886131.jpg'), WindowsPath('C:/Users/hp/Desktop/Project/Full_code_Amala (1)/Full_code_Amala/downloads/nishasinghrajawat_3021306674728051768.jpg'), WindowsPath('C:/Users/hp/Desktop/Project/Full_code_Amala (1)/Full_code_Amala/downloads/nishasinghrajawat_3021306674728122788.jpg'), WindowsPath('C:/Users/hp/Desktop/Project/Full_code_Amala (1)/Full_code_Amala/downloads/nishasinghrajawat_3021306674719715882.jpg')]",https://www.instagram.com/p/Cnt1mrVLiAd/,536,67
ozglaw,"If you are a victim of #cybercrime then complain about it now. 

जर आपण #सायबरक्राइम बळी असाल तर त्याबद्दल आताच तक्रार करा.

facebook.com/cybercrimelawyers
Ozg Cyber Crime Lawyers 

 

#cybersecurity #cybercrimehelp #ozglawyers #cyberfrauds #cyberfraud #matchmakingagency #matchmakingfraud #matrimonialfraud #tinder #fraud #blinddate #extramarital #marriagevisa #betterhalf #shaadiapp #datingappfraud #cheating  #shaadidotcom #jeevansathidotcom #matrimonyfraud #bharatmatri #bharatmatrimony #NRIBrides #Nrimarriage #nriwedding",C:\Users\hp\Desktop\Project\Full_code_Amala (1)\Full_code_Amala\downloads\ozglaw_2353853389468442542.jpg,https://www.instagram.com/p/CCqkS-8nZ-u/,5,0
bollyweird,"Dating apps deceit you more than the any corrupt govt. out there 😂
.
.
.
.
#datingappfails #datingfails #datingappfraud #lies #deceits #datingappssucks",C:\Users\hp\Desktop\Project\Full_code_Amala (1)\Full_code_Amala\downloads\bollyweird_3022015928915162290.mp4,https://www.instagram.com/p/CnwW3ncj3Sy/,2,0
