username,caption,media_path,post_url,likes,comments
dishnation,When the swindler gets swindled! 😩 Find out how #TinderSwindler #SimonLeviev got scammed while trying to get verified on Instagram 🤦🏻‍♂️,C:\Users\hp\Desktop\Project\Full_code_Amala (1)\Full_code_Amala\downloads\dishnation_2786023552869265473.mp4,https://www.instagram.com/p/Cap8akMpPBB/,1333,21
melandphil,"Be safe out there guys! 🐈🐠 

#catfish #storytime #thetea #catfishing #datingapp #datingapps #staysafe #drama #relationshipproblems #relationshiphumor #gossip #coupleproblems #couplestiktok #tinderswindler",C:\Users\hp\Desktop\Project\Full_code_Amala (1)\Full_code_Amala\downloads\melandphil_2937389932888829938.mp4,https://www.instagram.com/p/CjDtJS8pa_y/,897,11
sundaytimes,"The #internet #trolls and #moral police have been on a roll since yesterday when Taloulah, a British #model came forward with #accusations regarding Aima Baig. ⁠🧐
⁠
As #alleged by Taloulah, Pakistan may have its own Tinder Swindler❗️Tap link in Bio for all the details. ⁠🔗
⁠
We wish #peace to all those involved as the internet is not a #safe place to share one’s #personal life, with serious long-term effects on one’s mental health—so lets be a little more empathetic! ⚠️

Source: @pakistaniphuphoo 

#aimabaig #qes #shehbazshigri #mentalhealth #personallife #tinderswindler #scamalert",C:\Users\hp\Desktop\Project\Full_code_Amala (1)\Full_code_Amala\downloads\sundaytimes_2932278958641506476.jpg,https://www.instagram.com/p/CixjC1QLeis/,1999,57
phenomenalqueens2011,#tinderswindler #tunedin #turnedoff #soundoff #below,C:\Users\hp\Desktop\Project\Full_code_Amala (1)\Full_code_Amala\downloads\phenomenalqueens2011_2772144353845837669.jpg,https://www.instagram.com/p/CZ4opo1Ff9l/,714,11
debora_delacerda,My Enemies Are After Me Send Money #tinderswindler #halloween2024,C:\Users\hp\Desktop\Project\Full_code_Amala (1)\Full_code_Amala\downloads\debora_delacerda_3487687759494601229.jpg,https://www.instagram.com/p/DBmwYnoJ1oN/,9,4
mrmichaeldickson,"Happy Purim from Simon and Anna.

#Purim #HappyPurim @netflixisrael @netflix #TinderSwindler #InventingAnna",C:\Users\hp\Desktop\Project\Full_code_Amala (1)\Full_code_Amala\downloads\mrmichaeldickson_2795406277387184463.mp4,https://www.instagram.com/p/CbLRzLWj2lP/,506,62
thedatingsleuth,"Our Date Monitoring Services can keep you safe and prevent you from being part of the statistics.

🏃‍♀️We offer escape plans for your date
✔ Check-ins during your date
📍Geofencing of your location and GPS monitoring

We make dating safer.

#thedatingsleuth #datingsafer #whoamireallygoingonadatewith #antitinderswindler #tinderswindler #dating #datingadvice #datingtips #datingapps #datinglife #sleuthing #empoweringothers #datehonestly #date #datingquotes #dating101 #datesafer #datingproblems #datingsucks #datingwithpurpose #selflove #selfcare #datesafety #datemonitoring #datingviolence #datingstatistics #datingtruth",C:\Users\hp\Desktop\Project\Full_code_Amala (1)\Full_code_Amala\downloads\thedatingsleuth_3481117227652701486.jpg,https://www.instagram.com/p/DBPaay_u10u/,0,0
todayonline,"Shimon Hayut aka 'Simon Leviev', 31, is the subject of Netflix documentary The Tinder Swindler. He has been accused of using Tinder to con several women of millions of dollars. The alleged victims are still seeking justice, and still paying debts after losing their money.

Following the documentary's release, Hayut disappeared from social media platforms, but not before promising his version of events.

Read on. Click on the link in bio @todayonline 

#tinderswindler #netflix #netflixdocumentary #simonleviev #shimonhayut",C:\Users\hp\Desktop\Project\Full_code_Amala (1)\Full_code_Amala\downloads\todayonline_2773231718603264252.jpg,https://www.instagram.com/p/CZ8f44LMZD8/,3561,43
mr_sandeep_bhai_up,Jay shree 🙏ram #real #tinderswindler,C:\Users\hp\Desktop\Project\Full_code_Amala (1)\Full_code_Amala\downloads\mr_sandeep_bhai_up_3490303154422587587.mp4,https://www.instagram.com/p/DBwDDn9yKDD/,3,0
telegraph,"💷 Would you rather have your heart broken – or lose your entire life savings?⁠
⁠
It’s a horrible choice. On the one hand, heartbreak brings intense emotional pain, shattered self-esteem, and unshakeable feelings of loneliness. ⁠
⁠
On the other, financial instability can aggravate anxiety, destroy trust in yourself and others, and ruin your hopes and dreams for the future. Unluckily for some, it can be both.⁠
⁠
🔗 Tap our Link in Bio to read the full story on how to avoid a romance scam⁠
⁠
#tinder #tinderswindler #money #fraud","[WindowsPath('C:/Users/hp/Desktop/Project/Full_code_Amala (1)/Full_code_Amala/downloads/telegraph_3209333271694458621.jpg'), WindowsPath('C:/Users/hp/Desktop/Project/Full_code_Amala (1)/Full_code_Amala/downloads/telegraph_3209333273187952989.jpg'), WindowsPath('C:/Users/hp/Desktop/Project/Full_code_Amala (1)/Full_code_Amala/downloads/telegraph_3209333271199281724.jpg'), WindowsPath('C:/Users/hp/Desktop/Project/Full_code_Amala (1)/Full_code_Amala/downloads/telegraph_3209333270670256015.jpg')]",https://www.instagram.com/p/CyJ16nng8ou/,513,21
davidnelmes,"Any women wanna take out a loan for me to fight my enemies? 💰😈

#London #vibes #nye #farah #tinderswindler #party #fashionnova #lool #model #theboys #penthouse #londonlife #citylife #streetstyle","[WindowsPath('C:/Users/hp/Desktop/Project/Full_code_Amala (1)/Full_code_Amala/downloads/davidnelmes_2775751211555510927.jpg'), WindowsPath('C:/Users/hp/Desktop/Project/Full_code_Amala (1)/Full_code_Amala/downloads/davidnelmes_2775751211572287673.jpg')]",https://www.instagram.com/p/CaFcwbQobGU/,693,26
jbcameraman,"Shot on 6K Red Komodo Simple but effective lighting using two lights ….big source closed down with heavy grid and soft white bounce and an FX light in the background .  Companion camera lumixS5iiX good match .
.
#reddigitalcinema #Redcamera #RedRapterVV #RedKomodo #lumixs5iix #film #Dp #dop #Tv #film#Documentary #production  #producer #director #production #6kcamera  #BBC #ITV  #production #lifestory #brand  #Tv
#producer #thetinderswindler",C:\Users\hp\Desktop\Project\Full_code_Amala (1)\Full_code_Amala\downloads\jbcameraman_3483314049574877146.jpg,https://www.instagram.com/p/DBXN6w2Cbfa/,12,0
balleralert,"The Tinder Swindler is Headed to Court to Face the Real Leviev Family⁠
⁠
Blogged by: @Cabbagepatchgrl ⁠
⁠
Finally, the #TinderSwindler might get what he deserves.⁠
⁠
Next week, #SimonLeviev is scheduled to appear in court in Israel as part of a case filed by the actual Leviev family.⁠
⁠
It was previously reported that Simon Leviev lived the high life while pretending to be a member of an Israel diamond dynasty, tricking women into taking out loans and giving him thousands.⁠
⁠
#ChagitLeviev, CEO of Leviev Group USA and the daughter of Israeli diamond tycoon Lev Leviev told PageSix, “We have suffered from the ‘Tinder Swindler’ for years. We knew he was defrauding companies and other women that reached out. We tried so hard to make him stop and fight him and report him to the police.”⁠
⁠
“Once I saw the show coming out, I saw it’s game over for him,” Chagit said. “You can no longer pretend who you are. You can no longer manipulate and lie to women. You’re busted. Everyone saw you.” She added, “In his head, he owned this company which is very sick and very crazy.”⁠
⁠
The documentary, according to Chagit, “was very shocking to see the emotional aspect of it,” even though “companies were reaching out to asking to get paid and saying they haven’t gotten the wire for private jets and private yachts.”⁠
⁠
Simon has requested not to appear in court, but what he expects to plead is unknown...to read the rest log on to BallerAlert.com (clickable link on profile)",C:\Users\hp\Desktop\Project\Full_code_Amala (1)\Full_code_Amala\downloads\balleralert_2867511658626014528.mp4,https://www.instagram.com/p/CfLcqkpsd1A/,5772,188
nypost,"In his first interview, the #TinderSwindler — who allegedly conned desperate women out of millions by posing as a billionaire diamond heir on the dating app — insisted that the allegations are false. ""I was just a single guy that wanted to meet some girls on Tinder."" Get more details at our link in bio. 📸 : Getty",C:\Users\hp\Desktop\Project\Full_code_Amala (1)\Full_code_Amala\downloads\nypost_2777465576264761211.jpg,https://www.instagram.com/p/CaLijnZIv97/,1182,81
joao.montez,"Shopping day with Anna Delvey and with Simon Leviev 🛍 (só os malucos por séries - como eu 😅 - vão entender!)
#inventinganna #tinderswindler #annadelvey #simonleviev","[WindowsPath('C:/Users/hp/Desktop/Project/Full_code_Amala (1)/Full_code_Amala/downloads/joao.montez_2790417393816517941.jpg'), WindowsPath('C:/Users/hp/Desktop/Project/Full_code_Amala (1)/Full_code_Amala/downloads/joao.montez_2790417393808209428.jpg'), WindowsPath('C:/Users/hp/Desktop/Project/Full_code_Amala (1)/Full_code_Amala/downloads/joao.montez_2790417393715938997.jpg')]",https://www.instagram.com/p/Ca5jdanA-6Q/,1400,4
theluncheonlawyer,And I enjoyed every last bite of meal fr,C:\Users\hp\Desktop\Project\Full_code_Amala (1)\Full_code_Amala\downloads\theluncheonlawyer_2780870595685309326.mp4,https://www.instagram.com/p/CaXoxK2JtuO/,1358,79
dx_grapher,"DM FOR BOOKING INDOOR AND OUTDOOR PHOTOSHOOT.

📸 @dx_grapher 
Book us DM or call 
0656626362.  _________________________________. 
#photooftheday #daressalaam #fashionstyle m#lifestyle #ukonga #followforfollowback #mwanza #videographer#wedding#Tanzania wedding#luxurylifestyle #sunday #zanzibar #tinderswindler #videography #bestvideooftheday #supportsmallbusiness #instadaily#simbanguvumoja #yang #wedding #tattoo# #bookstagram #selflove #love #instamood #ukongamombasa#","[WindowsPath('C:/Users/hp/Desktop/Project/Full_code_Amala (1)/Full_code_Amala/downloads/dx_grapher_3487308505989254591.jpg'), WindowsPath('C:/Users/hp/Desktop/Project/Full_code_Amala (1)/Full_code_Amala/downloads/dx_grapher_3487308505997764561.jpg')]",https://www.instagram.com/p/DBlaJ1BMj_n/,10,0
berkesah.id,"Here’s for your monday thoughts! 

#karir #inventinganna #tinderswindler #selfhelp #selfdevelopment #magang #belajar #essay #kampusmerdeka","[WindowsPath('C:/Users/hp/Desktop/Project/Full_code_Amala (1)/Full_code_Amala/downloads/berkesah.id_2773184535661919783.jpg'), WindowsPath('C:/Users/hp/Desktop/Project/Full_code_Amala (1)/Full_code_Amala/downloads/berkesah.id_2773184535653745239.jpg'), WindowsPath('C:/Users/hp/Desktop/Project/Full_code_Amala (1)/Full_code_Amala/downloads/berkesah.id_2773184535670297081.jpg'), WindowsPath('C:/Users/hp/Desktop/Project/Full_code_Amala (1)/Full_code_Amala/downloads/berkesah.id_2773184535854845011.jpg'), WindowsPath('C:/Users/hp/Desktop/Project/Full_code_Amala (1)/Full_code_Amala/downloads/berkesah.id_2773184535678734710.jpg'), WindowsPath('C:/Users/hp/Desktop/Project/Full_code_Amala (1)/Full_code_Amala/downloads/berkesah.id_2773184535703926455.jpg'), WindowsPath('C:/Users/hp/Desktop/Project/Full_code_Amala (1)/Full_code_Amala/downloads/berkesah.id_2773184535695512806.jpg'), WindowsPath('C:/Users/hp/Desktop/Project/Full_code_Amala (1)/Full_code_Amala/downloads/berkesah.id_2773184535703995396.jpg'), WindowsPath('C:/Users/hp/Desktop/Project/Full_code_Amala (1)/Full_code_Amala/downloads/berkesah.id_2773184535695460668.jpg'), WindowsPath('C:/Users/hp/Desktop/Project/Full_code_Amala (1)/Full_code_Amala/downloads/berkesah.id_2773184535712390829.jpg')]",https://www.instagram.com/p/CZ8VKV_Pgth/,1155,6
dx_grapher,"DM FOR BOOKING INDOOR AND OUTDOOR PHOTOSHOOT.

📸 @dx_grapher 
Book us DM or call 
0656626362.  _________________________________. 
#photooftheday #daressalaam #fashionstyle m#lifestyle #ukonga #followforfollowback #mwanza #videographer#wedding#Tanzania wedding#luxurylifestyle #sunday #zanzibar #tinderswindler #videography #bestvideooftheday #supportsmallbusiness #instadaily#simbanguvumoja #yang #wedding #tattoo# #bookstagram #selflove #love #instamood #ukongamombasa#","[WindowsPath('C:/Users/hp/Desktop/Project/Full_code_Amala (1)/Full_code_Amala/downloads/dx_grapher_3480933334114289841.jpg'), WindowsPath('C:/Users/hp/Desktop/Project/Full_code_Amala (1)/Full_code_Amala/downloads/dx_grapher_3480933333912972312.jpg')]",https://www.instagram.com/p/DBOwm33MmsL/,11,0
autosbyhart,"3 things you should ladies before you date a car guy!  Listen up this is all true facts!  Porsche life!
.
.
.
.
.
#carguy #dating #carcollection #carcollector #carnut #carporn #carcrazy #exoticcars #carsandcaffe #exoticcar #autodetailing  #rarecar #carsofinstagram #carphotography #Carsandwines #carfun #carreel #funnyreels #datingmemes #carlovers #carlove #tinderswindler",C:\Users\hp\Desktop\Project\Full_code_Amala (1)\Full_code_Amala\downloads\autosbyhart_2933627219639929069.mp4,https://www.instagram.com/p/Ci2VmnKDgjt/,8551,66
sarel,"I’ve been gone for a sec but let’s chat about this tinder swindler! 
.
I would never take out a loan for a man, why, Because I’m not a ride or die. 🙂 
.
Also do you not have billionaire mates? Do I look like Me musk? 
.
Lastly, ladies 🗣 protect your peace and pennies! 
.

#cocosarel #tinder #tinderswindler #protectyourpeace",C:\Users\hp\Desktop\Project\Full_code_Amala (1)\Full_code_Amala\downloads\sarel_2773051141456506637.mp4,https://www.instagram.com/p/CZ721Imga8N/,1626,53
balleralert,"The “Tinder Swindler” Now Officially Banned From Most Dating Apps

Blogged by: @Cabbagepatchgrl 

#SimonLeviev, aka #ShimonHayut, aka the #TinderSwindler, has been banned from almost every dating app, and now he’s out of options to scam women.

According to TMZ, Match Group — owners of OkCupid, Hinge, PlentyofFish, OurTime, Meetic, Pairs, and Match has permanently banned Simon from all their apps.

A Tinder official claims that Simon and his several aliases will no longer be able to register an account on their platform because he had broken their terms of service, notably impersonation and soliciting money.

“We have conducted internal investigations and can confirm Simon Leviev is no longer active on Tinder under any of his known aliases,” Tinder said in a statement.

In the new Netflix documentary, it explains how Simon used Tinder to flaunt his opulent lifestyle in the hopes of gaining women’s trust and devotion. After baiting them in, he’d persuade them to “loan” him money, all before disappearing with their money…to read the rest log on to BallerAlert.com (clickable link on profile)",C:\Users\hp\Desktop\Project\Full_code_Amala (1)\Full_code_Amala\downloads\balleralert_2769398267463351792.mp4,https://www.instagram.com/p/CZu4Q0lvD3w/,16699,1480
alittlenudge,"Things that are not okay: black licorice, waiting another week for the @loveisblindnetflix finale, bad cocktails. And standing someone up. Not ok. Ever.","[WindowsPath('C:/Users/hp/Desktop/Project/Full_code_Amala (1)/Full_code_Amala/downloads/alittlenudge_2777322223779082245.jpg'), WindowsPath('C:/Users/hp/Desktop/Project/Full_code_Amala (1)/Full_code_Amala/downloads/alittlenudge_2777322223837849250.jpg'), WindowsPath('C:/Users/hp/Desktop/Project/Full_code_Amala (1)/Full_code_Amala/downloads/alittlenudge_2777322223762220487.jpg')]",https://www.instagram.com/p/CaLB9ojJF-d/,1133,83
kingbachgame,"He tried it 😂
(tag 2ppl & Share☺️)
: 
:
:
:
:
:-— Follow @kingbachgame
for more daily! 
:
: ——(Follow @kingbach )
:
:
.

: 
I
:
I
:
: 
:
: #tinderswindler #tinderswindlermeme #ninamariedaniele #faisu 
: #vinestar #vinestars #funnyvinesvideos #comedyvideos #comedymemes #comedyskit #funnyskits #funnyskit #teambach  #kingbach #funnyvine #funnyvinesvideos #kingbachvines
#kingbachgame #funnymemesdaily #schniderwise",C:\Users\hp\Desktop\Project\Full_code_Amala (1)\Full_code_Amala\downloads\kingbachgame_3486189260439715785.mp4,https://www.instagram.com/p/DBhbqloSn_J/,2780,40
dx_grapher,"DM FOR BOOKING INDOOR AND OUTDOOR PHOTOSHOOT.

📸 @dx_grapher 
Book us DM or call 
0656626362.  _________________________________. 
#photooftheday #daressalaam #fashionstyle m#lifestyle #ukonga #followforfollowback #mwanza #videographer#wedding#Tanzania wedding#luxurylifestyle #sunday #zanzibar #tinderswindler #videography #bestvideooftheday #supportsmallbusiness #instadaily#simbanguvumoja #yang #wedding #tattoo# #bookstagram #selflove #love #instamood #ukongamombasa#","[WindowsPath('C:/Users/hp/Desktop/Project/Full_code_Amala (1)/Full_code_Amala/downloads/dx_grapher_3480625328973509569.jpg'), WindowsPath('C:/Users/hp/Desktop/Project/Full_code_Amala (1)/Full_code_Amala/downloads/dx_grapher_3480625329141365650.jpg')]",https://www.instagram.com/p/DBNqk1KM4lM/,15,2
elegoldb,"Ladies, I promise you, you want to take notes on this series I’m going to be exposing your minds to! It will save you & your God ordained future a great deal, so you don’t date such toxic people!

How to spot a narcissistic man: 

📌 Love bombing: In the beginning, he will love up on you so quickly, giving you almost no room to “process” the decision to date/marry him.

📌 Devaluation: after he captures your heart in the love bombing stage, he will begin to talk down on you & your dreams (most likely you won’t be aware of what’s going on)

📌 Gaslighting: this is done to manipulate you, so you begin to doubt your sanity. They will lie & constantly twist everything you say to make you look & feel crazy.

There are more traits! Have you ever spotted a narcissist or been in a relationship with one? Please share 👇🏽

Follow @elegoldb and share this with someone 
(P.S There are BOTH male & female narcissist) 

#EleGoldB #TheEleGuide 
.
.
#Narcissist #TinderSwindler #NarcAwareness #NarcAbuse #LoveBomb #LoveBombing #Entitlement  #NarcAbuseRecovery #ToxicRelationships #RedFlags #Godlydating #Godlydating101 #Relationshipgoals #OnBecoming #Becoming #PurposeDrivenLife #PurposeDriven #RelationshipAdvice #RelationshipAdviceforWomen #Womeninmedia #Womeninmedicine #Womeninministry #Proverbs31 #proverbs31woman #Bellanaijaweddings #wolvesinsheepsclothing #spiritualabuse #HealingJourney",C:\Users\hp\Desktop\Project\Full_code_Amala (1)\Full_code_Amala\downloads\elegoldb_2722869015730958021.mp4,https://www.instagram.com/p/CXJkvGEj67F/,3552,248
h_u_s_s_a_i_n_ansari,"Me  Apna Kam le😈. 
. 
. 
. 
. 
. 
. 
. 
. 
. 
. 
. 
. 
. 
#tindeeeeeeeeeer #freefirebattleground #freefirefunny #kingandprince #supardidjokodamono #instgramers #vidos_dosvidos #tinderswindler #tinder_ambassador #freefirebattleground #reelsarquitetura #tinderswindler #suparpage",,https://www.instagram.com/p/DBp0JckoiQE/,3,2
ioana.rotaru.therapy,"🤎 Take your time in getting to know someone. Don’t rush to be in love just for the sake of it. 

Really get to know them, and see if you can accept the reality of who they are.

We have all seen what can happen when we’re rushing to be in love. If you haven’t, it’s on Netflix #tinderswindler 

#loveadvice #anxiousattachment #avoidantattachment #attachmentstyle #attachmentissues #couplestherapist #couplestherapy #relationshipadvice",C:\Users\hp\Desktop\Project\Full_code_Amala (1)\Full_code_Amala\downloads\ioana.rotaru.therapy_2770691691377276906.mp4,https://www.instagram.com/p/CZzeWneqzfq/,972,19
mizhollywood,"Had to post! Made me laugh 😂

#simonleviev #tinderswindler #annasorokin #inventinganna #hollywood #hollywoodlife #hollywooddreams #celebrities #celebrity #gossip

Credit: @clutchy_ 🐦🐦",C:\Users\hp\Desktop\Project\Full_code_Amala (1)\Full_code_Amala\downloads\mizhollywood_2782569251577221589.jpg,https://www.instagram.com/p/Cadq_3bL1HV/,73601,1110
theskimm,"Now these are some tips you won’t want to swipe left on. Because, as Netflix’s latest true-crime documentary The #TinderSwindler has shown, reports of romance scams are on the rise. ICYMI, romance scams trick people into believing they’ve found love in a hopeless place (read: the internet). But in reality, the person they matched with is a cybercriminal. So, for advice on ways you (and your wallet) can stay safe when swiping, we called in some pros: Yue Xu and Julie Krafchick, co-hosts of the @dateablepodcast. Link in bio to hear the full conversation on this week’s episode of #SkimmThis.","[WindowsPath('C:/Users/hp/Desktop/Project/Full_code_Amala (1)/Full_code_Amala/downloads/theskimm_2781749667655585972.jpg'), WindowsPath('C:/Users/hp/Desktop/Project/Full_code_Amala (1)/Full_code_Amala/downloads/theskimm_2781749667664104123.jpg'), WindowsPath('C:/Users/hp/Desktop/Project/Full_code_Amala (1)/Full_code_Amala/downloads/theskimm_2781749667647347388.jpg'), WindowsPath('C:/Users/hp/Desktop/Project/Full_code_Amala (1)/Full_code_Amala/downloads/theskimm_2781749667924154587.jpg'), WindowsPath('C:/Users/hp/Desktop/Project/Full_code_Amala (1)/Full_code_Amala/downloads/theskimm_2781749667672455208.jpg'), WindowsPath('C:/Users/hp/Desktop/Project/Full_code_Amala (1)/Full_code_Amala/downloads/theskimm_2781749667672375443.jpg')]",https://www.instagram.com/p/CaawpbILlvG/,834,5
trutravels,"Can you blame him? 🤣 ✈️ 

Need to escape your enemies for a month too? We got you 👀  Link in bio😉",C:\Users\hp\Desktop\Project\Full_code_Amala (1)\Full_code_Amala\downloads\trutravels_2774157291101570657.jpg,https://www.instagram.com/p/CZ_yVuvK0Zh/,540,48
juliecohenauthor,It’s EAT SLAY LOVE week! You can get a signed & dedicated copy from @bertsbooks…link in my bio and on Bert’s page! #newbook #bookstagram #booksbooksbooks #thriller #buddymovies I will admit this book was quite inspired by #tinderswindler,C:\Users\hp\Desktop\Project\Full_code_Amala (1)\Full_code_Amala\downloads\juliecohenauthor_3483606790753740133.mp4,https://www.instagram.com/p/DBYQetUA-Vl/,15,0
whyamisingle18,"I’ll call this post “a compilation of nonsense” or when your opponent is so dumb that it’s hard to come up with a witty sarcasm.
*
*
*
#whyamilikethis #whyme #whymewhynot #whyamisingle #whyimsingle #whyiamsingle #whysoserious #why #whymenlovebitches #menarefrommarswomenarefromvenus #men #menaremen #loveis #tindernightmares #tinder #tindergirls #tinderfail #tindermemes #tinderswindler #persistence #hihowareyou #pickuplines #comedyclub #lol #menwithstyle #sarcasm","[WindowsPath('C:/Users/hp/Desktop/Project/Full_code_Amala (1)/Full_code_Amala/downloads/whyamisingle18_3480944371357040927.jpg'), WindowsPath('C:/Users/hp/Desktop/Project/Full_code_Amala (1)/Full_code_Amala/downloads/whyamisingle18_3480944371357154513.jpg'), WindowsPath('C:/Users/hp/Desktop/Project/Full_code_Amala (1)/Full_code_Amala/downloads/whyamisingle18_3480944371357107163.jpg'), WindowsPath('C:/Users/hp/Desktop/Project/Full_code_Amala (1)/Full_code_Amala/downloads/whyamisingle18_3480944371356973940.jpg'), WindowsPath('C:/Users/hp/Desktop/Project/Full_code_Amala (1)/Full_code_Amala/downloads/whyamisingle18_3480944371357136309.jpg'), WindowsPath('C:/Users/hp/Desktop/Project/Full_code_Amala (1)/Full_code_Amala/downloads/whyamisingle18_3480944371357018788.jpg'), WindowsPath('C:/Users/hp/Desktop/Project/Full_code_Amala (1)/Full_code_Amala/downloads/whyamisingle18_3480944371357070440.jpg')]",https://www.instagram.com/p/DBOzHk8oiaM/,4,1
lil__babyface,Still Searching 💔 #ｓｉｎｇｌｅ #singlegirls #singlewomen #singlewomen #singleturbo #singlelady #dubai #dubaiproblems #tinder #tinderswindler #tindernightmares #tinderfails #tindermemes #bumble #bumblestories #ukraino4ki #ukrainian #ukrainiangirls #dailylife #daylife #lifestruggles,C:\Users\hp\Desktop\Project\Full_code_Amala (1)\Full_code_Amala\downloads\lil__babyface_3484570115220216169.mp4,https://www.instagram.com/p/DBbrg7IpJlp/,84,13
s_a_n_d_i_p_official__307,"Ak bap no hoy same avi ne bolo🫡🫤 @s_a_n_d_i_p_official__307 

#instagram #instagood #india 
#tinding #tinista #tinderswindler 
#village #vishusadboy #viralvideos",,https://www.instagram.com/p/DBOFkdpsUX1/,147,2
ahmedlovesbread,#TinderSwindler #reaction,C:\Users\hp\Desktop\Project\Full_code_Amala (1)\Full_code_Amala\downloads\ahmedlovesbread_2773590938619249771.mp4,https://www.instagram.com/p/CZ9xkN4pIRr/,2748,43
balleralert,"The “Tinder Swindler” Gets a Taste of His Own Medicine, Paid Scammer More Than $6K to Get His Instagram Account Verified⁠
⁠
Blogged by: @Honeygrip ⁠
⁠
#SimonLeviev, the notorious star of Netflix’s #TinderSwindler claims a scammer account swindled him on Instagram. ⁠
⁠
According to TMZ, sources familiar with the situation say Simon was contacted last Thursday by a female with a verified account on Instagram claiming she could help Simon and his girlfriend Kate Konlin get verified on the app.⁠
⁠
The woman said her boyfriend worked at Meta, and the alleged swindlers went to great lengths to gain Simon’s trust.⁠
⁠
The boyfriend even FaceTimed Leviev from a busy office, with employees walking around behind him and convinced him to send $6,664 via PayPal through 2 separate transactions — one for him and one for his girlfriend.⁠
⁠
Shortly after the transaction, Simon’s manager reached out to an actual team member at Meta, who confirmed that they don’t charge for verifications.⁠
⁠
By the time Leviev and his managers realized they had been swindled the scammers had completely wiped their IG accounts from the internet and made off with his cash.",C:\Users\hp\Desktop\Project\Full_code_Amala (1)\Full_code_Amala\downloads\balleralert_2785531091080949852.mp4,https://www.instagram.com/p/CaoMcTar7Bc/,37702,2230
bhau.__.edit,"My Love 3> 3> 3> 3 
.
.
.
.
.
.
.
.
.
.
.
.#hanuman 
.
.
.
.
.
#hanuman #handlettering #hanumanji #hanumanji🙏 #hanumanbhakt🙏🙏💕♥️❤️ #hanumanji🙏❤️🚩 #fyp #follower #tendinite #tinyhouse #tinderswindler #trending #ram #jayshreeram",C:\Users\hp\Desktop\Project\Full_code_Amala (1)\Full_code_Amala\downloads\bhau.__.edit_3486556717415235228.mp4,https://www.instagram.com/p/DBivNymyX6c/,3,0
westafrikanman,Some of them got what they deserved in my opinion #tinderswindler docu on Netflix,C:\Users\hp\Desktop\Project\Full_code_Amala (1)\Full_code_Amala\downloads\westafrikanman_2769343206846840495.jpg,https://www.instagram.com/p/CZurvlZPz6v/,25277,881
creolbrothers,#Swindler style 😎🙃😝😆😂😭 #lol @acollectionofawesome #bruh #ffs #everydayimhustlin #life #omg #tinderswindler #SimonLeviev #zerofucksgiven #creolbrothers #refreshtodeath #spreadthelove ❤️,C:\Users\hp\Desktop\Project\Full_code_Amala (1)\Full_code_Amala\downloads\creolbrothers_2774802207192764452.jpg,https://www.instagram.com/p/CaCE-fpsdAk/,557,23
digitalspy,"I'd pay to see this spin-off tbh 🤣

📸: @netflix #TinderSwindler #InventingAnna #Netflix #NetflixShows",C:\Users\hp\Desktop\Project\Full_code_Amala (1)\Full_code_Amala\downloads\digitalspy_2778545296639790231.jpg,https://www.instagram.com/p/CaPYDnWjAyX/,922,11
bastiking46,"King off  lakhisarai ......👿🥵❤️‍🩹
.
.
.
.
.
.
.
.
.
.
#new#post #tinderswindler #rells #comantes🗨️💬 #followforfollowback #........😈",C:\Users\hp\Desktop\Project\Full_code_Amala (1)\Full_code_Amala\downloads\bastiking46_3484227409568905148.mp4,https://www.instagram.com/p/DBadl5oCLe8/,3,6
girl,"“Currently in trouble with my enemies” 😂 

Via post_grad on tt 

🔊: 🔊 Song: #Frozen by @madonna @sickickmusic

#madonna #sickickmusic #tinderswindler #netflix #tinder",C:\Users\hp\Desktop\Project\Full_code_Amala (1)\Full_code_Amala\downloads\girl_2775198296617394008.mp4,https://www.instagram.com/p/CaDfCWrJh9Y/,23677,305
fbi_help_beware,Con Man. Beware! #tinderswindler,C:\Users\hp\Desktop\Project\Full_code_Amala (1)\Full_code_Amala\downloads\fbi_help_beware_3490432548382267776.jpg,https://www.instagram.com/p/DBwgejeyVmA/,0,0
sunil__vardat___315,"🤭🤭🤭 @sunil__vardat___315 

#🤭❤️ #😂sorridomangiando #tnycartoons #k1kickboxing #1kfollowers #1kfollowers #1month #1tiktok_smex #tinderswindler #koreanstyle #like #likesforlike #liketime#tagsforlikesapp #mperformance #up #wakeupandmakeup #makeuponfleek #shopsmall #shinebrightlikeadiamond #🦅⚠️______________🚫⚔ #😂🤭🤫🤷🏻‍♀️🙈 #😂😂😂😂😂😂😂😂😂😂😂😂😂😂😂😂😂😂😂 #standupcomedy #kpopdancecover",C:\Users\hp\Desktop\Project\Full_code_Amala (1)\Full_code_Amala\downloads\sunil__vardat___315_3487649775929048493.mp4,https://www.instagram.com/p/DBmnv4rOL2t/,83,10
drkassir,"Hurry! He’s going to book his surgery 👀🏃‍♀️😂 

We have surgical and non-surgical options to help you achieve your aesthetic goals ✨
.
.
Here are our highly requested procedures: 

- Lip Lift
- Face Lift 
- Designer Rhinoplasty®
- PDO Threadlift
- Facial Liposuction 
- Non-Surgical Rhinoplasty
- Jawline Contouring
- Blepharoplasty (Upper/Lower Eyelid Surgery)
- Brow Lift
- Chin Implant 
- Buccal Fat Removal 
.
. 
📸: I do not own or claim to own this picture. All rights and permissions are granted to the owner of the picture.
.
To schedule an appointment:

☎️ 212-288-3000 and ask for our surgical coordinator Natasha
💌 DM us your contact information and some one from our Kassir team will contact you.
.
.
Locations:
📍799 Park Avenue, New York, NY 10021
📍1176 Hamburg Turnpike, Wayne, NJ 07470
📍81 North Maple Avenue, Ridgewood, NJ 07450
.
.
Share your thoughts and leave a comment below 🔽🔽🔽🔽🔽
.
.
#drkassir #liplift #facelift #cateyelift #memes #tinderswindler #ponytaillift #rhinoplasty #bestplasticsurgeon
#nycplasticsurgeon #bestrhinoplastysurgeon #buttlifting #bblnyc #jawlinecontour #buccalfatremoval #nonsurgicalrhinoplasty #dubaiplasticsurgeon #rhonj #sonjamorgan #rhony #lelepons #iranplasticsurgeon #turkeyrhinoplasty #plasticsurgery #plasticsurgeon #piezo #newjersey #smallnose #bestfacelift #cosmeticsurgery",C:\Users\hp\Desktop\Project\Full_code_Amala (1)\Full_code_Amala\downloads\drkassir_2772079113143136888.jpg,https://www.instagram.com/p/CZ4Z0QsLTJ4/,9131,725
thakur.baidyanath.9,#short #love #videos #viralreelsfacebook #महबूबfacebook #reels t##tinderswindler #baidyanath so##short,,https://www.instagram.com/p/DBd3sv5CvdJ/,15,0
loulou_gonzalez,They tried to Tinder Swindle me at the park @kingbach @ninamariedaniele @mr_faisu_07 #tinderswindler #jokes #funny,C:\Users\hp\Desktop\Project\Full_code_Amala (1)\Full_code_Amala\downloads\loulou_gonzalez_2771542864497581596.mp4,https://www.instagram.com/p/CZ2f40OJZ4c/,19682,612
vicariousity,@candaceowens #sharonsrivastava @vivekgramaswamy @jdvance @dineshjdsouza Gaurav Srivastava @kamalaharris  #democratdonor #conartist #romancescam #tinderswindler #indiansinpolitics #ethnicsinpolitics btw the black man had his day in the sun. After @barackobama the US will never vote for a black again. I had high hopes for @officialbenshapiro clearly he has amassed enormous political influence but I don’t even see a presidency in his future anymore.,,https://www.instagram.com/p/DBmkm1BNE1m/,0,0
pp74963,"Rohit hitman ❤‍🩹
 !!! ,,,,...... 
  #tinderswindler",,https://www.instagram.com/p/DBSgr-WyIOy/,20,0
atatf,Simon is the ultimate finesser! 😂😂 #tinderswindler,C:\Users\hp\Desktop\Project\Full_code_Amala (1)\Full_code_Amala\downloads\atatf_2770255448199194898.mp4,https://www.instagram.com/p/CZx7KcXAOkS/,948,46
rubaiya_shafa,"Winter is coming soon 💖❤️
#fyp #unhasdecoradas #foryou #viral #tinderswindler #viralvideo",,https://www.instagram.com/p/DBiyqVpRY68/,1,0
groundhogdames,"Bad behaviours

Why have we just accepted the bad behaviors of people like Simon Leviev? Why are there no repercussions?

In ‘Inventing Anna,’ Anna Delvey persuaded millions of dollars off of seemingly potential investors, and this was a criminal offense. 
But when it came to paying back a ‘friend’ who felt obligated to pay a hefty Moroccan resort bill when they were faced by the police when Anna couldn’t pay, this wasn’t deemed illegal. 

Are emotional entrapments, even for financial games, unfortunate or illegal? 
The system seems set up to help the big players (politicians, tech moguls, celebrities); anyone earning big money deserves big money. 

Simon Leviev has been praised for his brazen ‘fake it to you, make it’ attitude. Maybe because this American mindset is seen to be admirable by some. 
You’ll get there in the end, so what’s crushing some hearts along the way to get there? That it’s their fault for not only being gullible but finding money and power attractive in the first place, right? 

Politicians today don’t have comeuppance for breaking their own laws (lockdown parties, anyone?). They are not reprimanded like predecessors were in the 1940s, 50s, and 60s. So what went wrong? Surely the more evidence we have now with all the new technologies, surveillance, etc., it should be easier? Or is there an overwhelming amount of examples to law enforcement that, without funding for investigating, we just can’t fathom how to go about bringing these to justice? Or, in some cases, have the laws not even been written yet? 
.
.
.
.
.
#inventinganna #tinderswindler #podcast #discussion #newepisode #badbehaviour #groundhogdames",,https://www.instagram.com/p/DBjkVC4stYP/,3,0
hkdbaba6708,Sambalpur #sambalpurivlog #happybirthday #happy #samantha #tinder #tinderswindler ❤️‍🔥❤️‍🔥💔💔🥰🥰🥰,,https://www.instagram.com/p/DBlDKsePVYr/,22,5
attorneyproblems,"Every action has a reaction 🤓 #science 
.
.
.
.
.
.
.
.
.
#tinderswindler #tindermemes #myenemiesareouttogetme #myenemies #personalinjury #personalinjurymemes #insurancedefense #lawyerjokes #lawyering #lawyerproblems #netflix #attorneylife#tinderswindlermemes",C:\Users\hp\Desktop\Project\Full_code_Amala (1)\Full_code_Amala\downloads\attorneyproblems_2772866904365719366.jpg,https://www.instagram.com/p/CZ7M8IcJ99G/,3836,46
georgie.crawford,"The Good Glow was nominated for 4 @irishpodcastawards this week. To see my pod up with Blindboy, David McWilliams, Tommy and RTE 1 was so incredible for me. I created this space so women could tell their stories. I wanted us to learn from each other, and grow, and maybe be a little less scared about whatever we are facing, because just maybe someone has walked the path before us. I feel so lucky that I’m still doing it 4 years later. But my podcast is nothing with the support from you and my incredible guests. Then after the shock of that, it felt so fitting that the pod I had planned for this week was a topic I felt needs to be spoken about more..romance fraud and victim shaming. So I reached out to Pernilla from The Tinder Swindler and she agreed to be my guest! The podcast is now live. I hope you enjoy it. 💛💛💛💛 @thegoodglow.ie @pernillaelisabeths This pod is brought to you with thanks to @lorealpro #wellness #selfcare #irishpodcastawards #thegoodglow #spain #love #family #tinderswindler #together #womensupportingwomen",,https://www.instagram.com/p/Cgq3IL2MwAs/,996,46
brut.india,"Did you know the real story of the #TinderSwindler? (Warning: spoilers.)

On Tinder, he was a millionaire playboy and a loving boyfriend. In real life, he was a convicted con man who duped his dates out of their life savings ... 

Here's how he got caught.",,https://www.instagram.com/p/CZoDfrnNwsm/,13669,85
admire,"Would you still swipe right? 😂 🔊 Song: #Frozen by @madonna @sickickmusic via @ post_grad on tiktok
.
#madonna #sickickmusic #tinderswindler #netflix #tinder",C:\Users\hp\Desktop\Project\Full_code_Amala (1)\Full_code_Amala\downloads\admire_2775412825005339073.mp4,https://www.instagram.com/p/CaEP0JzgbHB/,3875,25
browsbyzulema,"I HAD TO 😂 #tinderswindler 

seriously tho keep the enemies AWAY ❌ 

 #brows #browlift #browlamination #browwaxing #eyebrowsonfleek #eyebrows #eyebrowtransformation #eyebrowlamination #labrows #labrowlamination #brow #browlaminationtraining #makeup #makeuptutorial #oddlysatisfying #satisfying #browwaxing #browwaxshaping #browthreading  #browtinting #laminationtraining #eyebrowshaping #browwaxtraining #browtinttraining #browtint #browwaxcourse #pmu #ombrebrows #microblading #browhenna",C:\Users\hp\Desktop\Project\Full_code_Amala (1)\Full_code_Amala\downloads\browsbyzulema_2771615419239068812.jpg,https://www.instagram.com/p/CZ2wYoFvXSM/,759,34
maxcomedian,"Online dating is like pushing your tray along in a cafeteria. Nothing looks good but you know you have to pick something by the time you reach the cashier 😂 

I’ve made a category for each dating app :) you’re welcome! 🔥
Tinder: Spam and flings in 1-2 swipes!
Bumble: Hook up or fall in love
Hinge: Like Bumble but faster and everyone’s a 6
Coffee Meets Bagel: Enjoy your one date a year
Craigslist: Do you want to end up on a true crime doc?
Match.com: Oh, that commercial?
E-Harmony: That slightly different commercial!
Plenty of Fish: What is wrong with you?

Which ones are you on? Like you’re gonna say lol

.
.
.

#dating #onlinedating #tinder #bumble #hinge #tinderdate #date #datenight #onlinedating #tinderswindler #love #happiness #comedian #maxamini #standup #laugh #funnyvid #viralvideo #liveshow #gooddate #baddate #fun #havingfun #weswipedright #haha #moderndating",C:\Users\hp\Desktop\Project\Full_code_Amala (1)\Full_code_Amala\downloads\maxcomedian_2846755219881188141.mp4,https://www.instagram.com/p/CeBtMorgdst/,11613,143
knezevich.a,"let the sunshine shine down on you 🌻 #sunflower 

#streetstyle #behappy #bekind #bored #sky #netflix #trend #smile #beyourself #tinderswindler #eyes #incognito #simon #ontheroad #citylife #sunnyday #spring #peach #flowers #selfie","[WindowsPath('C:/Users/hp/Desktop/Project/Full_code_Amala (1)/Full_code_Amala/downloads/knezevich.a_2803834043151489149.jpg'), WindowsPath('C:/Users/hp/Desktop/Project/Full_code_Amala (1)/Full_code_Amala/downloads/knezevich.a_2803834043151531916.jpg'), WindowsPath('C:/Users/hp/Desktop/Project/Full_code_Amala (1)/Full_code_Amala/downloads/knezevich.a_2803834043151599985.jpg'), WindowsPath('C:/Users/hp/Desktop/Project/Full_code_Amala (1)/Full_code_Amala/downloads/knezevich.a_2803834043151606335.jpg'), WindowsPath('C:/Users/hp/Desktop/Project/Full_code_Amala (1)/Full_code_Amala/downloads/knezevich.a_2803834043344377340.jpg')]",https://www.instagram.com/p/CbpODY8sxQI/,1102,17
omgskr,She drinks too much on first dates—so she’s not a bamboozler just a bad boozer. Give her a Netflix doc already.,C:\Users\hp\Desktop\Project\Full_code_Amala (1)\Full_code_Amala\downloads\omgskr_2778792712804289754.jpg,https://www.instagram.com/p/CaQQT_nJMza/,3305,42
nochill,She really swindled the #TinderSwindler 😭 (Via Seeslnterludes/Twitter),C:\Users\hp\Desktop\Project\Full_code_Amala (1)\Full_code_Amala\downloads\nochill_2778891632318970512.jpg,https://www.instagram.com/p/CaQmzdlrXqQ/,45919,270
chagit_leviev,"When life gives you lemons 🍋🍋🍋…
We are so excited to be launching the “Stronger Together” bracelet with the ‘Tinder Swindler’ women whom I now call friends 💕 @cecilie_ @ayleencharlott @pernillaelisabeths 
So thankful we were able to turn their unfortunate experience to something positive which will help and support them ❤️ 
#karma #tinderswindler #thetinderswindler #levievdiamonds #strongertogether #chagitleviev #leviev",C:\Users\hp\Desktop\Project\Full_code_Amala (1)\Full_code_Amala\downloads\chagit_leviev_2866449576347295782.jpg,https://www.instagram.com/p/CfHrLPcv-Am/,2131,124
