username,caption,media_path,post_url,likes,comments
roothack.s,"Posted @roothack.s • @roothack.s When perpetrators of romantic scams succeed in making their victims feel emotionally invested in them, the victims have a hard time believing that they are actually communicating with a con artist, even after being warned.

Even more disturbingly, con artists can foster a genuine emotional connection with their victims, to the point where they begin to imagine a future with them.

It’s important to be cautious about sending money to someone you don’t know while doing business online. If someone tries to woo you into a relationship and the circumstances appear too good to be true, you should proceed with caution. #mostcommonscams #onlinesscam #dating scam #lovescam #romanticscam

#scammers #catfishingstory #cyberfraud #internetfraud #fraud #crime #LearnOnTik Tok #scammers #GetAnswers #security #onlinesecurity#scammeralet #scam #gofundme #victimofscam @ducanhacks #hackedaccount #igothacked #igotscammed #scamalert #scameralert #newscamalert #jobscam #newaccount #fraud #facebookmarketplacescam #lovescam#romancescam #accounthelp",C:\Users\hp\Desktop\Project\Full_code_Amala (1)\Full_code_Amala\downloads\roothack.s_3480141406946828163.webp,https://www.instagram.com/p/DBL8ivJMZ-D/,0,0
clifford_wirespy,#datingscam #scammers #romancescam #fraud #lovescam #scam #datingscams #cyberfraud #scammer #scamming #catfishingstory #onlinedating #onlineromance #datingscams101 #internetfraud #mostcommonscams #onlinerelationship #onlineromancescammers #onlinesscam #romanticscam #scamalert #romancescams #romancefraud #forexscam #bitcoinfraud #bitcoonscams #cashfxscam #datingscamawareness #datingscammers #datingscamsuk,C:\Users\hp\Desktop\Project\Full_code_Amala (1)\Full_code_Amala\downloads\clifford_wirespy_3394998336783839018.jpg,https://www.instagram.com/p/C8ddP_1Cu8q/,0,0
roothack.s,"Posted @roothack.s • @roothack.s When perpetrators of romantic scams succeed in making their victims feel emotionally invested in them, the victims have a hard time believing that they are actually communicating with a con artist, even after being warned.

Even more disturbingly, con artists can foster a genuine emotional connection with their victims, to the point where they begin to imagine a future with them.

It’s important to be cautious about sending money to someone you don’t know while doing business online. If someone tries to woo you into a relationship and the circumstances appear too good to be true, you should proceed with caution. #mostcommonscams #onlinesscam #dating scam #lovescam #romanticscam

#scammers #catfishingstory #cyberfraud #internetfraud #fraud #crime #LearnOnTik Tok #scammers #GetAnswers #security #onlinesecurity#scammeralet #scam #gofundme #victimofscam @ducanhacks #hackedaccount #igothacked #igotscammed #scamalert #scameralert #newscamalert #jobscam #newaccount #fraud #facebookmarketplacescam #lovescam#romancescam #accounthelp",C:\Users\hp\Desktop\Project\Full_code_Amala (1)\Full_code_Amala\downloads\roothack.s_3480140971712248172.webp,https://www.instagram.com/p/DBL8cZzMPls/,0,0
cybernetic._hacker,#mostcommonscams #onlinesscam #datingscam #lovescam #romanticscam #scammers #catfishingstory #cyberfraud #internetfraud,C:\Users\hp\Desktop\Project\Full_code_Amala (1)\Full_code_Amala\downloads\cybernetic._hacker_3283794056013244149.webp,https://www.instagram.com/p/C2SYUuwNWb1/,0,0
hack_with_vector_,"When perpetrators of romantic scams succeed in making their victims feel emotionally invested in them, the victims have a hard time believing that they are actually communicating with a con artist, even after being warned.

Even more disturbingly, con artists can foster a genuine emotional connection with their victims, to the point where they begin to imagine a future with them.

It's important to be cautious about sending money to someone you don't know while doing business online. If someone tries to woo you into a relationship and the circumstances appear too good to be true, you should proceed with caution.

#mostcommonscams #onlinesscam #datingscam

#lovescam #romanticscam

#scammers #catfishingstory #cyberfraud #internetfraud

#fraud #crime #LearnOnTikTok #scammers

#GetAnswers #security #onlinesecurity#scammeralet

#scam #gofundme #victimofscam #hackedaccount

#igothacked #igotscammed #scamalert #scameralert

#newscamalert #jobscam #newaccount #fraud

#facebookmarketplacescam #lovescam #romancescam

#accounthelp",C:\Users\hp\Desktop\Project\Full_code_Amala (1)\Full_code_Amala\downloads\hack_with_vector__3330283358431222307.webp,https://www.instagram.com/p/C43ixHksBoj/,0,0
roothack.s,"Posted @roothack.s • @roothack.s When perpetrators of romantic scams succeed in making their victims feel emotionally invested in them, the victims have a hard time believing that they are actually communicating with a con artist, even after being warned.

Even more disturbingly, con artists can foster a genuine emotional connection with their victims, to the point where they begin to imagine a future with them.

It’s important to be cautious about sending money to someone you don’t know while doing business online. If someone tries to woo you into a relationship and the circumstances appear too good to be true, you should proceed with caution. #mostcommonscams #onlinesscam #dating scam #lovescam #romanticscam

#scammers #catfishingstory #cyberfraud #internetfraud #fraud #crime #LearnOnTik Tok #scammers #GetAnswers #security #onlinesecurity#scammeralet #scam #gofundme #victimofscam @ducanhacks #hackedaccount #igothacked #igotscammed #scamalert #scameralert #newscamalert #jobscam #newaccount #fraud #facebookmarketplacescam #lovescam#romancescam #accounthelp",C:\Users\hp\Desktop\Project\Full_code_Amala (1)\Full_code_Amala\downloads\roothack.s_3479968628624886880.webp,https://www.instagram.com/p/DBLVQeysIxg/,0,0
_ultimate_cybertech,"When perpetrators of romantic scams succeed in making their victims feel emotionally invested in them, the victims have a hard time believing that they are actually communicating with a con artist, even after being warned.
Even more disturbingly, con artists can foster a genuine emotional connection with their victims, to the point where they begin to imagine a future with them.
It’s important to be cautious about sending money to someone you don’t know while doing business online. If someone tries to woo you into a relationship and the circumstances appear too good to be true, you should proceed with caution.
#mostcommonscams #onlinesscam #datingscam #lovescam #romanticscam
#scammers #catfishingstory #cyberfraud #internetfraud #fraud #crime #LearnOnTikTok #scammers #GetAnswers #security #onlinesecurity#scammeralet #scam #gofundme #victimofscam #hackedaccount #igothacked #igotscammed #scamalert #scameralert #newscamalert #jobscam #newaccount #fraud #facebookmarketplacescam #lovescam #romancescam #accounthelp",C:\Users\hp\Desktop\Project\Full_code_Amala (1)\Full_code_Amala\downloads\_ultimate_cybertech_3399684239217159121.webp,https://www.instagram.com/p/C8uGs2jCGvR/,0,0
patrick_johnson44,"When perpetrators of romantic scams succeed in making their victims feel emotionally invested in them, the victims have a hard time believing that they are actually communicating with a con artist, even after being warned.

Even more disturbingly, con artists can foster a genuine emotional connection with their victims, to the point where they begin to imagine a future with them.

It’s important to be cautious about sending money to someone you don’t know while doing business online. If someone tries to woo you into a relationship and the circumstances appear too good to be true, you should proceed with caution. #mostcommonscams #onlinesscam #dating scam #lovescam #romanticscam

#scammers #catfishingstory #cyberfraud #internetfraud #fraud #crime #LearnOnTik Tok #scammers #GetAnswers #security #onlinesecurity#scammeralet #scam #gofundme #victimofscam  #hackedaccount #igothacked #igotscammed #scamalert #scameralert #newscamalert #jobscam #newaccount #fraud #facebookmarketplacescam #lovescam#romancescam #accounthelp",C:\Users\hp\Desktop\Project\Full_code_Amala (1)\Full_code_Amala\downloads\patrick_johnson44_3451575065473419377.webp,https://www.instagram.com/p/C_mdTwdI4hx/,1,0
jett_hack400,"When perpetrators of romantic oscams succeed in making their victims feel emotionally invested in them, the victims have a hard time believing that they are actually communicating with a con artist, even after being warned.
Even more disturbingly, con artists can foster a genuine emotional connection with their victims, to the point where they begin to imagine a future with them.
It’s important to be cautious about sending money to someone you don’t know while doing business online. If someone tries to woo you into a relationship and the circumstances appear too good to be true, you should proceed with caution.
#mostcommonscams #onlinesscam #datingscam #lovescam #romanticscam #scammers #catfishingstory #cyberfraud #internetfraud",C:\Users\hp\Desktop\Project\Full_code_Amala (1)\Full_code_Amala\downloads\jett_hack400_3328237071174444855.jpg,https://www.instagram.com/p/C4wRfuDo6c3/,0,0
hire_a_.hacker.011,#nft #ransomware #snapchat #wallet #accesslocation #bannedinstagram #cyberfraud #disabledfacbook #dubai #facebook #facebookhack #googlelocation #gotscam #hackersroom #helpcenter #howtohack #howtorecover #howtospy #igothack #igotscam #igotscammed #ineedlegithackers #insta #legitservice #recovery #spycheatingpartner #bitcoinrecoverycompany #catfishingstory #cheating #cheatingindianwife,C:\Users\hp\Desktop\Project\Full_code_Amala (1)\Full_code_Amala\downloads\hire_a_.hacker.011_3402904342865533459.webp,https://www.instagram.com/p/C85i3hxIloT/,0,0
hack_with_the_best_,#nft #ransomware #snapchat #wallet #accesslocation #bannedinstagram #cyberfraud #disabledfacbook #dubai #facebook #facebookhack #googlelocation #gotscam #hackersroom #helpcenter #howtohack #howtorecover #howtospy #igothack #igotscam #igotscammed #ineedlegithackers #insta #legitservice #recovery #spycheatingpartner #bitcoinrecoverycompany #catfishingstory #cheating #cheatingindianwife,C:\Users\hp\Desktop\Project\Full_code_Amala (1)\Full_code_Amala\downloads\hack_with_the_best__3347293826597303609.jpg,https://www.instagram.com/p/C5z-gAlMLU5/,0,0
clark_defends,"When perpetrators of romantic scams succeed in making their victims feel emotionally invested in them, the victims have a hard time believing that they are actually communicating with a con artist, even after being warned.
Even more disturbingly, con artists can foster a genuine emotional connection with their victims, to the point where they begin to imagine a future with them.
It’s important to be cautious about sending money to someone you don’t know while doing business online. If someone tries to woo you into a relationship and the circumstances appear too good to be true, you should proceed with caution.
#mostcommonscams #onlinesscam #datingscam #lovescam #romanticscam #scammers #catfishingstory #cyberfraud #internetfraud",C:\Users\hp\Desktop\Project\Full_code_Amala (1)\Full_code_Amala\downloads\clark_defends_3345649203901839430.jpg,https://www.instagram.com/p/C5uIjmVozhG/,0,0
unbeatable_cracks,"When perpetrators of romantic scams succeed in making their victims feel emotionally invested in them, the victims have a hard time believing that they are actually communicating with a con artist, even after being warned.
Even more disturbingly, con artists can foster a genuine emotional connection with their victims, to the point where they begin to imagine a future with them.
It’s important to be cautious about sending money to someone you don’t know while doing business online. If someone tries to woo you into a relationship and the circumstances appear too good to be true, you should proceed with caution.
#mostcommonscams #onlinesscam #datingscam #lovescam #romanticscam #scammers #catfishingstory #cyberfraud #internetfraud",C:\Users\hp\Desktop\Project\Full_code_Amala (1)\Full_code_Amala\downloads\unbeatable_cracks_3369511002624339920.jpg,https://www.instagram.com/p/C7C6GeKMa_Q/,0,0
adrian_lamoi,"#whatsappspyonline
#whatsappspysoftware #windows10 #windows7
#windows8 #windows95 #windowseat #windowsplashwave #xp #accountrecovery #allhackingservices #binance #blockfiles #cakeartistry #caked #cakedecorating #cakedecoratingjakarta #cakedecoration #cakedecorator #cakefuncional #cakelife #cakeshop #cakestand #cakevideosdaily #cakpops #cakt #cashback #cat #catchache
#catfishingstory",C:\Users\hp\Desktop\Project\Full_code_Amala (1)\Full_code_Amala\downloads\adrian_lamoi_3436996598010270390.jpg,https://www.instagram.com/p/C-yqjImoNK2/,0,0
eric_techexpert,"Message me on Instagram @jake_cyberexpert for any kind of hacking Whatsapp hack | WhatsApp Spy Facebook hack and recovery Instagram hack and recovery |
Snapchat hack | iPhone unlock Twitter unban Phone tracking Roblox uban Phone spy Bank hack Email hack and recovery YouTube channel recovery we do ethical hacking for good purpose and social media recovery. #nft #ransomware #snapchat #wallet #accesslocation #bannedinstagram #cyberfraud #disabledfacbook #dubai #facebook #facebookhack #googlelocation #gotscam #hackersroom #helpcenter #howtohack #howtorecover #howtospy #igothack #igotscam #igotscammed
#ineedlegithackers #insta #legitservice #recovery #spycheatingpartner #bitcoinrecoverycompany #catfishingstory #cheating #cheatingindianwife",,https://www.instagram.com/p/C6Q6Hvhtkiu/,0,0
dave_mike_hacker,"When perpetrators of romantic scams succeed in making their victims feel emotionally invested in them, the victims have a hard time believing that they are actually communicating with a con artist, even after being warned.
Even more disturbingly, con artists can foster a genuine emotional connection with their victims, to the point where they begin to imagine a future with them.
It’s important to be cautious about sending money to someone you don’t know while doing business online. If someone tries to woo you into a relationship and the circumstances appear too good to be true, you should proceed with caution. #mostcommonscams #onlinesscam #dating scam #lovescam #romanticscam
#scammers #catfishingstory #cyberfraud #internetfraud #fraud #crime #LearnOnTik Tok #scammers #GetAnswers #security #onlinesecurity#scammeralet #scam #gofundme #victimofscam #hackedaccount #igothacked #igotscammed #scamalert #scameralert #newscamalert #jobscam #newaccount #fraud #facebookmarketplacescam #lovescam#romancescam #accounthelp",,https://www.instagram.com/p/C3bhkh1o4C1/,1,0
gabrielwoods_tech,"When perpetrators of romantic scams succeed in making their victims feel emotionally invested in them, the victims have a hard time believing that they are actually communicating with a con artist, even after being warned.
Even more disturbingly, con artists can foster a genuine emotional connection with their victims, to the point where they begin to imagine a future with them.
It’s important to be cautious about sending money to someone you don’t know while doing business online. If someone tries to woo you into a relationship and the circumstances appear too good to be true, you should proceed with caution.
#mostcommonscams #onlinesscam #datingscam #lovescam #romanticscam
#scammers #catfishingstory #cyberfraud #internetfraud #fraud #crime #LearnOnTikTok #scammers #GetAnswers #security #onlinesecurity#scammeralet #scam #gofundme #victimofscam #hackedaccount #igothacked #igotscammed #scamalert #scameralert #newscamalert #jobscam #newaccount #fraud #facebookmarketplacescam #lovescam #romancescam #accounthelp",,https://www.instagram.com/p/C-ZSuA9NZ87/,0,0
alfred_cyber_tech,#nft #ransomware #snapchat #wallet #accesslocation #bannedinstagram #cyberfraud #disabledfacbook #dubai #facebook #facebookhack #googlelocation #gotscam #hackersroom #helpcenter #howtohack #howtorecover #howtospy #igothack #igotscam #igotscammed #ineedlegithackers #insta #legitservice #recovery #spycheatingpartner #bitcoinrecoverycompany #catfishingstory #cheating #cheatingindianwife,,https://www.instagram.com/p/C6ULV7dLTwv/,0,0
unbeatable_cracks,"When perpetrators of romantic scams succeed in making their victims feel emotionally invested in them, the victims have a hard time believing that they are actually communicating with a con artist, even after being warned.

Even more disturbingly, con artists can foster a genuine emotional connection with their victims, to the point where they begin to imagine a future with them.

It’s important to be cautious about sending money to someone you don’t know while doing business online. If someone tries to woo you into a relationship and the circumstances appear too good to be true, you should proceed with caution. #mostcommonscams #onlinesscam #dating scam #lovescam #romanticscam

#scammers #catfishingstory #cyberfraud #internetfraud #fraud #crime #LearnOnTik Tok #scammers #GetAnswers #security #onlinesecurity#scammeralet #scam #gofundme #victimofscam#hackedaccount #igothacked #igotscammed #scamalert #scameralert #newscamalert #jobscam #newaccount #fraud #facebookmarketplacescam #lovescam#romancescam #accounthelp",,https://www.instagram.com/p/C4cx13hs84j/,1,0
malware_tech_teams001,#nft #ransomware #snapchat #wallet #accesslocation #bannedinstagram #cyberfraud #disabledfacbook #dubai #facebook #facebookhack #googlelocation #gotscam #hackersroom #helpcenter #howtohack #howtorecover #howtospy #igothack #igotscam #igotscammed #ineedlegithackers #insta #legitservice #recovery #spycheatingpartner #bitcoinrecoverycompany #catfishingstory #cheating #cheatingindianwife,,https://www.instagram.com/p/C9DzQWxNn6z/,0,0
frank_hack73,#whatsappmessages #arihantitsolutions #suratmarketingagency #arihant #smsmarketing #whatsapp #catchcheatersnow #catchcheatingspouse #go #goodymy #hairsandstyles #handpainted #happy #hiddencamera #highlyinvolved #hilarious #hilariousmemes #hopeforscamvictims #relationshipgoals #school #technology #bickeringcouple #bikerider #brandsynario #catfishingstory #caughtcheating #cheatersbelike #cheatingindianwife #cyberfraud #disabledfacbook •,,https://www.instagram.com/p/DAQZNd9sDvk/,0,0
mark_hack765,"When perpetrators of romantic scams succeed in making their victims feel emotionally invested in them, the victims have a hard time believing that they are actually communicating with a con artist, even after being warned.
Even more disturbingly, con artists can foster a genuine emotional connection with their victims, to the point where they begin to imagine a future with them.
It’s important to be cautious about sending money to someone you don’t know while doing business online. If someone tries to woo you into a relationship and the circumstances appear too good to be true, you should proceed with caution.
#mostcommonscams #onlinesscam #datingscam #lovescam #romanticscam #scammers #catfishingstory #cyberfraud #internetfraud",,https://www.instagram.com/p/C6pkc_SCRro/,0,0
frosty20777,"When perpetrators of romantic scams succeed in making their victims feel emotionally invested in them, the victims have a hard time believing that they are actually communicating with a con artist, even after being warned.

Even more disturbingly, con artists can foster a genuine emotional connection with their victims, to the point where they begin to imagine a future with them.

It’s important to be cautious about sending money to someone you don’t know while doing business online. If someone tries to woo you into a relationship and the circumstances appear too good to be true, you should proceed with caution.#mostcommonscams #onlinesscam #dating scam #lovescam #romanticscam

#scammers #catfishingstory #cyberfraud #internetfraud #fraud #crime #LearnOnTik Tok #scammers #GetAnswers #security #onlinesecurity#scammeralet #scam #gofundme #victimofscam#hackedaccount #igothacked #igotscammed #scamalert #scameralert #newscamalert #jobscam #newaccount #fraud #facebookmarketplacescam #lovescam#romancescam #accounthelp",,https://www.instagram.com/p/C3sJAMwCUdf/,0,0
hack_with_the_best_,#nft #ransomware #snapchat #wallet #accesslocation #bannedinstagram #cyberfraud #disabledfacbook #dubai #facebook #facebookhack #googlelocation #gotscam #hackersroom #helpcenter #howtohack #howtorecover #howtospy #igothack #igotscam #igotscammed #ineedlegithackers #insta #legitservice #recovery #spycheatingpartner #bitcoinrecoverycompany #catfishingstory #cheating #cheatingindianwife,,https://www.instagram.com/p/C8U3NxGMyRL/,0,0
hacker_jaxzy,"When perpetrators of romantic scams succeed in making their victims feel emotionally invested in them, the victims have a hard time believing that they are actually communicating with a con artist, even after being warned.

Even more disturbingly, con artists can foster a genuine emotional connection with their victims, to the point where they begin to imagine a future with them.

It’s important to be cautious about sending money to someone you don’t know while doing business online. If someone tries to woo you into a relationship and the circumstances appear too good to be true, you should proceed with caution.#mostcommonscams #onlinesscam #dating scam #lovescam #romanticscam

#scammers #catfishingstory #cyberfraud #internetfraud #fraud #crime #LearnOnTik Tok #scammers #GetAnswers #security #onlinesecurity#scammeralet #scam #gofundme #victimofscam @nmap_breaker #hackedaccount #igothacked #igotscammed #scamalert #scameralert #newscamalert #jobscam #newaccount #fraud #facebookmarketplacescam #lovescam#romancescam #accounthelp",,https://www.instagram.com/p/C2eNe7QMfOg/,0,0
jayglotech0,@hack_instinct #pythonproject #recoverinstagram #smartprix #unlock #unlockicloud #unlockpdfpassword #viralnews #wallet #whitehathacker #windows #windowsxp #xbox #germany #youtubehack #messi #babyfever #bacisnetworkingonline #basicnetworking #bitcoinrecoveryservice #bitcoinreversal #bitcoinscammed #blockchainhack #bruteforce #cashapp #cashappflips #catfishingstory #ccnacourse #find #cheatingspouse #chromenails,,https://www.instagram.com/p/C-m_X55NwpY/,0,0
encryption_hero,#pythonproject #recoverinstagram #smartprix #unlock #unlockicloud #unlockpdfpassword #viralnews #wallet #whitehathacker #windows #windowsxp #xbox #xrp #youtubehack #2023 #babyfever #bacisnetworkingonline #basicnetworking #bitcoinrecoveryservice #bitcoinreversal #bitcoinscammed #blockchainhack #bruteforce #cashapp #cashappflips #catfishingstory #ccnacourse #ceh #cheatingspouse #chromenails,,https://www.instagram.com/p/C8NgOAEIjpF/,0,0
actionrefund,"When perpetrators of romantic scams succeed in making their victims feel emotionally invested in them, the victims have a hard time believing that they are actually communicating with a con artist, even after being warned. 

Even more disturbingly, con artists can foster a genuine emotional connection with their victims, to the point where they begin to imagine a future with them.

It's important to be cautious about sending money to someone you don't know while doing business online. If someone tries to woo you into a relationship and the circumstances appear too good to be true, you should proceed with caution.
.
.
.
.
#mostcommonscams #onlinesscam #datingscam #lovescam #romanticscam #scammers #catfishingstory #cyberfraud #internetfraud",,https://www.instagram.com/p/CliwuK8rDM6/,1,0
williams.cybersupport,"Contact us @williams.cybersupport for your WhatsApp hack/spy and account unban ✅💯..DM THIS TRUSTWORTHY HACKER TO HELP YOU,WE ARE 100% FAST AND RELIABLE ✅💯 
#scammers #catfishingstory #cyberfraud #internetfraud #fraud #crime #LearnOnTik Tok #scammers #GetAnswers #security #onlinesecurity#scammeralet #scam #gofundme #victimofscam #hackedaccount #igothacked #igotscammed #scamalert #scameralert #newscamalert #jobscam #newaccount #fraud #facebookmarketplacescam #lovescam#romancescam #accounthelp",,https://www.instagram.com/p/C_OyDCetCUx/,0,0
unbeatable_cracks,"When perpetrators of romantic scams succeed in making their victims feel emotionally invested in them, the victims have a hard time believing that they are actually communicating with a con artist, even after being warned.
Even more disturbingly, con artists can foster a genuine emotional connection with their victims, to the point where they begin to imagine a future with them.
It’s important to be cautious about sending money to someone you don’t know while doing business online. If someone tries to woo you into a relationship and the circumstances appear too good to be true, you should proceed with caution.
#mostcommonscams #onlinesscam #datingscam #lovescam #romanticscam #scammers #catfishingstory #cyberfraud #internetfraud",,https://www.instagram.com/p/C3bPoyBNQUz/,0,0
frank_hack73,#unfaithfulhusband #unfaithfulpartner #unfaithfulparyner #2fa #accounthelp #allstaterecovery #bitcoin #catfishingstory #crime #cryptorecovery #cyberfraud #cybersafety #dabb #dabbonem #ethicalhacker #facebookaccounthacked #facebookmarketplacescam #finland #flex #getanswers #gofundme #hac #hackbitcoin #hackedby #hackerslist #hackerslistco #hackgmail #hackingfacebook #happilydivorced #happy •,,https://www.instagram.com/p/DANpXLBMBsv/,0,0
unbeatable_cracks,"When perpetrators of romantic scams succeed in making their victims feel emotionally invested in them, the victims have a hard time believing that they are actually communicating with a con artist, even after being warned.
Even more disturbingly, con artists can foster a genuine emotional connection with their victims, to the point where they begin to imagine a future with them.
It’s important to be cautious about sending money to someone you don’t know while doing business online. If someone tries to woo you into a relationship and the circumstances appear too good to be true, you should proceed with caution.
#mostcommonscams #onlinesscam #datingscam #lovescam #romanticscam #scammers #catfishingstory #cyberfraud #internetfraud",,https://www.instagram.com/p/C3uMD0xNoy0/,0,0
adrianruthnik,@hack_instinct #pythonproject #recoverinstagram #smartprix #unlock #unlockicloud #unlockpdfpassword #viralnews #wallet #whitehathacker #windows #windowsxp #xbox #germany #youtubehack #messi #babyfever #bacisnetworkingonline #basicnetworking #bitcoinrecoveryservice #bitcoinreversal #bitcoinscammed #blockchainhack #bruteforce #cashapp #cashappflips #catfishingstory #ccnacourse #find #cheatingspouse #chromenails,,https://www.instagram.com/p/C9UXoqTsTzW/,1,0
unbeatable_cracks,"When perpetrators of romantic scams succeed in making their victims feel emotionally invested in them, the victims have a hard time believing that they are actually communicating with a con artist, even after being warned.
Even more disturbingly, con artists can foster a genuine emotional connection with their victims, to the point where they begin to imagine a future with them.
It’s important to be cautious about sending money to someone you don’t know while doing business online. If someone tries to woo you into a relationship and the circumstances appear too good to be true, you should proceed with caution.
#mostcommonscams #onlinesscam #datingscam #lovescam #romanticscam #scammers #catfishingstory #cyberfraud #internetfraud",,https://www.instagram.com/p/C3uMF3ctqhI/,0,0
unbeatable_cracks,"When perpetrators of romantic scams succeed in making their victims feel emotionally invested in them, the victims have a hard time believing that they are actually communicating with a con artist, even after being warned.

Even more disturbingly, con artists can foster a genuine emotional connection with their victims, to the point where they begin to imagine a future with them.

It’s important to be cautious about sending money to someone you don’t know while doing business online. If someone tries to woo you into a relationship and the circumstances appear too good to be true, you should proceed with caution.

#mostcommonscams #onlinesscam #datingscam #lovescam #romanticscam #scammers #catfishingstory #cyberfraud #internetfraud",,https://www.instagram.com/p/C4cxw3PM9_6/,0,0
cytrix_hackers,#nft #ransomware #snapchat #wallet #accesslocation #bannedinstagram #cyberfraud #disabledfacbook #dubai #facebook #facebookhack #googlelocation #gotscam #hackersroom #helpcenter #howtohack #howtorecover #howtospy #igothack #igotscam #igotscammed #ineedlegithackers #insta #legitservice #recovery #spycheatingpartner #bitcoinrecoverycompany #catfishingstory #cheating #cheatingindianwife,,https://www.instagram.com/p/C930kGlI5Md/,1,0
dave__youn123,Message me for help #carnival #carnivalnight #cashappbitcoin #cashapphelp #cashappsupport #cashback #cashbasauri #cat #catchcheatersnow #catchcheatingspouse #catfishingstory #cats #caughtintheact #cbr #ceasefire #celebrationboudoir #cellphonespy #chat #cheat #cheatdayeveryday #cheated #cheatersexposed #cheating #cheatingass #cheatingbf #cheatingday #cheatinggirlfriend #cheatingisabuse #cheatingmen #cheatingnarccist,,https://www.instagram.com/p/C8CKuPkqj1A/,0,0
anony_mousehackers001,"#mostcommonscams #onlinesscam #dating scam #lovescam #romanticscam
#scammers #catfishingstory #cyberfraud #internetfraud #fraud #crime #LearnOnTik Tok #scammers #GetAnswers #security #onlinesecurity#scammeralet #scam #gofundme #victimofscam #hackedaccount #igothacked #igotscammed #scamalert #scameralert #newscamalert #jobscam #newaccount #fraud #facebookmarketplacescam #lovescam#romancescam #accounthelp",,https://www.instagram.com/p/C6wfoVaNX-9/,0,0
_abchackers,@hack_instinct #pythonproject #recoverinstagram #smartprix #unlock #unlockicloud #unlockpdfpassword #viralnews #wallet #whitehathacker #windows #windowsxp #xbox #germany #youtubehack #messi #babyfever #bacisnetworkingonline #basicnetworking #bitcoinrecoveryservice #bitcoinreversal #bitcoinscammed #blockchainhack #bruteforce #cashapp #cashappflips #catfishingstory #ccnacourse #find #cheatingspouse #chromenails,,https://www.instagram.com/p/C9elaKSMEwe/,0,0
chalor_hacks23,• #money #snapchatrecovery #spyhouse #stolenmoney #trustwallet #watchonly #catfishingstory #cyberfraud #internetfraud #mostcommonscams #onlinesscam #romanticscam #learnontik #datingscam #imei #instagrammessenger #iphone #learnontiktok #recoveraccount #dating #instagramhacker #instagramhacking #recoverfacebook #chargeback #jobsitescam #rentalscamalert #cryptoscamrecovery #deletedmessages #fakeprofile #lockedaccount,,https://www.instagram.com/p/C4s8XhLCtKJ/,0,0
anony_mousehackers001,".
.
.
.
.
Tags by @withhashtag • #bookaddict #bookaholic #booklove #bookshelf #bookstagram #boundaries101 #boundarysettingtips #bravehope #bravinghope #bravinghopetreatmentmodel #breakingup #breakthechains #breakupglowup #breakuprecovery #brokenhearted #brooklyn #bullying #bypass #canada #canadafacebook #catfishingstory #celebritynews #cheatday #cheatdayeats #cheatdayeveryday #cheatingassmyron #cheatingboy #cheatingindianwife #cheatingisabuse #cheatingmemes",,https://www.instagram.com/p/C7s06mLqHpi/,0,0
anony_mousehackers001,".
.
.
.
.
Tags by @withhashtag • #bookaddict #bookaholic #booklove #bookshelf #bookstagram #boundaries101 #boundarysettingtips #bravehope #bravinghope #bravinghopetreatmentmodel #breakingup #breakthechains #breakupglowup #breakuprecovery #brokenhearted #brooklyn #bullying #bypass #canada #canadafacebook #catfishingstory #celebritynews #cheatday #cheatdayeats #cheatdayeveryday #cheatingassmyron #cheatingboy #cheatingindianwife #cheatingisabuse #cheatingmemes",,https://www.instagram.com/p/C7sz5G_Kafj/,0,0
morakuthman,"When perpetrators of romantic scams succeed in making their victims feel emotionally invested in them, the victims have a hard time believing that they are actually communicating with a con artist, even after being warned.

Even more disturbingly, con artists can foster a genuine emotional connection with their victims, to the point where they begin to imagine a future with them.

It’s important to be cautious about sending money to someone you don’t know while doing business online. If someone tries to woo you into a relationship and the circumstances appear too good to be true, you should proceed with caution. #mostcommonscams #onlinesscam #dating scam #lovescam #romanticscam

#scammers #catfishingstory #cyberfraud #internetfraud #fraud #crime #LearnOnTik Tok #scammers #GetAnswers #security #onlinesecurity#scammeralet #scam #gofundme #victimofscam #hackedaccount #igothacked #igotscammed #scamalert #scameralert #newscamalert #jobscam #newaccount #fraud #facebookmarketplacescam #lovescam#romancescam #accounthelp",,https://www.instagram.com/p/C6Pvm3coyzc/,0,0
jeyhack120,Posted @withregram • @jeyhack120 #nft #ransomware #snapchat #wallet #accesslocation #bannedinstagram #cyberfraud #disabledfacbook #dubai #facebook #facebookhack #googlelocation #gotscam #hackersroom #helpcenter #howtohack #howtorecover #howtospy #igothack #igotscam #igotscammed #ineedlegithackers #insta #legitservice #recovery #spycheatingpartner #bitcoinrecoverycompany #catfishingstory #cheating #cheatingindianwife,,https://www.instagram.com/p/C72JiTjMmgo/,0,0
hack_with_the_best_,#nft #ransomware #snapchat #wallet #accesslocation #bannedinstagram #cyberfraud #disabledfacbook #dubai #facebook #facebookhack #googlelocation #gotscam #hackersroom #helpcenter #howtohack #howtorecover #howtospy #igothack #igotscam #igotscammed #ineedlegithackers #insta #legitservice #recovery #spycheatingpartner #bitcoinrecoverycompany #catfishingstory #cheating #cheatingindianwife,,https://www.instagram.com/p/C8KMUNgM0ox/,0,0
247spyhackk,@hack_instinct #pythonproject #recoverinstagram #smartprix #unlock #unlockicloud #unlockpdfpassword #viralnews #wallet #whitehathacker #windows #windowsxp #xbox #germany #youtubehack #messi #babyfever #bacisnetworkingonline #basicnetworking #bitcoinrecoveryservice #bitcoinreversal #bitcoinscammed #blockchainhack #bruteforce #cashapp #cashappflips #catfishingstory #ccnacourse #find #cheatingspouse #chromenails,,https://www.instagram.com/p/C99X0iwoyXx/,0,0
cytrix_hackers,#nft #ransomware #snapchat #wallet #accesslocation #bannedinstagram #cyberfraud #disabledfacbook #dubai #facebook #facebookhack #googlelocation #gotscam #hackersroom #helpcenter #howtohack #howtorecover #howtospy #igothack #igotscam #igotscammed #ineedlegithackers #insta #legitservice #recovery #spycheatingpartner #bitcoinrecoverycompany #catfishingstory #cheating #cheatingindianwife,,https://www.instagram.com/p/C9_WQkeolzE/,0,0
thomas_peterhacklord,".
.
.
.
.
• #catchcheatersnow #catchcheatingspouse #catfishingstory #cheatingindianwife #cyberfraud #disabledfacbook #dubai #go #goodymy #hackingtools #hairsandstyles #handpainted #happy #hiddencamera #highlyinvolved #hilarious #hilariousmemes #hopeforscamvictims #memes #relationshipgoals #school #spies #talktoan #technology #whatsappmessages #bickeringcouple #bikerider #brandsynario #caughtcheating #cheatersbelike",,https://www.instagram.com/p/C7M-FeWou9b/,0,0
hack_with_the_best_,#nft #ransomware #snapchat #wallet #accesslocation #bannedinstagram #cyberfraud #disabledfacbook #dubai #facebook #facebookhack #googlelocation #gotscam #hackersroom #helpcenter #howtohack #howtorecover #howtospy #igothack #igotscam #igotscammed #ineedlegithackers #insta #legitservice #recovery #spycheatingpartner #bitcoinrecoverycompany #catfishingstory #cheating #cheatingindianwife,,https://www.instagram.com/p/C5zQj-lI2wv/,0,0
robert_technology_cracks,"When perpetrators of romantic scams succeed in making their victims feel emotionally invested in them, the victims have a hard time believing that they are actually communicating with a con artist, even after being warned.
Even more disturbingly, con artists can foster a genuine emotional connection with their victims, to the point where they begin to imagine a future with them.
It’s important to be cautious about sending money to someone you don’t know while doing business online. If someone tries to woo you into a relationship and the circumstances appear too good to be true, you should proceed with caution.
#mostcommonscams #onlinesscam #datingscam #lovescam #romanticscam
#scammers #catfishingstory #cyberfraud #internetfraud #fraud #crime #LearnOnTikTok #scammers #GetAnswers #security #onlinesecurity#scammeralet #scam #gofundme #victimofscam #hackedaccount #igothacked #igotscammed #scamalert #scameralert #newscamalert #jobscam #newaccount #fraud #facebookmarketplacescam #lovescam #romancescam #accounthelp",,https://www.instagram.com/p/C3qyAoWNsf0/,0,0
thomas_peterhacklord,".
.
.
.
.
• #catchcheatersnow #catchcheatingspouse #catfishingstory #cheatingindianwife #cyberfraud #disabledfacbook #dubai #go #goodymy #hackingtools #hairsandstyles #handpainted #happy #hiddencamera #highlyinvolved #hilarious #hilariousmemes #hopeforscamvictims #memes #relationshipgoals #school #spies #talktoan #technology #whatsappmessages #bickeringcouple #bikerider #brandsynario #caughtcheating #cheatersbelike",,https://www.instagram.com/p/C7M-HCWIUVE/,0,0
alfred_cyber_tech,• #imei #ineedlegithackers #insta #instagrammessenger #legitservice #lockedaccount #metaverse #recoveraccount #recoverfacebook #tiktokbanme #unbanzone #whitehacker #bitcoinusa #btchack #catfishingstory #cyberfraud #hacks #helocenter #igothacked #internetfraud #mostcommonscams #onlinesscam #romanticscam #spying #spyonwhatsapp #tiktokhacks #uber #uberreactivation #datingscam #learnontiktok,,https://www.instagram.com/p/C5yiHM8sF_Y/,0,0
allen_hacks,• #whatsappspy #bankdebtfree #beware #binaryoptionchargeback #bitcoinrecoveryservice #bitcoinscammed #catfishingstory #coscointernational #criminalrecordclearance #cryptocurrencychargeback #cryptonews #cyberfraud #dontgetscammed #dropshippingbusiness #facebookdown #financialjustice #financialsecurity #gotscammedbitcoinwhatdoldoaboutit #hackedbankaccount #hackedbitcoin #hackedinstagrampassword #hackedmail #hackerforhire #hackingfb #hackingnews #hackingservices #hacklife #howtorecoverfacebookaccount #howtorecoverhackedbitcoinwall #howtorecoverscambitcain,,https://www.instagram.com/p/C5izr8CIZIY/,0,0
white_hat_hacker80,#nft #ransomware #snapchat #wallet #accesslocation #bannedinstagram #cyberfraud #disabledfacbook #dubai #facebook #facebookhack #googlelocation #gotscam #hackersroom #helpcenter #howtohack #howtorecover #howtospy #igothack #igotscam #igotscammed #ineedlegithackers #insta #legitservice #recovery #spycheatingpartner #bitcoinrecoverycompany #catfishingstory #cheating #cheatingindianwife,,https://www.instagram.com/p/C6e0GpGNowH/,0,0
allen_hacks,• #recoveryfacebook #recoveryinstagram #recoverytwitter #recoveryyoutubechannel #scamalert #scotland #singapore #smallbusiness #snapchatrecovery #spanish #spyhouse #spying #spyonwhatsapp #stolenmoney #style #tiktokbanme #tiktokhacks #travelphotography #uber #uberreactivation #unbanzone #unfaithfulpartner #watchonly #whitehacker #bitcoinrecoverycompany #catfishingstory #cheating #cheatingindianwife #cyberfraud #disabledfacbook,,https://www.instagram.com/p/C50mqWRI4c0/,0,0
hack_with_the_best_,Inbox me now for fast hacker support #nft #ransomware #snapchat #wallet #accesslocation #bannedinstagram #cyberfraud #disabledfacbook #dubai #facebook #facebookhack #googlelocation #gotscam #hackersroom #helpcenter #howtohack #howtorecover #howtospy #igothack #igotscam #igotscammed #ineedlegithackers #insta #legitservice #recovery #spycheatingpartner #bitcoinrecoverycompany #catfishingstory #cheating #cheatingindianwife,,https://www.instagram.com/p/C53h8NpsKlH/,0,0
glennrobins_tech,"When perpetrators of romantic scams succeed in making their victims feel emotionally invested in them, the victims have a hard time believing that they are actually communicating with a con artist, even after being warned.
Even more disturbingly, con artists can foster a genuine emotional connection with their victims, to the point where they begin to imagine a future with them.
It’s important to be cautious about sending money to someone you don’t know while doing business online. If someone tries to woo you into a relationship and the circumstances appear too good to be true, you should proceed with caution.
#mostcommonscams #onlinesscam #datingscam #lovescam #romanticscam
#scammers #catfishingstory #cyberfraud #internetfraud #fraud #crime #LearnOnTikTok #scammers #GetAnswers #security #onlinesecurity#scammeralet #scam #gofundme #victimofscam #hackedaccount #igothacked #igotscammed #scamalert #scameralert #newscamalert #jobscam #newaccount #fraud #facebookmarketplacescam #lovescam #romancescam #accounthelp",,https://www.instagram.com/p/C9IKZtPtjcy/,0,0
white_hackers1,"When perpetrators of romantic scams succeed in making their victims feel emotionally invested in them, the victims have a hard time believing that they are actually communicating with a con artist, even after being warned.
Even more disturbingly, con artists can foster a genuine emotional connection with their victims, to the point where they begin to imagine a future with them.
It’s important to be cautious about sending money to someone you don’t know while doing business online. If someone tries to woo you into a relationship and the circumstances appear too good to be true, you should proceed with caution.
#mostcommonscams #onlinesscam #datingscam #lovescam #romanticscam
#scammers #catfishingstory #cyberfraud #internetfraud #fraud #crime #LearnOnTikTok #scammers #GetAnswers #security #onlinesecurity#scammeralet #scam #gofundme #victimofscam #hackedaccount #igothacked #igotscammed #scamalert #scameralert #newscamalert #jobscam #newaccount #fraud #facebookmarketplacescam #lovescam #romancescam #accounthelp",,https://www.instagram.com/p/C6zzLAbI_IX/,0,0
clifford_wirespy,#bricks #catfishingstory #catsouttathebag #ccuty #coinbase #cryptocurrencyrecovery #cryptoinvestment #cryptorecoverysuccessstories #cryptoscam #cryptoscamrecovery #cryptoworld #cryptyrecoveryservices #deletedaccount #disableaccount #disabledaccount #disabledfacebook #disabledinstagram #dontbelievethehype #elsavador #ethereumnews #ethicalhacker #eu #europe #explorepage #facebookdown #facebookmarketplacescam #fackpayment #facts #fakepagealert #faohn,,https://www.instagram.com/p/C6BRF8VMpxz/,0,0
adrianruthnik,@hack_instinct #pythonproject #recoverinstagram #smartprix #unlock #unlockicloud #unlockpdfpassword #viralnews #wallet #whitehathacker #windows #windowsxp #xbox #germany #youtubehack #messi #babyfever #bacisnetworkingonline #basicnetworking #bitcoinrecoveryservice #bitcoinreversal #bitcoinscammed #blockchainhack #bruteforce #cashapp #cashappflips #catfishingstory #ccnacourse #find #cheatingspouse #chromenails,,https://www.instagram.com/p/C-Nq6PaM9xN/,0,0
jackson_tech9700,"When perpetrators of romantic oscams succeed in making their victims feel emotionally invested in them, the victims have a hard time believing that they are actually communicating with a con artist, even after being warned.
Even more disturbingly, con artists can foster a genuine emotional connection with their victims, to the point where they begin to imagine a future with them.
It's important to be cautious about sending money to someone you don't know while doing business online. If someone tries to woo you into a relationship and the circumstances appear too good to be true, you should proceed with caution.
#mostcommonscams #onlinesscam #datingscam #lovescam #romanticscam #scammers #catfishingstory #cyberfraud #internetfraud",,https://www.instagram.com/p/C_RYg7iNvyt/,0,0
_clark_malo,@hack_instinct #pythonproject #recoverinstagram #smartprix #unlock #unlockicloud #unlockpdfpassword #viralnews #wallet #whitehathacker #windows #windowsxp #xbox #germany #youtubehack #messi #babyfever #bacisnetworkingonline #basicnetworking #bitcoinrecoveryservice #bitcoinreversal #bitcoinscammed #blockchainhack #bruteforce #cashapp #cashappflips #catfishingstory #ccnacourse #find #cheatingspouse #chromenails,,https://www.instagram.com/p/C_w2O9BtKAe/,0,0
hack_with_the_best_,#snapchat #wallet #accesslocation #bannedinstagram #cyberfraud #disabledfacbook #dubai #facebook #facebookhack #googlelocation #gotscam #hackersroom #helpcenter #howtohack #howtorecover #howtospy #igothack #igotscam #igotscammed #ineedlegithackers #insta #legitservice #recovery #spycheatingpartner #bitcoinrecoverycompany #catfishingstory #cheating #cheatingindianwife,,https://www.instagram.com/p/C59Qt9qsq66/,0,0
kendrick_techx,#arnaque #bewareofscammers #bitcoinscam #brouteur #btcrecovery #bumble #catfishingstory #celsiusscam #chargeback #crypto #cryptonews #cryptorecovery #cryptoscamrecovery #cryptotrading #cyberfraud #cybersecurity #dataprotection #dating #fake #fakeaccount #fakeprofiles #faux #fauxcompte #fauxprofil #fraudalert #fyp #gothacked #igothacked #instagram #internetfraud,,https://www.instagram.com/p/C2_SeYuoT12/,0,0
bobby_hacks_,"@bobby_hacks_  #mostcommonscams #onlinesscam #dating scam #lovescam #romanticscam

#scammers #catfishingstory #cyberfraud #internetfraud #fraud #crime #LearnOnTik Tok #scammers #GetAnswers #security #onlinesecurity#scammeralet #hackedaccount #igothacked #igotscammed

#scam #gofundme #victimofscam @bobby_hacks_ 

#scamalert #scameralert #newscamalert #jobscam #newaccount #fraud #facebookmarketplacescam

#lovescam#romancescam #accounthelp@bobby_hacks_",,https://www.instagram.com/p/C3aVGmHI70-/,0,0
robert_technology_cracks,"When perpetrators of romantic scams succeed in making their victims feel emotionally invested in them, the victims have a hard time believing that they are actually communicating with a con artist, even after being warned.
Even more disturbingly, con artists can foster a genuine emotional connection with their victims, to the point where they begin to imagine a future with them.
It’s important to be cautious about sending money to someone you don’t know while doing business online. If someone tries to woo you into a relationship and the circumstances appear too good to be true, you should proceed with caution.
#mostcommonscams #onlinesscam #datingscam #lovescam #romanticscam
#scammers #catfishingstory #cyberfraud #internetfraud #fraud #crime #LearnOnTikTok #scammers #GetAnswers #security #onlinesecurity#scammeralet #scam #gofundme #victimofscam #hackedaccount #igothacked #igotscammed #scamalert #scameralert #newscamalert #jobscam #newaccount #fraud #facebookmarketplacescam #lovescam #romancescam #accounthelp",,https://www.instagram.com/p/C3qyLymNJKo/,0,0
hack_with_the_best_,#nft #ransomware #snapchat #wallet #accesslocation #bannedinstagram #cyberfraud #disabledfacbook #dubai #facebook #facebookhack #googlelocation #gotscam #hackersroom #helpcenter #howtohack #howtorecover #howtospy #igothack #igotscam #igotscammed #ineedlegithackers #insta #legitservice #recovery #spycheatingpartner #bitcoinrecoverycompany #catfishingstory #cheating #cheatingindianwife,,https://www.instagram.com/p/C6NI3pzIA-I/,0,0
cyber_spy_agent,"When perpetrators of romantic oscams succeed in making their victims feel emotionally invested in them, the victims have a hard time believing that they are actually communicating with a con artist, even after being warned.
Even more disturbingly, con artists can foster a genuine emotional connection with their victims, to the point where they begin to imagine a future with them.
It’s important to be cautious about sending money to someone you don’t know while doing business online. If someone tries to woo you into a relationship and the circumstances appear too good to be true, you should proceed with caution.
#mostcommonscams #onlinesscam #datingscam #lovescam #romanticscam #scammers #catfishingstory #cyberfraud #internetfraud",,https://www.instagram.com/p/C7DDKTyIGda/,0,0
cyberttron_hackers,"@cybernetics_hack When perpetrators of romantic scams succeed in making their victims feel emotionally invested in them, the victims have a hard time believing that they are actually communicating with a con artist, even after being warned.
Even more disturbingly, con artists can foster a genuine emotional connection with their victims, to the point where they begin to imagine a future with them.
It's important to be cautious about sending money to someone you don't know while doing business online. If someone tries to woo you into a relationship and the circumstances appear too good to be true, you should proceed with caution.
•
#mostcommonscams #onlinesscam #datingscam #lovescam #romanticscam #scammers #catfishingstory #cyberfraud #internetfraud @cybernetics_hack",,https://www.instagram.com/p/CmWmkrhoRv-/,0,0
jackson_tech9700,"When perpetrators of romantic scams succeed in making their victims feel emotionally invested in them, the victims have a hard time believing that they are actually communicating with a con artist, even after being warned.
Even more disturbingly, con artists can foster a genuine emotional connection with their victims, to the point where they begin to imagine a future with them.
It’s important to be cautious about sending money to someone you don’t know while doing business online. If someone tries to woo you into a relationship and the circumstances appear too good to be true, you should proceed with caution.
#mostcommonscams #onlinesscam #datingscam #lovescam #romanticscam
#scammers #catfishingstory #cyberfraud #internetfraud #fraud #crime #LearnOnTikTok #scammers #GetAnswers #security #onlinesecurity#scammeralet #scam #gofundme #victimofscam #hackedaccount #igothacked #igotscammed #scamalert #scameralert #newscamalert #jobscam #newaccount #fraud #facebookmarketplacescam #lovescam #romancescam #accounthelp",,https://www.instagram.com/p/C_vquABtH_B/,0,0
jackson_tech9700,"When perpetrators of romantic scams succeed in making their victims feel emotionally invested in them, the victims have a hard time believing that they are actually communicating with a con artist, even after being warned.
Even more disturbingly, con artists can foster a genuine emotional connection with their victims, to the point where they begin to imagine a future with them.
It’s important to be cautious about sending money to someone you don’t know while doing business online. If someone tries to woo you into a relationship and the circumstances appear too good to be true, you should proceed with caution.
#mostcommonscams #onlinesscam #datingscam #lovescam #romanticscam
#scammers #catfishingstory #cyberfraud #internetfraud #fraud #crime #LearnOnTikTok #scammers #GetAnswers #security #onlinesecurity#scammeralet #scam #gofundme #victimofscam #hackedaccount #igothacked #igotscammed #scamalert #scameralert #newscamalert #jobscam #newaccount #fraud #facebookmarketplacescam #lovescam #romancescam #accounthelp",,https://www.instagram.com/p/C_vqxIcNQfq/,0,0
cyberttron_hackers,"When perpetrators of romantic scams succeed in making their victims feel emotionally invested in them, the victims have a hard time believing that they are actually communicating with a con artist, even after being warned.
Even more disturbingly, con artists can foster a genuine emotional connection with their victims, to the point where they begin to imagine a future with them.
It's important to be cautious about sending money to someone you don't know while doing business online. If someone tries to woo you into a relationship and the circumstances appear too good to be true, you should proceed with caution.
•
#mostcommonscams #onlinesscam #datingscam #lovescam #romanticscam #scammers #catfishingstory #cyberfraud #internetfraud",,https://www.instagram.com/p/Cnp9m2gIsCe/,0,0
white_hat_hacker80,#nft #ransomware #snapchat #wallet #accesslocation #bannedinstagram #cyberfraud #disabledfacbook #dubai #facebook #facebookhack #googlelocation #gotscam #hackersroom #helpcenter #howtohack #howtorecover #howtospy #igothack #igotscam #igotscammed #ineedlegithackers #insta #legitservice #recovery #spycheatingpartner #bitcoinrecoverycompany #catfishingstory #cheating #cheatingindianwife,,https://www.instagram.com/p/C63KeurtwVZ/,0,0
bruce_techx,#whatsappmessages #arihantitsolutions #suratmarketingagency #arihant #smsmarketing #whatsapp #catchcheatersnow #catchcheatingspouse #go #goodymy #hairsandstyles #handpainted #happy #hiddencamera #highlyinvolved #hilarious #hilariousmemes #hopeforscamvictims #relationshipgoals #school #technology #bickeringcouple #bikerider #brandsynario #catfishingstory #caughtcheating #cheatersbelike #cheatingindianwife #cyberfraud #disabledfacbook •,,https://www.instagram.com/p/DAQ5__ONJRl/,0,0
kendrick_techx,#voyager #chargeback #fakeprofile #fyp #jobsitescam #rentalscamalert #california #canada #catfishingstory #cyberfraud #dating #internetfraud #moneyscam #mostcommonscams #onlinesscam #recovery #romanticscam #trending #b #binancesc #binary #bitcoinminingng #bitcoinminning #bitcoinrecoveryservice #bitcoins #blockchain #blockfiles #cashapphelpme #coinbase #cryptotrading,,https://www.instagram.com/p/C4UvSo8NMUQ/,0,0
briantechmaniac,"When perpetrators of romantic scams succeed in making their victims feel emotionally invested in them, the victims have a hard time believing that they are actually communicating with a con artist, even after being warned.

Even more disturbingly, con artists can foster a genuine emotional connection with their victims, to the point where they begin to imagine a future with them.

It’s important to be cautious about sending money to someone you don’t know while doing business online. If someone tries to woo you into a relationship and the circumstances appear too good to be true, you should proceed with caution. #mostcommonscams #onlinesscam #dating scam #lovescam #romanticscam

#scammers #catfishingstory #cyberfraud #internetfraud #fraud #crime #LearnOnTik Tok #scammers #GetAnswers #security #onlinesecurity#scammeralet #scam #gofundme #victimofscam #hackedaccount #igothacked #igotscammed #scamalert #scameralert #newscamalert #jobscam #newaccount #fraud #facebookmarketplacescam #lovescam#romancescam #accounthelp",,https://www.instagram.com/p/C4O1VyFo9pM/,0,0
thespina_tech,. #catfishingstory #cyberfraud #internetfraud #mostcommonscams #onlinesscam #romanticscam #dating #recovercrypto #recoveryinstagram #rentahacker #samsungos #securenetworks #securesystems #secureyourworld #socialmediaexpert #spyphone #startupstories #termuxhacking #twitterhack #upnd #webinar #wifi #uk #winamp #turkeyscammer #turkeytranding #ukraine #windows10 #windows7 #windows8,,https://www.instagram.com/p/C5gLLQoshvr/,1,0
cyberttron_hackers,"When perpetrators of romantic scams succeed in making their victims feel emotionally invested in them, the victims have a hard time believing that they are actually communicating with a con artist, even after being warned.
Even more disturbingly, con artists can foster a genuine emotional connection with their victims, to the point where they begin to imagine a future with them.
It's important to be cautious about sending money to someone you don't know while doing business online. If someone tries to woo you into a relationship and the circumstances appear too good to be true, you should proceed with caution.
•
#mostcommonscams #onlinesscam #datingscam #lovescam #romanticscam #scammers #catfishingstory #cyberfraud #internetfraud",,https://www.instagram.com/p/Cn3h4mto5Ll/,0,0
savvydarius,"When perpetrators of romantic scams succeed in making their victims feel emotionally invested in them, the victims have a hard time believing that they are actually communicating with a con artist, even after being warned.

Even more disturbingly, con artists can foster a genuine emotional connection with their victims, to the point where they begin to imagine a future with them.

It’s important to be cautious about sending money to someone you don’t know while doing business online. If someone tries to woo you into a relationship and the circumstances appear too good to be true, you should proceed with caution. #mostcommonscams #onlinesscam #dating scam #lovescam #romanticscam

#scammers #catfishingstory #cyberfraud #internetfraud #fraud #crime #LearnOnTik Tok #scammers #GetAnswers #security #onlinesecurity#scammeralet #scam #gofundme #victimofscam  #hackedaccount #igothacked #igotscammed #scamalert #scameralert #newscamalert #jobscam #newaccount #fraud #facebookmarketplacescam #lovescam#romancescam #accounthelp",,https://www.instagram.com/p/C6vfxthoYki/,2,0
savvydarius,"When perpetrators of romantic scams succeed in making their victims feel emotionally invested in them, the victims have a hard time believing that they are actually communicating with a con artist, even after being warned.

Even more disturbingly, con artists can foster a genuine emotional connection with their victims, to the point where they begin to imagine a future with them.

It’s important to be cautious about sending money to someone you don’t know while doing business online. If someone tries to woo you into a relationship and the circumstances appear too good to be true, you should proceed with caution. #mostcommonscams #onlinesscam #dating scam #lovescam #romanticscam

#scammers #catfishingstory #cyberfraud #internetfraud #fraud #crime #LearnOnTik Tok #scammers #GetAnswers #security #onlinesecurity#scammeralet #scam #gofundme #victimofscam #hackedaccount #igothacked #igotscammed #scamalert #scameralert #newscamalert #jobscam #newaccount #fraud #facebookmarketplacescam #lovescam#romancescam #accounthelp",,https://www.instagram.com/p/C6vfkULoO5V/,1,0
savvydarius,"When perpetrators of romantic scams succeed in making their victims feel emotionally invested in them, the victims have a hard time believing that they are actually communicating with a con artist, even after being warned.

Even more disturbingly, con artists can foster a genuine emotional connection with their victims, to the point where they begin to imagine a future with them.

It’s important to be cautious about sending money to someone you don’t know while doing business online. If someone tries to woo you into a relationship and the circumstances appear too good to be true, you should proceed with caution. #mostcommonscams #onlinesscam #dating scam #lovescam #romanticscam

#scammers #catfishingstory #cyberfraud #internetfraud #fraud #crime #LearnOnTik Tok #scammers #GetAnswers #security #onlinesecurity#scammeralet #scam #gofundme #victimofscam #hackedaccount #igothacked #igotscammed #scamalert #scameralert #newscamalert #jobscam #newaccount #fraud #facebookmarketplacescam #lovescam#romancescam #accounthelp",,https://www.instagram.com/p/C6vgU0QIL84/,0,0
white_hat_hacker80,#whatsappspyonline #whatsappspysoftware #windows10 #windows7 #windows8 #windows95 #windowseat #windowsplashwave #xp #accountrecovery #allhackingservices #binance #blockfiles #cakeartistry #caked #cakedecorating #cakedecoratingjakarta #cakedecoration #cakedecorator #cakefuncional #cakelife #cakeshop #cakestand #cakevideosdaily #cakpops #cakt #cashback #cat #catchache #catfishingstory,,https://www.instagram.com/p/C5gZ4pjNrfG/,0,0
briantechmaniac,"When perpetrators of romantic scams succeed in making their victims feel emotionally invested in them, the victims have a hard time believing that they are actually communicating with a con artist, even after being warned.

Even more disturbingly, con artists can foster a genuine emotional connection with their victims, to the point where they begin to imagine a future with them.

It’s important to be cautious about sending money to someone you don’t know while doing business online. If someone tries to woo you into a relationship and the circumstances appear too good to be true, you should proceed with caution.#mostcommonscams #onlinesscam #dating scam #lovescam #romanticscam

#scammers #catfishingstory #cyberfraud #internetfraud #fraud #crime #LearnOnTik Tok #scammers #GetAnswers #security #onlinesecurity#scammeralet #scam #gofundme #victimofscam#hackedaccount #igothacked #igotscammed #scamalert #scameralert #newscamalert #jobscam #newaccount #fraud #facebookmarketplacescam #lovescam#romancescam #accounthelp",,https://www.instagram.com/p/C4kjgf0NfXd/,1,0
thespina_tech,#borderline #borderlinepersonality #borderlinepersonalitydisorder #boudiorphotography #boundaries #boymom #bpd #bpdawareness #bpdlife #bpdmeme #bpdmemes #bpdrecovery #bpdsupport #bpdthings #breakup #brecovery #btc #burlesquefitness #businesspageshacked #by #camper #camperlife #campfire #camping #campingfire #campinggear #camplife #canada #canirecoverfacebookpage #catfishingstory,,https://www.instagram.com/p/C7gVxO_MyGx/,1,0
nmap_breaker,"When perpetrators of romantic scams succeed in making their victims feel emotionally invested in them, the victims have a hard time believing that they are actually communicating with a con artist, even after being warned.

Even more disturbingly, con artists can foster a genuine emotional connection with their victims, to the point where they begin to imagine a future with them.

It's important to be cautious about sending money to someone you don't know while doing business online. If someone tries to woo you into a relationship and the circumstances appear too good to be true, you should proceed with caution.#mostcommonscams #onlinesscam #dating scam #lovescam #romanticscam

#scammers #catfishingstory #cyberfraud #internetfraud #fraud #crime #LearnOnTik Tok #scammers #GetAnswers #security #onlinesecurity#scammeralet #scam #gofundme #victimofscam @nmap_breaker #hackedaccount #igothacked #igotscammed #scamalert #scameralert #newscamalert #jobscam #newaccount #fraud #facebookmarketplacescam #lovescam#romancescam #accounthelp",,https://www.instagram.com/p/CzXZYNyoTK2/,625,1
williams_cyber_hack,".
.
.
.
.
• #cashappflip #catfishingstory #caughtcheating #cheatclean #cheatersbelike #cheating #cheatingspouse #cheatmeal #cheats #clockworkpi #computerscience #crackpassword #creditcard #creditcarddebt #creditcards #cryptocurrency #cryptoscamrecovery #csstricks #cuckhold #cyber #cyberdeck #cyberfraud #cybersecuritytraining #cycling #daily #dailyfact #dailyfacts #dataprotection #datasecurity #debian",,https://www.instagram.com/p/C79mGz_t2AP/,0,0
kendrick_techx,".
.
.
.
.• #kalllinux #kuwaitinstagram #kuwaitwomen #london #love #nature #nethunter #ohioarmy #photography #photooftheday #picoftheday #professionalhacker #professionalhackers #santamonica #stolenaccount #tbt #tiktok #abs #accounthack #ads #amazonreinstatement #antispyiphone #appleid #arizona #bannedaccount #bettertogether #bitcoinewstoday #blackhat #brute #catfishingstory",,https://www.instagram.com/p/C5XpxDIAjk1/,0,0
briantechmaniac,"When perpetrators of romantic scams succeed in making their victims feel emotionally invested in them, the victims have a hard time believing that they are actually communicating with a con artist, even after being warned.

Even more disturbingly, con artists can foster a genuine emotional connection with their victims, to the point where they begin to imagine a future with them.

It’s important to be cautious about sending money to someone you don’t know while doing business online. If someone tries to woo you into a relationship and the circumstances appear too good to be true, you should proceed with caution. #mostcommonscams #onlinesscam #dating scam #lovescam #romanticscam

#scammers #catfishingstory #cyberfraud #internetfraud #fraud #crime #LearnOnTik Tok #scammers #GetAnswers #security #onlinesecurity#scammeralet #scam #gofundme #victimofscam @ducanhacks #hackedaccount #igothacked #igotscammed #scamalert #scameralert #newscamalert #jobscam #newaccount #fraud #facebookmarketplacescam #lovescam#romancescam #accounthelp",,https://www.instagram.com/p/C_aSZ9ENsA9/,0,0
briantechmaniac,"When perpetrators of romantic scams succeed in making their victims feel emotionally invested in them, the victims have a hard time believing that they are actually communicating with a con artist, even after being warned.

Even more disturbingly, con artists can foster a genuine emotional connection with their victims, to the point where they begin to imagine a future with them.

It’s important to be cautious about sending money to someone you don’t know while doing business online. If someone tries to woo you into a relationship and the circumstances appear too good to be true, you should proceed with caution.#mostcommonscams #onlinesscam #dating scam #lovescam #romanticscam

#scammers #catfishingstory #cyberfraud #internetfraud #fraud #crime #LearnOnTik Tok #scammers #GetAnswers #security #onlinesecurity#scammeralet #scam #gofundme #victimofscam #hackedaccount #igothacked #igotscammed #scamalert #scameralert #newscamalert #jobscam #newaccount #fraud #facebookmarketplacescam #lovescam#romancescam #accounthelp",,https://www.instagram.com/p/C5hQM2BtWHO/,0,0
nmap_breaker,"When perpetrators of romantic scams succeed in making their victims feel emotionally invested in them, the victims have a hard time believing that they are actually communicating with a con artist, even after being warned.
Even more disturbingly, con artists can foster a genuine emotional connection with their victims, to the point where they begin to imagine a future with them.
It's important to be cautious about sending money to someone you don't know while doing business online. If someone tries to woo you into a relationship and the circumstances appear too good to be true, you should proceed with caution.#mostcommonscams #onlinesscam #datingscam #lovescam #romanticscam #scammers #catfishingstory #cyberfraud #internetfraud#fraud #crime #LearnOnTik Tok #scammers #GetAnswers #security #onlinesecurity#scammeralet #scam #gofundme #victimofscam @nmap_breaker #hackedaccount #igothacked #igotscammed #scamalert #scameralert #newscamalert #jobscam #newaccount  #fraud #facebookmarketplacescam #lovescam#romancescam  #accounthelp",,https://www.instagram.com/p/CzTRebMIZYb/,0,0
cyber_wizard21,".
.
.
.
.• #lostandfoundcat #lostandfounddog #lostandfoundexhibition #lostandfoundpets #lostanimal #nft #ransomware #recoveraccount #recoverfacebook #wallet #bitcoinrecoverycompany #catfishingstory #cheating #cheatingindianwife #cyberfraud #disabledfacbook #dubai #facebookhack #gothacked #hackathon #hacktwitter #healing #helpcenter #howtorecoverfacebookaccount #howtorecoverlostbitcoin #howtorecoverlostcrypto #privateinvestigator #cheatingspouseinvestigations #gotbannedforlife #gotbannedfromwalmart",,https://www.instagram.com/p/C8kiLSGoFTl/,0,0
kendrick_techx,".
.
.

• #howtospy #insta #stolenmoney #accounthelp #disabledaccount #fakeprofile #googlelocation #hackersroom #igothack #igotscam #ineedlegithackers #snapchatrecovery #accesslocation #bannedinstagram #fyp #nft #ransomware #recovery #scamvictim #snapchat #viral #wallet #hackwhatsapp #blockchain #cheating #gotscam #catfishingstory #cyberfraud #cybersecurity #facebook",,https://www.instagram.com/p/C73pnQVAWoG/,0,0
ultimate_recoverytech,#hackediphone #hackingiphone #igotdisable #igotdisabledfor30days #infidelityinrelationships #love #recovery #securityexpert #selfienation #selfietime #socialmediarecovery #helpcenter #money #securitybreak #securitytools #seguridad #selfie #simswapattack #smallbusiness #smart #smartphone #smartphonehacking #smartphoneshacked #bitcoinrecoverycompany #catfishingstory #cheatingindianwife #cyberfraud #disabledaccount #disabledfacbook #dubai,,https://www.instagram.com/p/C6wtkKqgBLl/,0,0
meyohacks_recovery,"Hire A Hacker To Catch A Cheating Spouse How to hack my wife's phone text messages When you're married , it seems like trust is the most important thing in a relationship . Unfortunately , not everyone is trustworthy . If you suspect that your wife is cheating on you , odds are he has been hiding something from you- like mobile phone text messages of him flirting with other women . When it comes down to it , though should we blame people for cheating or should we blame the person ?
 #mostcommonscams #onlinesscam #datingscam #lovescam #romanticscam #scammers #catfishingstory #cyberfraud #internetfraud #fraud #crime #LearnOnTikTok #scammers #GetAnswers #security #onlinesecurity #scammeralet #scam #gofundme #victimofscam #hacked account #igothacked #igotscammed #scamalert #scameralert #newscamalert #jobscam #newaccount #fraud #facebookmarketplacescam #lovescam #romancescam #accounthelp",,https://www.instagram.com/p/C7U4x_TNCbz/,0,0
briantechmaniac,"When perpetrators of romantic scams succeed in making their victims feel emotionally invested in them, the victims have a hard time believing that they are actually communicating with a con artist, even after being warned.

Even more disturbingly, con artists can foster a genuine emotional connection with their victims, to the point where they begin to imagine a future with them.

It’s important to be cautious about sending money to someone you don’t know while doing business online. If someone tries to woo you into a relationship and the circumstances appear too good to be true, you should proceed with caution. #mostcommonscams #onlinesscam #dating scam #lovescam #romanticscam

#scammers #catfishingstory #cyberfraud #internetfraud #fraud #crime #LearnOnTik Tok #scammers #GetAnswers #security #onlinesecurity#scammeralet #scam #gofundme #victimofscam @ducanhacks #hackedaccount #igothacked #igotscammed #scamalert #scameralert #newscamalert #jobscam #newaccount #fraud #facebookmarketplacescam #lovescam#romancescam #accounthelp",,https://www.instagram.com/p/C_aSdfmtr1J/,0,0
meyohacks_recovery,"Hire A Hacker To Catch A Cheating Spouse How to hack my wife's phone text messages When you're married , it seems like trust is the most important thing in a relationship . Unfortunately , not everyone is trustworthy . If you suspect that your wife is cheating on you , odds are he has been hiding something from you- like mobile phone text messages of him flirting with other women . When it comes down to it , though should we blame people for cheating or should we blame the person ?
 #mostcommonscams #onlinesscam #datingscam #lovescam #romanticscam #scammers #catfishingstory #cyberfraud #internetfraud #fraud #crime #LearnOnTikTok #scammers #GetAnswers #security #onlinesecurity #scammeralet #scam #gofundme #victimofscam #hacked account #igothacked #igotscammed #scamalert #scameralert #newscamalert #jobscam #newaccount #fraud #facebookmarketplacescam #lovescam #romancescam #accounthelp",,https://www.instagram.com/p/C7U4z29Nih1/,0,0
meyohacks_recovery,"Hire A Hacker To Catch A Cheating Spouse How to hack my wife's phone text messages When you're married , it seems like trust is the most important thing in a relationship . Unfortunately , not everyone is trustworthy . If you suspect that your wife is cheating on you , odds are he has been hiding something from you- like mobile phone text messages of him flirting with other women . When it comes down to it , though should we blame people for cheating or should we blame the person ?
 #mostcommonscams #onlinesscam #datingscam #lovescam #romanticscam #scammers #catfishingstory #cyberfraud #internetfraud #fraud #crime #LearnOnTikTok #scammers #GetAnswers #security #onlinesecurity #scammeralet #scam #gofundme #victimofscam #hacked account #igothacked #igotscammed #scamalert #scameralert #newscamalert #jobscam #newaccount #fraud #facebookmarketplacescam #lovescam #romancescam #accounthelp",,https://www.instagram.com/p/C7U42pUNX0x/,0,0
meyohacks_recovery,"Hire A Hacker To Catch A Cheating Spouse How to hack my wife's phone text messages When you're married , it seems like trust is the most important thing in a relationship . Unfortunately , not everyone is trustworthy . If you suspect that your wife is cheating on you , odds are he has been hiding something from you- like mobile phone text messages of him flirting with other women . When it comes down to it , though should we blame people for cheating or should we blame the person ?
 #mostcommonscams #onlinesscam #datingscam #lovescam #romanticscam #scammers #catfishingstory #cyberfraud #internetfraud #fraud #crime #LearnOnTikTok #scammers #GetAnswers #security #onlinesecurity #scammeralet #scam #gofundme #victimofscam #hacked account #igothacked #igotscammed #scamalert #scameralert #newscamalert #jobscam #newaccount #fraud #facebookmarketplacescam #lovescam #romancescam #accounthelp",,https://www.instagram.com/p/C7U44VWttnL/,0,0
meyohacks_recovery,"Hire A Hacker To Catch A Cheating Spouse How to hack my wife's phone text messages When you're married , it seems like trust is the most important thing in a relationship . Unfortunately , not everyone is trustworthy . If you suspect that your wife is cheating on you , odds are he has been hiding something from you- like mobile phone text messages of him flirting with other women . When it comes down to it , though should we blame people for cheating or should we blame the person ?
 #mostcommonscams #onlinesscam #datingscam #lovescam #romanticscam #scammers #catfishingstory #cyberfraud #internetfraud #fraud #crime #LearnOnTikTok #scammers #GetAnswers #security #onlinesecurity #scammeralet #scam #gofundme #victimofscam #hacked account #igothacked #igotscammed #scamalert #scameralert #newscamalert #jobscam #newaccount #fraud #facebookmarketplacescam #lovescam #romancescam #accounthelp",,https://www.instagram.com/p/C7U41LMtnmr/,0,0
meyohacks_recovery,"Hire A Hacker To Catch A Cheating Spouse How to hack my wife's phone text messages When you're married , it seems like trust is the most important thing in a relationship . Unfortunately , not everyone is trustworthy . If you suspect that your wife is cheating on you , odds are he has been hiding something from you- like mobile phone text messages of him flirting with other women . When it comes down to it , though should we blame people for cheating or should we blame the person ?
 #mostcommonscams #onlinesscam #datingscam #lovescam #romanticscam #scammers #catfishingstory #cyberfraud #internetfraud #fraud #crime #LearnOnTikTok #scammers #GetAnswers #security #onlinesecurity #scammeralet #scam #gofundme #victimofscam #hacked account #igothacked #igotscammed #scamalert #scameralert #newscamalert #jobscam #newaccount #fraud #facebookmarketplacescam #lovescam #romancescam #accounthelp",,https://www.instagram.com/p/C7U45q-tZ58/,0,0
