username,caption,media_path
globedetective,"This Valentine's Day, fall in love, but don't fall victim to romance scams.
The increase in online dating apps gives fraudsters an easy way into your life. The only way to avoid them is by staying educated and aware. Here are a few ways in which you can safeguard yourself.
.
.
.
#investigations #privateinvestigator #globalsecurityservices #safedating #valentinesday2022 #valentines2022 #datingonline #safevalentine #safevalentinesday #onlinedating #onlinedatingfail #onlinedatingscam #onlinedatingfraud #digitaldating #catfishing #backgroundcheck #backgroundchecks #onlinedatingtips #onlinedatingtips #onlinedatingadvice #privateinvestigation #privateinvestigation #privateinvestigator #privateinvestigators #GDA #cybersecuritytips #fraudinvestigationservices","[WindowsPath('C:/Users/hp/Desktop/Project/Full_code_Amala (1)/Full_code_Amala/downloads/globedetective_2773562288260188473.jpg'), WindowsPath('C:/Users/hp/Desktop/Project/Full_code_Amala (1)/Full_code_Amala/downloads/globedetective_2773562288234836191.jpg')]"
sweetish_jeff_2024,"This is awful, but it never ceases to amaze me how naive so many people are.  The “$38,000 Pyramid Scheme”? “I’ll take ‘Relationship Red Flags’ for the block”. 🤦‍♂️ #onlineromancescammers #onlinedatingfraud #onlinedating #pyramidscheme #relationshipredflags",C:\Users\hp\Desktop\Project\Full_code_Amala (1)\Full_code_Amala\downloads\sweetish_jeff_2024_2889018788209779355.jpg
tillysmithdix,A scammer calling itself Charlotte Shaw scams men on mature dating sites in the US and is using images of me from my fashion Instagram page. Even on this fake ID➡️ The mind boggles @60minutes9 #scammers #scammeralert #onlinedatingfraud #identitytheft #fbi #interpol #onlinefraud #charlotteshaw #charlotteshawscam #datingscams #usdatingsites,"[WindowsPath('C:/Users/hp/Desktop/Project/Full_code_Amala (1)/Full_code_Amala/downloads/tillysmithdix_2699801535441123297.jpg'), WindowsPath('C:/Users/hp/Desktop/Project/Full_code_Amala (1)/Full_code_Amala/downloads/tillysmithdix_2699801535458011484.jpg')]"
sixty_is_the_new_40,"Hoping our US tribe has recovered after all the delicious turkey and pumpkin pie🥂 Happy Thanksgiving weekend to all😘🙏

May our entire tribe savour a peaceful, happy weekend🥰

I give thanks to the amazing people in my life. The friends and family who get me and respect my boundaries. At some stage, there will be folks who let us down. Yes, forgiveness is key but at some point, we must decide what is best for us. When someone has no regard for our feelings and remain thoughtless in their actions and words, we must learn to cut the cord. Why? We matter. This also creates a space for new kind souls to enter our sphere. Grateful for such souls and the energy of our universe😍✨

Wearing a favourite summer knit dress with a pashmina of at least 18 years ago. I think these summer heels ➡️ work with this dress. High enough to feel dressed, low enough to be comfy at a long lunch🥂
Dress last Christmas @witcheryfashion - pashmina many Christmases ago in Austria - heels still current @midas_shoes ✨

A message to the scum still using my images with their fake US ID under the name #charlotteshaw and claiming to be part German, part English but a US citizen with a gravel voice, the net is closing in on you. Karma and the law are hard at work. Defrauding lonely older men on US mature dating sites is vile. Using my face to do so, not so smart. Your day of reckoning is close ⚠️ I know you follow me on IG #runcharlotterun ⛔️

#shopyourcloset #elegant #weekendvibes #mystyle #oodt #outfit #styletoday #fabover60 #styleover50 #gratitude #datingfraud #supportive-friends #thanksgiving #onlinedatingfraud #silversister #agelesselegance #agelesschic #lifestyleblogger #saturdaystyle #stylevibes #streetstylelook #midasshoes #witcheryfashion #outfitdujour #timelessstyle #agelessbeauty #silvergreyhair #naturalhair","[WindowsPath('C:/Users/hp/Desktop/Project/Full_code_Amala (1)/Full_code_Amala/downloads/sixty_is_the_new_40_2715765676081197845.jpg'), WindowsPath('C:/Users/hp/Desktop/Project/Full_code_Amala (1)/Full_code_Amala/downloads/sixty_is_the_new_40_2715765676114911866.jpg')]"
sixty_is_the_new_40,"I’m so with Linda’s post today @lindasstyletips - sick and tired of bogus followers. Fraud is rife on social media. Be cautious whom you follow and check new followers daily. I know having thousands of followers is good for our brands but sometimes less is more. Fake accounts are of no value to us. Identity theft, hacking, their list of evil is endless. A friend just had her IG account hacked🥲

The fraudulent Charlotte Shaw, using my photo on a fake US ID to defraud lonely gullible men on US dating sites, continues pure evil. I have blogged about it and the FBI has details about me and some of the men this despicable bottom feeder has conned. It describes itself as feminine-looking (using my face for fake account on mature dating sites, such as @silversingles US), but with a more masculine voice with a mix of German and British accent😤

So, please take care, lovelies, as our bogus followers target the rest of our tribe. Their tentacles are boundless. 

Sending hugs and good vibes to you all. If you are single and lonely, be extra careful on the net😘🌹 You are fabulous and deserve quality. Unhappy with life, change the daily routine. Start a hobby to meet likeminded people. You are enough🥂

Wearing my mesh knit dress, part of my ongoing birthday voucher gifts, in antique white @countryroad - love the brand as it caters for my petite size - hat @davidjonesstore on sale - Italian heels at least 20 years old - chain belt @davidjonesstore - vibing with Marvin Gaye, gone but never forgotten 🎶✨

#bewareofhackers #bewareofinternetdating #bewareofinternetscams #takecareofyou #dontbefooled #charlotteshaw #fakeidentity #fbi #datingscammers #onlinedatingfraud #behappy #fabover60 #agelessstyle #outfitideas #mystylemyway #easystyle #mylooktoday #feelingfabulous #ageless #effortlesschic #whatiworetoday #outfitstyle #womensupportingwomen #silversisters #stylehasnoage","[WindowsPath('C:/Users/hp/Desktop/Project/Full_code_Amala (1)/Full_code_Amala/downloads/sixty_is_the_new_40_2764270709748663240.mp4'), WindowsPath('C:/Users/hp/Desktop/Project/Full_code_Amala (1)/Full_code_Amala/downloads/sixty_is_the_new_40_2764288892869049383.jpg')]"
cyberprotectindia,"#DatingScam
#RomanceScam
#OnlineDatingFraud
#ScamAlert
#StaySafeOnline
#FraudPrevention
#ScamAwareness
#ProtectYourHeart
#InternetScams
#Catfishing",C:\Users\hp\Desktop\Project\Full_code_Amala (1)\Full_code_Amala\downloads\cyberprotectindia_3386460564439488864.webp
lilblogofbooks,"💌Keanu Reeves Is Not In Love With You 💔 by Becky Holmes 

Take a dive into the world of online romance fraud and hear the stories of people who have gone through it.
Featuring scripts used by scammers and first hand accounts of people who have been a victim.

Beckys own experiences with scammers were a particular highlight, especially the screenshot messages. From Prince Harry to Liam Neeson to (obviously) Keanu Reeves, it seems every celeb has slid in her DM's. Except Greg Davies.

I had tears on several occasions throughout this books, some which were tears of laughter and others pure sadness for the people who have lost so much through these scams.
This was a really interesting read that kept me engaged throughout. 

Thank you NetGalley and Unbound for a copy in exchange for an honest review.
.
.
.
.
#KeanuReevesIsNotInLoveWithYou #BeckyHolmes #Unbound #Unboundbooks #NetGalley #arcread #arcreader #bookstagram #bookreview #bookreviewer #bookreviewing #non-fiction #nonfiction #nonfictionbooks #onlinedatingfraud #ukbookstagram #currentread #currentlyreading #mondayreads",C:\Users\hp\Desktop\Project\Full_code_Amala (1)\Full_code_Amala\downloads\lilblogofbooks_3326341567953787867.webp
cybercrimes.cyberabad,"Online Dating Fraud:

#CYBERCRIMES #MATRIMONIALFRAUD #MARRIAGEONLINESCAMS #CYBERABADPOLICE #ONLINEFRAUD #OnlineDatingFraud

@cyberabadpolice
@cyberabadtrafficpolice @cyberabadsecuritycouncil @womenandchildrensafetywingcybd @sheteamcyberabad @eowcyb",C:\Users\hp\Desktop\Project\Full_code_Amala (1)\Full_code_Amala\downloads\cybercrimes.cyberabad_2447060065482198275.jpg
portalcomplaint,"If you are also a victim of online Scam Or Fraud, So don't worry we are here to help you, Just post your complaint on our website http://complaintportal.org
#complaintportal  #legal  #helpconsumer #yourvoiceagainstscam  #fraud #scam #onlinefraud #onlinedatingfraud #onlinedatingscam",C:\Users\hp\Desktop\Project\Full_code_Amala (1)\Full_code_Amala\downloads\portalcomplaint_2661805146217219538.jpg
michelle__frank_mazziotti__,"I MISS YOU SO MUCH! 😭💔 My broken heart may never heal. The last time I talked to you told me something I’ll never forget, at that moment I knew you still loved me and we would find our way back to each other. Then after you passed away your mother told me something you said to her that I’ll always hang onto 🥰. I just can’t believe you are gone 💔. You were just an innocent victim that evil thing found. She stole your life on earth for MONEY 😡! She took everything from you, your life, your money, your house, your social media accounts she changed the photos and text, she even tried stealing your Etsy store we started together but I put a stop to that. She stole my marriage, my life with MY husband! Her and her father took away a mother’s son, 2 children’s father, a brother, my husband for MONEY! I’m sure they are hunting down the next victim, PLEASE spread awareness about meeting foreigners online. They got away with this. We need help spreading awareness to help prevent another innocent persons life to be taken. He didn’t deserve this! If you google his name (Frank Mazziotti) a bunch of news stories will pop up, please share them! We would also appreciate all the prayers we can get to help give Frank justice. TYIA 💕 #frankmazziotti #frankharrisonmazziotti #onlinedatingfraud #onlinedatingnightmares #onlinedating #foreigndating #foreigner #mexico #mexicofraud #victim #lossoflife #alwaysinourhearts #rip #gonebutneverforgotten #lossofhusband #imissyou #family #homicide #victimofhomicide #angelfromheaven 💕",C:\Users\hp\Desktop\Project\Full_code_Amala (1)\Full_code_Amala\downloads\michelle__frank_mazziotti___3291693121594239587.jpg
morrisjonesinvestigations,"If you have met someone online but now suspect they are not who they claim to be, or worse, they are trying to coerce you into sending them money, they may be a fraudster. We can conduct a thorough search for you and evidence all of our findings in a detailed report, for your peace of mind. Please contact us in absolute confidence. Link to this news story in our stories.
.
.
#investigator #privateinvestigator #intelligence #UK #intel #investigation #dating #datingfraud #catfish #catfishing #fakeprofile #onlinedating #online #onlinedatingsites #onlinedating #yorkshire #onlinedatinguk #onlinedatingfraud #pigbutchering #pigbutcherscam #romancefraud #romancescam",C:\Users\hp\Desktop\Project\Full_code_Amala (1)\Full_code_Amala\downloads\morrisjonesinvestigations_3264730855489023608.jpg
morrisjonesinvestigations,"If you have met someone online but now suspect they are not who they claim to be, or worse, they are trying to coerce you into sending them money, they may be a fraudster. We can conduct a thorough search for you and evidence all of our findings in a detailed report, for your peace of mind. Please contact us in absolute confidence.
.
.
#investigator #privateinvestigator #intelligence #UK #intel #investigation #dating #datingfraud #catfish #catfishing #fakeprofile #onlinedating #online #onlinedatingsites #onlinedating #yorkshire #onlinedatinguk #onlinedatingfraud",C:\Users\hp\Desktop\Project\Full_code_Amala (1)\Full_code_Amala\downloads\morrisjonesinvestigations_2978454712607385962.mp4
bramptonnewsofficial,"What Police Say You Should Do When You’re Online Dating | Brampton-news

http://bit.ly/onlinedatingsafetytips 🌏👈👈👈👈👈👈 #onlinedatingfraud #datingtips #onlinedatingsafetytips #canadianpolice #canadapolice #bramptonnews #messagingonline #onlinedatingplatforms #safetytips #Catfishing #datingwebsites #datingsources #canada #brampton",C:\Users\hp\Desktop\Project\Full_code_Amala (1)\Full_code_Amala\downloads\bramptonnewsofficial_1943520999228564052.mp4
morrisjonesinvestigations,"If you have met someone online but now suspect they are not who they claim to be, or worse, they are trying to coerce you into sending them money, they may be a fraudster. We can conduct a thorough search for you and evidence all of our findings in a detailed report, for your peace of mind. Please contact us in absolute confidence.
.
.
#investigator #privateinvestigator #intelligence #UK #intel #investigation #dating #datingfraud #catfish #catfishing #fakeprofile #onlinedating #online #onlinedatingsites #onlinedating #yorkshire #onlinedatinguk #onlinedatingfraud",C:\Users\hp\Desktop\Project\Full_code_Amala (1)\Full_code_Amala\downloads\morrisjonesinvestigations_2977815083447286118.mp4
cyseckcoe,"Be careful while accepting friend requests from unknown profile on social media.

#Marchforcybersecurity 

#besecure #becybersecure #onlinedatingapp #onlinedatingfraud 

@drashwathcn @itbtgok @cyberdosti4c @sacumen@startup.karnataka @cybercrimecid @blrcitypolice @life_at_iisc @cyber_tech_society @cyberhq @cyberpeacefoundation @cyberversefoundation @deshpande_startups",C:\Users\hp\Desktop\Project\Full_code_Amala (1)\Full_code_Amala\downloads\cyseckcoe_3064661276843261923.jpg
arkose_labs,"A global user base, ease of use, and multi-billion dollars in revenue make a perfect recipe for online dating fraud. Online dating apps and websites are now obliged to preserve user experience while protecting their users from all forms of automated and human-driven online dating fraud.

Read more in our new blog here: https://bit.ly/2A022fA (same link in our bio! 🤓)
#onlinedatingfraud #fraudprevention #arkoselabs #saferinternet",C:\Users\hp\Desktop\Project\Full_code_Amala (1)\Full_code_Amala\downloads\arkose_labs_2338881356165116744.jpg
sallygriffithscoaching,"Just seen this new TV show reviewed on Gogglebox- such a real threat to trusting online daters with military scams alone resulting in £68 million being paid to fraudsters in 2019 😮
First time I’ve ever heard the expression ‘she was thinking with her tuppence’...
#BeFraudAware #AskMoreQuestions
#OnlineDatingFraud
#ProtectYourselfOnline
#DateSafely
#DontThinkWithYourTuppence",C:\Users\hp\Desktop\Project\Full_code_Amala (1)\Full_code_Amala\downloads\sallygriffithscoaching_2559940226666695948.jpg
stella.nazor,"While plenty of successful relationships begin online, not everyone using online dating is looking for love. Cyber criminals also use online dating sites, apps, and chat rooms to gain your trust, collect your personal information, and trick you into sending them money.
 
❤️ Some of the tips this week will focus on how to keep your heart and your money safe:

.
.
.
.
#CyberHygiene #PersonalCyberhygiene #Cyberhealthcheck #CyberSecurity #DataProtection #Onlinedating #Onlinedatingtips #onlinedatingfraud",C:\Users\hp\Desktop\Project\Full_code_Amala (1)\Full_code_Amala\downloads\stella.nazor_2957818192174248959.jpg
ezchargeback,"Online Scams: Imposter, Lottery & Online Dating Scams. Learn more here: https://ezchargeback.com/online-scams-imposter-lottery-online-dating-scams/ 

#datingscam #onlinedatingscam #onlinedatingfraud",C:\Users\hp\Desktop\Project\Full_code_Amala (1)\Full_code_Amala\downloads\ezchargeback_2867360351757644997.jpg
spyfluencer,"🛑 There are some tricky little tricksters out there who prey on men and women alike to get money! 
🙏🏻 Please, be so careful!! 
👀 Want to give them money? Like realllly want to? Hire a private investigator to find out if the person is even who they say they are FIRST! 
🛑 And if it feels wrong and you are hiding it from your friends and family- IT IS WRONG. 
👊🏻Protect yourself at all costs! 
.
.
.

#investigator #privateinvestigator #privateeye #investigation #osint #PI #goldcoast #brisbane #sydney #fraud #fraudawareness #dating #onlinedating #catfish #onlinedatingfraud",C:\Users\hp\Desktop\Project\Full_code_Amala (1)\Full_code_Amala\downloads\spyfluencer_2745754868498209035.mp4
crshroyaloak,"READ @crshroyaloak Director, @drjoekort’s #newarticle on #catfishingscams @theoaklandpress. OUT NOW!
•
🔗 https://bit.ly/3qrJpXd 
#clicklinkinbio 
•
Follow Dr. Kort’s tips to avoid becoming a 🐱🐠 victim this #holidayseason 
•
Need relationship support?
☎️ 248.399.7447
📧 officemgr@crsh.com
.
.
.
.
.
.
.
#romancescams #datingscams #onlinedatingfraud #romancescammersdontloveyou  #onlineidentitytheft #socialmedia #oaklandpress #scammeralert #fakelove💔 #relationshipadvice #certifiedcoach #certifiedcounselors #certifiedtherapists😇 #therapistsofinstagram #royaloakmichigan #yourlocaltherapist #therapistlife  #stopbeingnaive #besafeonline",C:\Users\hp\Desktop\Project\Full_code_Amala (1)\Full_code_Amala\downloads\crshroyaloak_2456214797114305633.jpg
spyfluencer,"🛑 There are some tricky little tricksters out there who prey on men and women alike to get money! 
🙏🏻 Please, be so careful!! 
👀 Want to give them money? Like realllly want to? Hire a private investigator to find out if the person is even who they say they are FIRST! 
🛑 And if it feels wrong and you are hiding it from your friends and family- IT IS WRONG. 
👊🏻Protect yourself at all costs! 
.
.
.

#investigator #privateinvestigator #privateeye #investigation #osint #PI #goldcoast #brisbane #sydney #fraud #fraudawareness #dating #onlinedating #catfish #onlinedatingfraud",C:\Users\hp\Desktop\Project\Full_code_Amala (1)\Full_code_Amala\downloads\spyfluencer_2745758860745791355.mp4
bhd_tv,"Have you ever been deceived by how someone presented themselves online? Here is a classic case of a #selfiesunday #fail ⠀
Share your stories with us! #falseadvertisement #lovecrime #beyourself #onlinedating #fraud #onlinedatingfail #onlinedatingfraud",C:\Users\hp\Desktop\Project\Full_code_Amala (1)\Full_code_Amala\downloads\bhd_tv_1555499557525427083.jpg
portalcomplaint,"If you are also a victim of online Scam Or Fraud, So don't worry we are here to help you, Just post your complaint on our website http://complaintportal.org

#complaintportal  #legal  #helpconsumer #yourvoiceagainstscam  #fraud #scam #onlinefraud #onlinedatingfraud #onlinedatingscam",C:\Users\hp\Desktop\Project\Full_code_Amala (1)\Full_code_Amala\downloads\portalcomplaint_2647184002760213900.jpg
portalcomplaint,"If you are also a victim of online Scam Or Fraud, So don't worry we are here to help you, Just post your complaint on our website http://complaintportal.org

#complaintportal  #legal  #helpconsumer #yourvoiceagainstscam  #fraud #scam #onlinefraud #onlinedatingfraud #onlinedatingscam",C:\Users\hp\Desktop\Project\Full_code_Amala (1)\Full_code_Amala\downloads\portalcomplaint_2648631616563170073.jpg
portalcomplaint,"If you are also a victim of online Scam Or Fraud, So don't worry we are here to help you, Just post your complaint on our website http://complaintportal.org

#complaintportal  #legal  #helpconsumer #yourvoiceagainstscam  #fraud #scam #onlinefraud #onlinedatingfraud #onlinedatingscam",C:\Users\hp\Desktop\Project\Full_code_Amala (1)\Full_code_Amala\downloads\portalcomplaint_2654497120599243321.jpg
portalcomplaint,"If you are also a victim of online Scam Or Fraud, So don't worry we are here to help you, Just post your complaint on our website http://complaintportal.org

#complaintportal  #legal  #helpconsumer #yourvoiceagainstscam  #fraud #scam #onlinefraud #onlinedatingfraud #onlinedatingscam",C:\Users\hp\Desktop\Project\Full_code_Amala (1)\Full_code_Amala\downloads\portalcomplaint_2657402020068947245.jpg
portalcomplaint,"If you are also a victim of online Scam Or Fraud, So don't worry we are here to help you, Just post your complaint on our website http://complaintportal.org #cybersecurity #privacy #phishing #law
#complaintportal #legal #helpconsumer #yourvoiceagainstscam #fraud #scam #onlinefraud #onlinedatingfraud #onlinedatingscam",C:\Users\hp\Desktop\Project\Full_code_Amala (1)\Full_code_Amala\downloads\portalcomplaint_2668319191732636111.jpg
portalcomplaint,"Professor said time is greater than money. 

If you don't to be a part of an online Scam Or Fraud, So listen to Professor's  Word. Take your time Before payment online.

Quotes Credit:- Money Heist

#complaintportal #legal #helpconsumer #yourvoiceagainstscam #fraud #scam #onlinefraud #onlinedatingfraud #onlinedatingscam #MoneyHeist",C:\Users\hp\Desktop\Project\Full_code_Amala (1)\Full_code_Amala\downloads\portalcomplaint_2658046051874715983.jpg
portalcomplaint,"If you are also a victim of online Scam Or Fraud, So don't worry we are here to help you, Just post your complaint on our website http://complaintportal.org

#complaintportal #legal #helpconsumer #yourvoiceagainstscam #fraud #scam #onlinefraud #onlinedatingfraud #onlinedatingscam",C:\Users\hp\Desktop\Project\Full_code_Amala (1)\Full_code_Amala\downloads\portalcomplaint_2663113908869795317.jpg
portalcomplaint,"If you are also a victim of online Scam Or Fraud, So don't worry we are here to help you, Just post your complaint on our website http://complaintportal.org
#complaintportal #legal #helpconsumer #yourvoiceagainstscam #fraud #scam #onlinefraud #onlinedatingfraud #onlinedatingscam",C:\Users\hp\Desktop\Project\Full_code_Amala (1)\Full_code_Amala\downloads\portalcomplaint_2663911925965282878.jpg
morrisjonesinvestigations,"If you have met someone online but now suspect they are not who they claim to be, or worse, they are trying to coerce you into sending them money, they may be a fraudster. We can conduct a thorough search for you and evidence all of our findings in a detailed report, for your peace of mind. Please contact us in absolute confidence.
.
.
#investigator #privateinvestigator #intelligence #UK #intel #investigation #dating #datingfraud #catfish #romancefraud #catfishing #fakeprofile #onlinedating #online #onlinedatingsites #yorkshire #onlinedatinguk #onlinedatingfraud",C:\Users\hp\Desktop\Project\Full_code_Amala (1)\Full_code_Amala\downloads\morrisjonesinvestigations_3037154870091982118.jpg
