username,caption,media_path,post_url,likes,comments
cyberabadpolice,"Be aware, be informed: Educate yourself about common online dating scams and learn how to protect yourself from potential risks.

#DatingApps #Dating #DatingFrauds #CyberabadPolice",C:\Users\hp\Desktop\Project\Full_code_Amala (1)\Full_code_Amala\downloads\cyberabadpolice_3138135350667475891.mp4,https://www.instagram.com/p/CuM5XmRoXuz/,143,0
cyberabadsecuritycouncil,"SCSC conducted a safety awareness session for all NGOs across Hyderabad. 

Safety aspects pertaining to Women, Cyber, and Road safety were discussed in an interactive program. It was wonderful to be amidst people who work with zeal and energy to make society better for each one of us. 

@Sanghamitra, a network of NGO's and @Vikas Katragadda @Youth for Seva  @Pratyusha Sharma @Lalita Tims guest speakers for the session

#women #womensafety #childhelpline #childsafety #crimes #onlinefrauds #datingfrauds #dating #bealert, #besecure, #margadarshak #sanghamitra #bullying #marriagefruads #fruads #smartphoneaddiction, #domesticvoilence

@cyberabadpolice @pratyusha.sharma45
@caprioska_with_a_twist @saradabh_   @ashrafarnaz @dcp_madhapur_cyb @Lalita tims @sripradhabandi",C:\Users\hp\Desktop\Project\Full_code_Amala (1)\Full_code_Amala\downloads\cyberabadsecuritycouncil_3226410081638216956.webp,https://www.instagram.com/p/CzGgt__yPT8/,9,0
cyberabadsecuritycouncil,"🧒📚 Parenting Wisdom 🌟

Teach your child this valuable lesson: Don't take anything from strangers EXCEPT knowledge and kindness. 🧡🚫

In a world filled with information, let curiosity be their guide and kindness their currency.

Empower them to learn, grow, and spread kindness while staying safe and cautious in an ever-changing world.

 #ParentingTips #SafetyFirst #KnowledgeAndKindness #SafetyClubHyd #Schoolsafetyclub #SchoolClubsHyderabad #ChildsafetyClubs #SafetyClubs#women #womensafety #childhelpline #childsafety #crimes #onlinefrauds #datingfrauds #dating #bealert, #besecure🚸👩‍👧‍👦

@cyberabadpolice @pratyusha.sharma45
@caprioska_with_a_twist @saradabh_ @ashrafarnaz @dcp_madhapur_cyb @sripradhabandi",C:\Users\hp\Desktop\Project\Full_code_Amala (1)\Full_code_Amala\downloads\cyberabadsecuritycouncil_3206045898517443664.jpg,https://www.instagram.com/p/Cx-KcIiuvRQ/,4,0
cyberabadsecuritycouncil,"Gitanjali Devakul school has organized a safety workshop in partnership with the Society  for Cyberabad Security Council and She Team, focusing on the safety of mothers and students.

The session was conducted for parents and students of Std VI to X and about 200 parents and students were part of the program, with children sharing their experiences on the digital platform and trying their hand on Dial 100 services. 

@cyberabadpolice @pratyusha.sharma45
@caprioska_with_a_twist @saradabh_   @ashrafarnaz @dcp_madhapur_cyb @Lalita tims @sripradhabandi

#women #womensafety #childhelpline #childsafety #crimes #onlinefrauds #datingfrauds #dating #bealert, #besecure, #margadarshak #sanghamitra #bullying #marriagefruads #fruads #smartphoneaddiction, #domesticvoilence",C:\Users\hp\Desktop\Project\Full_code_Amala (1)\Full_code_Amala\downloads\cyberabadsecuritycouncil_3230065520175300371.webp,https://www.instagram.com/p/CzTf3obST8T/,10,0
cyberabadsecuritycouncil,"🤐💬 Words Can Be Deadly; Think Before You Text/Talk! 💬🤐
 
 Remember, our words hold immense power. Choose kindness, empathy, and positivity in every message you send or conversation you have. 🌟
 
 #ChooseWordsWisely #ThinkBeforeYouSpeak #PowerOfWords
#women #womensafety #childhelpline #childsafety #crimes #onlinefrauds #datingfrauds #dating #bealert, #besecure, #margadarshak #sanghamitra #bullying #marriagefruads #fruads",C:\Users\hp\Desktop\Project\Full_code_Amala (1)\Full_code_Amala\downloads\cyberabadsecuritycouncil_3192899015637835608.webp,https://www.instagram.com/p/CxPdLzuyZ9Y/,7,0
cyberabadsecuritycouncil,"Being loud, proud, and unafraid when addressing harassment can send a powerful message that it will not be tolerated. 

 💪 Let's stand together to create a world where everyone feels safe and respected. Your voice is your power! 

#Empowerment #NoToHarassment #StandUp#women #womensafety #childhelpline #childsafety #crimes #onlinefrauds #datingfrauds #dating #bealert, #besecure",C:\Users\hp\Desktop\Project\Full_code_Amala (1)\Full_code_Amala\downloads\cyberabadsecuritycouncil_3228575788016183857.webp,https://www.instagram.com/p/CzONJLPIaox/,7,0
cyberabadsecuritycouncil,"🤝💬 Sometimes, Actions Aren't the Whole Story 💬🤷‍♀
 
 🤗Remember, a glance isn't always signal, a laugh isn't leading you on, a handshake doesn't imply interest, and a hug may not be what it seems.
 
 🚫 Listen, respect boundaries, and communicate clearly.🗨️ 
 
 #RespectBoundaries #ClearCommunication #ConsentMatters #ActionsAndWords #UnderstandingMatters#women #womensafety #childhelpline #childsafety #crimes #onlinefrauds #datingfrauds #dating #bealert, #besecure, #margadarshak #sanghamitra #bullying

@cyberabadpolice @pratyusha.sharma45
@caprioska_with_a_twist @saradabh_ @ashrafarnaz @dcp_madhapur_cyb @Lalita tims @sripradhabandi","[WindowsPath('C:/Users/hp/Desktop/Project/Full_code_Amala (1)/Full_code_Amala/downloads/cyberabadsecuritycouncil_3227007889644362428.webp'), WindowsPath('C:/Users/hp/Desktop/Project/Full_code_Amala (1)/Full_code_Amala/downloads/cyberabadsecuritycouncil_3227007889971570958.webp'), WindowsPath('C:/Users/hp/Desktop/Project/Full_code_Amala (1)/Full_code_Amala/downloads/cyberabadsecuritycouncil_3227007889988246230.webp')]",https://www.instagram.com/p/CzIopaUI1OD/,19,0
keanureevesfanart,"Yessss, finally they do something against these scammers and frauds. They caught suspected members of a Nigerian Mafia group here in Germany!💪

So now it's proven again to who you talk when someone says he is Keanu Reeves or a other celeb! It's a scammer!!! 

Here is an article of @barrons about it:

German police said Wednesday they had arrested 11 suspected members of a Nigerian mafia group behind a large-scale dating scam.

The Black Axe gang was involved internationally in ""multiple areas of criminal activity"", with a focus in Germany on romance scams and money-laundering, Bavarian police said in a statement.

The dating trick was a ""modern form of marriage fraud"", police said.

""Using false identities, the fraudsters for example signalled their intention to marry and in the course of further contact repeatedly demand money under various pretexts,"" police said.

The money was subsequently transferred to Black Axe in Nigeria ""via financial agents"", authorities said.

In the process, the gang used a ""commodity-based money laundering"" scheme where products, often with a seeming ""charitable purpose"" were bought and delivered to Nigeria.

Some 450 cases of romance scamming had been reported in the region of Bavaria in 2023 alone, with the damages rising to 5.3 million euros ($5.7 million), police said.

The suspects, who all held Nigerian citizenship and were aged between 29 and 53, were arrested in nationwide raids on Tuesday.

Law enforcement swooped on 19 properties, including both homes and asylum shelters, police said.

The Black Axe gang had ""strict hierarchical structures under leadership in Nigeria"" operating different territorial units, police said.

The group had a ""significant influence"" on politics and public administrations, in particular in Nigeria.

Globally, the gang's main areas of operation were ""human-trafficking, fraud, money-laundering, prostitution and drug-trafficking"".

🔗Click the link in Story for the full article

#keanurerves #keanureevesisnotonsocialmedia #scammers #datingfrauds #bewareofscammers",C:\Users\hp\Desktop\Project\Full_code_Amala (1)\Full_code_Amala\downloads\keanureevesfanart_3353397221280701778.webp,https://www.instagram.com/p/C6JqQF1N91S/,176,77
cyberabadsecuritycouncil,"👹✖️ Far from flattering. It's frightening. ✖️👹
 
 Sometimes, the truth can be unsettling, but acknowledging it is the first step towards making positive changes. 💪
 
 #FaceTheTruth #SelfAwareness #ChangeForTheBetter #women #womensafety #childhelpline #childsafety #crimes #onlinefrauds #datingfrauds #dating #bealert, #besecure, #margadarshak #sanghamitra #bullying #marriagefruads #fruads

@cyberabadpolice @lalita tims @pratyusha.sharma45
@caprioska_with_a_twist @saradabh_ @dcp_madhapur_cyb @sripradhabandi",C:\Users\hp\Desktop\Project\Full_code_Amala (1)\Full_code_Amala\downloads\cyberabadsecuritycouncil_3189976031929538107.webp,https://www.instagram.com/p/CxFEkzBK5Y7/,6,0
cyberabadsecuritycouncil,"SCSC’s Women's Forum conducted a Safety awareness Session, for the Staff of UST Global on 13th December 2023.

Total Head Count: ~150

Topics Covered: 

'Who are the Stakeholders of safety', safety initiatives and programs from SCSC, Important safety tips for women, Helpline numbers, Basic legal rights and laws available for women, Real time case scenarios with essential tips and to stay safe online. A self defence demo was also organized.

Speakers present at the Session: Vishnupriya Saksena, SCSC Women's Forum, Inspector Sathyanarayana, CCRB, Cyberabad,
Self defence instructors, Karate Lakshmi and Master Ravi, Lalita Tims, SCSC Secretariat

The audience was very participative and interacted with the speakers cheerfully. Received wonderful feedback from the staff.

#women #womensafety #childhelpline #childsafety #crimes #onlinefrauds #datingfrauds #dating #bealert, #besecure, #margadarshak #sanghamitra #bullying #marriagefruads #fruads #smartphoneaddiction, #domesticvoilence #child #awareness, #telanganapolice #telangana #loanappsfrauds #youthsafety

@cyberabadpolice @pratyusha.sharma45
@caprioska_with_a_twist @saradabh_ @ashrafarnaz @dcp_madhapur_cyb @Lalita tims @sripradhabandi",C:\Users\hp\Desktop\Project\Full_code_Amala (1)\Full_code_Amala\downloads\cyberabadsecuritycouncil_3257392927647252575.webp,https://www.instagram.com/p/C00lZv6SMBf/,6,0
