username,caption,media_path,post_url,likes,comments
luketrotamundos,"Anda, anda, tranca…
.
.
.
.
.
.
.
.
.
.
.
.
.
.
.

.
.
#gran #granhermano #granhermano2022 #granhermanoargentina #primo #primogh #marcosgh #marcosgh2023 #marcosgh22 #marcosgh23 #marcosgh2022 #camilagh #camilagh2022 #crush #match #cita #tindermemes #tindernightmares #hpnn #apps",,https://www.instagram.com/p/Cojj3IRNRrt/,3,129
iodonna_it,"Domanda forte ma spontanea se avete visto il film “Woman of The Hour” 👀

Voi quali altri consigli avete da darci? 👇
.
.
.
#womanofthehour #netflixmovies #netflixoriginals #annakendrick #truecrime #truecrimecommunity #truecrimepodcast #tindernightmares #tinderdate #tinderstories #primoappuntamento",,https://www.instagram.com/p/DBbseS9ol20/,2073,52
pseudopasdispooo,#love #tinder #tindermemes #celibatante #lovecoach #tindernightmares #meetic #meeticfrance,,https://www.instagram.com/p/DBbhjM-oLcc/,1,0
datenightbrands,"Stay safe out there 😅🫣

Follow @DateNightBrands for more ❤️

#relationshipmemes #couplegoals #funnycouples #ai #remini #datingmemes #couplevideos #datingproblems #loveandlaughter #relationshipgoals #relationshipreels #relationships #couples #datingmemes #datinglife #aiphotos #tindernightmares #icanrelate #friendshipmemes #tinder #breakups #redflag #funnygram #singleproblems #relatable",C:\Users\hp\Desktop\Project\Full_code_Amala (1)\Full_code_Amala\downloads\datenightbrands_3155030304985130149.mp4,https://www.instagram.com/p/CvI61ioOySl/,1873,35
ced_lhumournoir,#tindernightmares,C:\Users\hp\Desktop\Project\Full_code_Amala (1)\Full_code_Amala\downloads\ced_lhumournoir_3161819676489642929.jpg,https://www.instagram.com/p/CvhCj5lAXOx/,1111,33
dating_belike,"Dating be like… 🙄 
.
.
.
.
#datinginla #dating #tinder #whydomen #relationships #datingin2024 #men #datingapp #datingapps #hinge #tinderfail #datingmen #losangeles #fboy #tinderfails #tindernightmares #hingenightmares #datinglife #datingproblems #datingsucks #onlinedating #datinginyour30s #datinginyour20s #insecure #toxicpeople #toxic #dumb #projection #manipulation #toxicmasculinity",C:\Users\hp\Desktop\Project\Full_code_Amala (1)\Full_code_Amala\downloads\dating_belike_3488135584327499717.jpg,https://www.instagram.com/p/DBoWNVAPX_F/,3,3
insertwittybio,"Can people stop lying about their age? It's so gross to try to trick people into searching outside their own criteria! 

#tinderprofile #tindernightmares #redflags🚩 #lieslieslies #datingappfail #datinghorrors #datingappssuck ##datingat40 #datinglife #liarliar",C:\Users\hp\Desktop\Project\Full_code_Amala (1)\Full_code_Amala\downloads\insertwittybio_3482307844695635625.heic,https://www.instagram.com/p/DBTpIjho7ap/,0,0
sommertothill,"Was he the drama? He was the drama.
.
#MillenialDating #Rebound #DumpHim #SingleMums #LeaveYourHusband #CrazyEx #DivorcedLife  #EmotionalLabor #SingleDads #Objectification #MaleGaze #TinderNightmares #DivorcedDad #GenZDating",C:\Users\hp\Desktop\Project\Full_code_Amala (1)\Full_code_Amala\downloads\sommertothill_3269512126829691360.mp4,https://www.instagram.com/p/C1fo_TshAHg/,1973,76
radiofm4,"„I’m just really tired of having the same cryptocurrency conversation”😴 Comedian Aislinn Kane über Tinder in Österreich und Dates mit Männern in der #FM4HappyHour.

Zum ganzen Set 👉 Link in Bio!
@callmeashleykay #comedy #standupcomedy #dating #tindernightmares #tinderfail",,https://www.instagram.com/p/CtBgA6wImVb/,760,61
dating_belike,"Dating be like… do men just want an audience?
.
.
.
.
#datinginla #dating #tinder #whydomen #relationships #datingin2024 #men #datingapp #datingapps #hinge #tinderfail #datingmen #losangeles #fboy #tinderfails #tindernightmares #hingenightmares #datinglife #datingproblems #datingsucks #onlinedating #datinginyour30s #datinginyour20s #insecure #toxicpeople #toxic #dumb #projection #manipulation #toxicmasculinity",C:\Users\hp\Desktop\Project\Full_code_Amala (1)\Full_code_Amala\downloads\dating_belike_3488131829385155481.jpg,https://www.instagram.com/p/DBoVWr8PFOZ/,2,5
leveledupelites,"It's in a mans nature to test women to see what category he'll put her in. 
All of them do it. 
They want to see what you will accept, reject, tolerate, how easy you are, and if you're really about the standards you preach about.
Men are very slick, and most are so subtle about it that you won't even know what's happening. 
The low value dusty will say certain things and do certain things to see how far he can go with you/use you right away.
The high value man is testing you to see if you have morals and standards for yourself and wants to see how you carry yourself,  if you're marriage material and if he can bring you around certain environments and events.
They test you in very different ways, but believe you, me, they are all testing you, sis. 
Stick to your high standards and your values, and you'll be fine. You'll even know what type of man he is based on the tests he gives you.

If you need specific scenarios and tests that men try you on, join close friends today. They will be posted today and not saved💚",C:\Users\hp\Desktop\Project\Full_code_Amala (1)\Full_code_Amala\downloads\leveledupelites_3105437292953184034.webp,https://www.instagram.com/p/CsYusO-uaci/,875,33
studio_stoutpoep,"Tinder.

#cartoon #memes #comic #comics #feminism #feminist #girlpower #tindernightmares #instacomics #igcomicfamily #gagcartoon #funnycartoons #humor",C:\Users\hp\Desktop\Project\Full_code_Amala (1)\Full_code_Amala\downloads\studio_stoutpoep_3215752145667531862.jpg,https://www.instagram.com/p/CygpYnoNqRW/,6249,46
chrismunchcomedy,"Oops, He did a thing! 😳😳❤️🤣🤣🤣

#comedy #cringe #tindernightmares #tinder #tatoo #tatoos #funny #laugh #awkward #dating",C:\Users\hp\Desktop\Project\Full_code_Amala (1)\Full_code_Amala\downloads\chrismunchcomedy_3120214167075892064.mp4,https://www.instagram.com/p/CtNOkDbsytg/,9682,784
dating_belike,"Dating be like… 
.
.
.
.
#datinginla #dating #tinder #whydomen #relationships #datingin2024 #men #datingapp #datingapps #hinge #tinderfail #datingmen #losangeles #fboy #tinderfails #tindernightmares #hingenightmares #datinglife #datingproblems #datingsucks #onlinedating #datinginyour30s #datinginyour20s #insecure #toxicpeople #toxic #dumb #projection #manipulation #toxicmasculinity",C:\Users\hp\Desktop\Project\Full_code_Amala (1)\Full_code_Amala\downloads\dating_belike_3487593131779426140.jpg,https://www.instagram.com/p/DBma3mszgdc/,3,1
mygumsarebleeding,"Choose your boyfriend 🤓❤️
•
•
•
•
#funny #funnymemes #funnymeme #funnyshit #memes #meme #memesdaily #dankmemes #edgymemes #lmao #lmaooo #relatable #relationships #hingenightmares #tindernightmares #tinder #men #boyfriend #igcomicfamily #instacomic #instacomics #comics #webcomic #webcomics #reddit #relationshipadvice #storytime #dating #datingadvice #datingmemes",,https://www.instagram.com/p/C_hPJF_RXyY/,1312,68
indiantinderimages,"If @atifaslam and @iambohemia has a daughter
.
.
.
.
.
.
.
.
#dates #dating #datingmeme #datingmemes #hinge #tinder #tindernightmares #hingenightmares #hingememes #comeback #combacks #datingapp #tinderfail #tindergirls",,https://www.instagram.com/p/C-CsaKESgOW/,1111,23
the_.thing_.is,#⛓ #datingadvice #datingapp #datingmemes #datingtips #datingcoach #tindernightmares #tinderfail #tindermemes #tinderfails #hinge #hingepartner #hingenightmares #bumble #homedecor #makeourdayscount #makeuptutorial #halloween #weddingday #makeovertime #costume #scififantasy #dnd #dndmemes #lovequotes #loveisblind #europa #edm,,https://www.instagram.com/p/DBl1TinxAFU/,44,8
dating_belike,"Dating be like… i dOnT lEt PoLiTiCs AfFeCt mE LiKe tHaT. yes he was white
.
.
.
.
#datinginla #dating #tinder #whydomen #relationships #datingin2024 #men #datingapp #datingapps #hinge #tinderfail #datingmen #losangeles #fboy #tinderfails #tindernightmares #hingenightmares #datinglife #datingproblems #datingsucks #onlinedating #datinginyour30s #datinginyour20s #insecure #toxicpeople #toxic #dumb #projection #manipulation #toxicmasculinity",,https://www.instagram.com/p/DBoWcsuvdqM/,1,3
manuhorazzi,"Hay que hacer un curso para mandar esa foto…
.
Por tickets siguen el link de la bio.
.
En @taburetecomedia.
.
.
#reels #reelsinstagram #standup #standupargentina #comedia #humor #sëxting #tindernightmares #show #manuhorazzi",,https://www.instagram.com/p/Ct9ONfxRPSQ/,5786,60
squirrels_only,"Catfished by a rat… Ratfished 😆

#firstdates #catfished #squirrel #rat #furryfriends #squirrellove #funnysquirrel #funnyanimals #tindernightmares #cutesquirrel #dinnerdates #catfishing #squirrels_only",,https://www.instagram.com/p/DAdv4Ojv3UE/,6943,118
runescape_daily_memes,"I don’t see the problem tbh 🤔 
.
Looking for some fun RuneScape clothing? Visit the webshop [LINK IN BIO👆]🧢👕🔥",,https://www.instagram.com/p/C97jPvMM15X/,2025,65
letsdoubledutch,"a match made in heaven 💋

#blinddate #datingtips #tindernightmares #tinderdate #fitdutchies #dutchiesofinstagram #dutchpeople #americansbelike #americansabroad #americanhighschool #highschool #firstdates #aardrijkskunde #shootingdrills #relatable #expatlife #expatsinthenetherlands #expatamsterdam #iamsterdam #datenight #daten",,https://www.instagram.com/p/CtRtanRodnt/,5121,86
dating_belike,"Dating be like… 
.
.
.
.
#datinginla #dating #tinder #whydomen #relationships #datingin2024 #men #datingapp #datingapps #hinge #tinderfail #datingmen #losangeles #fboy #tinderfails #tindernightmares #hingenightmares #datinglife #datingproblems #datingsucks #onlinedating #datinginyour30s #datinginyour20s #insecure #toxicpeople #toxic #dumb #projection #manipulation #toxicmasculinity",,https://www.instagram.com/p/DBmsLsey82x/,1,1
dating_belike,"Dating be like… 
.
.
.
.
#datinginla #dating #tinder #whydomen #relationships #datingin2024 #men #datingapp #datingapps #hinge #tinderfail #datingmen #losangeles #fboy #tinderfails #tindernightmares #hingenightmares #datinglife #datingproblems #datingsucks #onlinedating #datinginyour30s #datinginyour20s #insecure #toxicpeople #toxic #dumb #projection #manipulation #toxicmasculinity",,https://www.instagram.com/p/DBooxLAvNMN/,3,1
profgalloway,"Most romantic couples now meet online, which puts average people, especially average men, at a disadvantage. To be successful on dating sites, women need to signal first & foremost physical attractiveness (because that’s what it takes for most men). On the other hand, to be successful on dating sites, men need to signal a lot more than physical attractiveness — they need to signal earning potential, intelligence, humor, and graciousness. Those are hard to squeeze onto a profile pic. 

Healthier ways of meeting people — ways that give average people a chance — were happenstance, meeting at work (where rules allow it), meeting at bars or through friends. Whereas a woman’s attractiveness can be seen immediately, a man’s attractive qualities (stable job, intelligence) take *time* to unfold and demonstrate — time that dating apps don’t allow. 

Chart from #AdriftBook & stats mentioned in recent interviews w/ @smerconish & @billmaher. See also recent reel from #PivotPodcast in my feed, from Feb 14, 2023, feat. @lakshmi_pbtp talking about the slowness needed for romantic partners to get to know & like each other, and how online dating makes that difficult/impossible. 

DISCLAIMER:
I have never blamed, nor will I ever blame, women for this. Women *should* have a high bar, and the advances they have made are long overdue, admirable, and for the good of society. The solutions to this are in part better parenting & better male role models, and in part economic: we need more #thirdplaces where young people can meet in person, more vocational training where men who don’t want a college degree can get marketable skills & pursue great jobs, and I’ve proposed a national service program, like Habitat for Humanity or the Peace Corps, particularly as a gap year before college, where young people can work together, build compassion for people who aren’t like them, & meet in an organic way. More on this: profgalloway.com/more-babies

#failingyoungmen #onlinedating #tindernightmares #onlinedatingfail #genz #masculinity #onlinedatingsites #onlinedatingsucks",,https://www.instagram.com/p/CpOK4KsLdVJ/,6424,285
mykel_hilliard,"They are ruthless!!
.
.
.
.
.
.
.
#relationships #memes #reelsmemes #datingadvice #datingtips #tinder #tindernightmares #tindermemes #grindr #grindrmemes #gaydating #reactions #reactionboi #reactionboi💫 #memer #memesbrasil #memesbr",,https://www.instagram.com/p/DAfBq_BscZz/,20659,634
leveledupelites,"I'm not saying it's impossible to meet a decent man online.
I know how some of you ladies love to be exceptions to every rule. 
I'm saying you could prevent a lot of wasted time and exhaustion by meeting men in real life and feeling out their vibe right away before having to divulge information about yourself to people you might never even meet in real life and who don't meet your standards. 
Divulging information about yourself, what you want and expect, the blueprint to your heart and vagina for free?
I think not. 
Having men swipe on you left and right all day. 
Forgetting you in the rotation for the next best picture. 
None of it sounds high value or worth it to me PERSONALLY.
Meet men in REAL LIFE.
The apps are keeping you lazy, comfortable, and settling for connections that aren't even genuine.
So he gets to know all about you for nothing? 
Some of the apps are even designed to have women initiating with men first, deepening the sassy man Apocalypse we're in.
To me, online dating has been tainted.
98% of it is 🗑.
I also understand that some women have no choice but to date online because of circumstances. 
If you're going to date online, please leave the hookup apps alone. You know which ones they are.

Ladies, what are your thoughts on online dating?",,https://www.instagram.com/p/C2A3pGhO3-N/,1269,125
knock_knock_mother_phuker,"But she rejects you
.
.
.
.
.
.
.
.
.
#wwe #wwememes #wwememe #wwefunny #wwesmackdown #smackdown #deanambrose #solosikoa #johncena #dominikmysterio #damianpriest #willospreay #jonmoxley #sethrollins #romanreigns #randyorton #mjf #drewmcintyre #cmpunk #finnbalor #rhearipley #livmorgan #codyrhodes #kevinowens #tinder #tindermemes #tindernightmares #dating #datingmemes #datingmeme",,https://www.instagram.com/p/C9nL2RACYRg/,362,3
collegehockeybuzz,"Never fails 

 

#hockey #collegehockey #clubhockey #icehockey #hockeylife #hockeyislife #hockeyplayer #hockeyplayers #hockeytime #hockeyseason #hockeyskills #hockeyteam #hockeygram #studentathlete #acha #achahockey #aau #aauhockey #ncaa #ncaahockey #studentathletes #studentathlete #collegegameday #cawlidgehawkey #puck #pucklife #clubhockeyiscollegehockey #hockeymemes #hockeymeme #tinder #tindernightmares",,https://www.instagram.com/p/C8U34woutcl/,3794,4
rizzlinator,"Merry Rizzmas 😏😁
..
[ Follow us for daily rizz👇 ]
..
..
Follow Us : @rizzlinator
Follow Us : @rizzlinator
Follow Us : @rizzlinator
Follow Us : @rizzlinator
Follow Us : @rizzlinator
..
..
..
..
#tindergirls #tindermemes #memes #tinderfails #datingmemes #datingtips #predrinks #hookupculture #memesdaily #trending #tindernightmares #tinderella #tindertuesday #datingapp #pickuplines #pickuplines101 #rizz",,https://www.instagram.com/p/Crya6MNoJTU/,5088,9
hacker_.for_hire,DM me for all kind of hacking work #spy #igothacked #instagramhacked #accountgothacked #email #instagramhacker #hackedtiktok #hackinstagram #lockedaccount #whatappspy #twitter #emailhacks #tinderhack #whatapphack #tiktokhot #tiktokhacks #onlyfansgirls #tictokhot #whatapp #tindernightmares #itsecurity #facebookmessenger #hackedfacebook #infosecurity #whizsec #cybersafe #messenger #instagramgothacked #america #bannedtiktok,,https://www.instagram.com/p/DBkReFCq4iK/,1,0
love_laugh_live.lab,"Tip: never trust a stranger you met online 😌

#trendingreels #memes #relatable #love #mustwatch #lovelife #lovers #tips #datingtips #girlfriend #reels #trust #instadaily #instagood #explorepage#tindergirls #tinderboys #tinder #tindernightmares #tindermemes #tinderfail #tindervsreality",,https://www.instagram.com/p/DBMcqQlIqqS/,3,0
dating_belike,"Dating be like… 
.
.
.
.
#datinginla #dating #tinder #whydomen #relationships #datingin2024 #men #datingapp #datingapps #hinge #tinderfail #datingmen #losangeles #fboy #tinderfails #tindernightmares #hingenightmares #datinglife #datingproblems #datingsucks #onlinedating #datinginyour30s #datinginyour20s #insecure #toxicpeople #toxic #dumb #projection #manipulation #toxicmasculinity",,https://www.instagram.com/p/DBmONOPSSnK/,1,1
bloglikeamommy,The amount of times my daughter has told me to go out and date is absurd! Like leave me alone I want to be single forever 😂😂😂🫠🫠 #nodating #nodatinglife #single #tinder #hingenightmares #tindernightmares #notdating #foreversingle #singleforever,,https://www.instagram.com/p/DBXxgLiJVfu/,1113,34
goodweirdgal,"Dating is so much fun!
.
.
.
.
.
.
.
.
.
.
.
.
.
.
.
.
.
.
.
.
.
.
.
.
.
.
.
.
.
.
.
.
.
.
.
.
.
.
.
.
.
.
.
.
.
#datingapps #datingadvice #datingtips #wouldyourather #bluepill #whyareyourunning #datingmemes #hinge #hingenightmares #datingnightmares #bumble #tindernightmares",,https://www.instagram.com/p/C7y5u4QprqK/,893,29
rizzlinator,"I’d say checkmate 😉♟️
..
[ Follow us for daily rizz👇 ]
..
..
Follow Us : @rizzlinator
Follow Us : @rizzlinator
Follow Us : @rizzlinator
Follow Us : @rizzlinator
Follow Us : @rizzlinator
..
..
..
..
#tindergirls #tindermemes #memes #tinderfails #datingmemes #datingtips #predrinks #hookupculture #memesdaily #trending #tindernightmares #tinderella #tindertuesday #datingapp #pickuplines #pickuplines101",,https://www.instagram.com/p/C1zupEpokM5/,2690,15
dating_belike,"Dating be like… lemme just write you a novel 🙄 
.
.
.
.
#datinginla #dating #tinder #whydomen #relationships #datingin2024 #men #datingapp #datingapps #hinge #tinderfail #datingmen #losangeles #fboy #tinderfails #tindernightmares #hingenightmares #datinglife #datingproblems #datingsucks #onlinedating #datinginyour30s #datinginyour20s #insecure #toxicpeople #toxic #dumb #projection #manipulation #toxicmasculinity",,https://www.instagram.com/p/DBoVtklP8c9/,1,3
rizzlinator,"Works most of the times 😉👌
..
[ Follow us for daily rizz👇 ]
..
..
Follow Us : @rizzlinator
Follow Us : @rizzlinator
Follow Us : @rizzlinator
Follow Us : @rizzlinator
Follow Us : @rizzlinator
..
..
..
..
#tindergirls #tindermemes #memes #tinderfails #datingmemes #datingtips #predrinks #hookupculture #memesdaily #trending #tindernightmares #tinderella #tindertuesday #datingapp #pickuplines #pickuplines101",,https://www.instagram.com/p/C20lYkLIJOP/,3592,48
rizzlinator,"Copy and paste this to win 😉💯
..
[ Follow us for daily rizz👇 ]
..
..
Follow Us : @rizzlinator
Follow Us : @rizzlinator
Follow Us : @rizzlinator
Follow Us : @rizzlinator
Follow Us : @rizzlinator
..
..
..
..
#tindergirls #tindermemes #memes #tinderfails #datingmemes #datingtips #predrinks #hookupculture #memesdaily #trending #tindernightmares #tinderella #tindertuesday #datingapp #pickuplines #pickuplines101",,https://www.instagram.com/p/CzJwc1GortC/,3332,13
leveledupelites,"Now, SIR. 😫
The first red flag is the @ rapupdatestv in his profile.
The 2nd is ""female""🤢🚩.
Any man who refers to women as females is an automatic NO! 
Bragging about a $10 tip like it's even $100 is CRAZY😭. Where did you take sis? Olive garden?
The waitress applauding and validating your foolery makes it even worse, but we know pick mes will pick. 
They accept any and everything. 
Why is a grown man like yourself choosing to test a grown woman in this matter? 
Sis is me, and I am sis.
No explanations, no nothing. Up and out! Good for her! 
Play with your mammy, not me.
If she's beautiful and things are going well, why in his dust mcruff mind, would he play with sis like that? 
Play stupid games, win silly prizes. Now you missed out on something good, and you're still harboring on it 2 weeks later because you failed, sir. You f'd around, and you found out right away. That's a woman who knows her worth. I do question her choice in men judging from the picture, but that's another story. He's absolutely the wrong target. It's always THEM LORD. Jeremiah fly needs to fly away. The pose, the shirt, the name, just ewwwww. 
""I never spoke to her after that,"" sir, she never spoke to you after she cleared the spot 😭😭🤣🤣🤣 take your L in peace. 
Ladies, please stop choosing the wrong targets. All they have to offer is low value experiences. It'll never be worth it. What would you ladies have done in this situation???? I just can't!
The fact that he wasn't even embarrassed enough to bring this to the internet is BEYOND ME!
Test me sir. I will FAIL ON PURPOSE!",,https://www.instagram.com/p/C-flAuOu7St/,3,198
the_swindler_of_tinder,"Tinder story 45. The Amy solution.

#tinder #tinderfail #tindernightmares #comedy #dating #animation #funny #funnyanimals #redditreadings #couplegoals #pickupline #fyp",,https://www.instagram.com/p/DBpDGETRsMd/,2,0
hannahlouise81,"these lyrics are so relevant now I’m back on the dating scene 🥲

#pleaseplease #sabrinacarpenter #dating #datingtips #makeuptutorial #glamgirl #redhead #redheads #hinge #tindernightmares #londonlife #londongirl #ootd #ootn",,https://www.instagram.com/p/C8udxf8ou4E/,642,38
jordan_bh_,"He looked different in Africa…had eyebrows too 😂😂 LADIES,  what y’all think about the dating apps??

#fyp #relatable #viral #trending #dating #tinder #tindernightmares #bumble #relationships #fakeprofile",,https://www.instagram.com/p/DBS7iV6RyRk/,34,2
funny._.mimi,"🤣🤣🤣🤣

#singleforever #single #memes #singlelifeproblems #singlelife #singleforlife #onlinedating #love #dating #tindernightmares #singlegirl #singlegirlproblems #tinder #funnymemes #singleaf #realtalk #theick #notaswinger #abbienotannie #datingappdisasters #badoo #creptile #abbiedoesdating #pof #singlestatus #really #moderndaydating #singlememes #datingunplugged #shitlines",,https://www.instagram.com/p/DBOJf9Wv7Ir/,6,0
quickies_comic,"They’re always lurking…
.
.
.
#newyorkercartoons #funnymemes #funnymeme #funnymemez #funnymemes4ya #funnymemepage #funnymemesoficial #funnymemes😂 #bestmeme #bestmemesever #bestmemesdaily #bestmemeshere #funnycomic #funnycomics #datingmemes #datingmeme #datinglife #datingsucks #datingcoach #datingcoachformen #datingcoachforwomen #datingcoaching #tindernightmares #datingcoach",,https://www.instagram.com/p/C9h-rw0vk4R/,572,8
shallonxo,"DATING APP RED FLAG: beware of seeing this in a guys profile 🚩🚩 For more online dating tips join my new 5 video course, Appy Endings, link in bio! 👑

#tindernightmares #hinge #bumble #datingapps #shallonlester #datingtips #datingadvice",,https://www.instagram.com/p/CtzkY2jNpSe/,1467,75
sebastianloud,"Is anyone actually using HingeX?

#hinge #dating #datingapp #tindernightmares #30",,https://www.instagram.com/p/DBfw5OUR-rV/,0,0
backtolovedoc,"Contrary to popular advice, I don't believe you should waste any precious space talking about what you are looking for on your online profile. ⁠
⁠
The space on your profile is precious, and I'm never confident that talking about goals yields a better result. ⁠
⁠
You might respectfully disagree. I get it. How else will you protect yourself from the 26% of casual people? Only those people don't see themselves that way either; they've convinced themselves, 'If I find the right person, who knows?' Maybe I will change my mind. ⁠

But what is more likely is that because you both want the same things -commitment and a family, you let your guard down and assume that you are moving in the same direction. Only later do you find out that you have differences? And it's the difference that kill you, not the goals. Ouch! ⁠I've been there too. ⁠
⁠
This is why dating is so frustrating; the process is ambiguous, and there is no guarantee you are not wasting time. ⁠
⁠
But if you have a wait-and-see approach, you are optimistic but also realistic. Focus on the quality of your relationship, not just the end goal. Don't drop your guard and assume that because you both want a family, it will be with each other. How much time do you give any relationship before you decide? ⁠
⁠
If you are frustrated with dating, I'm doing a Free Live Webinar- on Sept 20 & 21st- From First Date to Forever. I will answer questions like these and your burning questions about how to have more success in dating. See the link in my bio to register. ⁠
⁠
Do you say what you want on your profile or skip that section? ⁠
⁠
.⁠
.⁠
.⁠
#datingproblems #findlove #securelove #singleinyour30s #explorepage  #relationshipgoals  #backtolovedoc #datingmyths #datingmemes #datingtips #dating101 #therapistofinstagram 
#relationships #datingadvice #onlinedating #onlinedatingfail #onlinedatingsucks #bumble #tindernightmares #timdermemes #hingenightmares #hinge 
#match #romance #couplegoals #relationshipadvice⁠  #onlinedatingtips",,https://www.instagram.com/p/CiQ1Dz-vHj8/,1079,29
tindersavior,Follow @tindersavior for hilarious memes 😂 @tindersavior,,https://www.instagram.com/p/CtXFzcUvt6P/,3,178
chicanosworldwidetv,"A Guy She Met on Tinder Texted Her a Picture of a Sex Doll He Created Using Her Selfie. W or L⁉️👀
📸Via: Poetic Flako

Follow us for more viral videos and news media 🌎📲🔥

@chicanos_worldwide @chicanosworldwidetv

*NSFW This page does not intend to promote dangerous acts, organizations, violence, harassments, or bullying

#newsmedia #bizzare #tindernightmares #tindergirls #tinder #robster #viral #trending #explorepage✨ #latinas #chicanosworldwide",,https://www.instagram.com/p/CrrAeUsvHbj/,6456,577
dating_belike,"Dating be like… why don’t yall think of anyone else other than yourselves 👀 
.
.
.
.
#datinginla #dating #tinder #whydomen #relationships #datingin2024 #men #datingapp #datingapps #hinge #tinderfail #datingmen #losangeles #fboy #tinderfails #tindernightmares #hingenightmares #datinglife #datingproblems #datingsucks #onlinedating #datinginyour30s #datinginyour20s #insecure #toxicpeople #toxic #dumb #projection #manipulation #toxicmasculinity",,https://www.instagram.com/p/DBoWFfNPWsQ/,1,3
nerdplayhouse,"""come back! I just want a little nibble.""

worst. tinder. date. ever!

we have some chills in the cemetery on Day 23 of ""31 Days of Halloween/Dia de los Muertos at Nerd Playhouse"". I picked up this cemetery set from Brikzz. fun build. lots of little details. I'm waiting for some light before I display the whole set. until then, enjoy these stories within the set.

📷 Camera: Fujifilm X-T30
📸 Lens: XF60mm f2.4
🔅 Lighting: Ulanzi L3
Genaray Spectro LED-14 Flood LED Light
🚻 Figure: various LEGO pieces
📍 Cemetery Set 

===========================
#cemetery #vampire #tindernightmares #lego #legophotography #brickcentral #bricknetwork #legostagram #instalego #legos #lego_hub #legomania #toyphotography #legogram #legophoto #legoland #afol #afolcommunity #stuckinplastic #toypic_community #toyartistry_lego #legominifigs #legominifig #legominifigures #bestoftheusa_toys #legominifigure
===========================
#OFP_Sarcasm
#FCC_OhKitty
#SiPGoesTGIF2024",,https://www.instagram.com/p/DBfQ-1mJgHt/,3,6
cyber_hack_expert_,#spy #igothacked #instagramhacked #accountgothacked #email #instagramhacker #hackedtiktok #hackinstagram #lockedaccount #whatappspy #twitter #emailhacks #tinderhack #whatapphack #tiktokhot #tiktokhacks #onlyfansgirls #tictokhot #whatapp #tindernightmares #itsecurity #facebookmessenger #hackedfacebook #infosecurity #whizsec #cybersafe #messenger #instagramgothacked #america #bannedtiktok,,https://www.instagram.com/p/DBlmGseuGMe/,1,0
rizzlinator,"I didn’t expect this reaction 😳😅
..
[ Follow us for daily rizz👇 ]
..
..
Follow Us : @rizzlinator
Follow Us : @rizzlinator
Follow Us : @rizzlinator
Follow Us : @rizzlinator
Follow Us : @rizzlinator
..
..
..
..
#tindergirls #tindermemes #memes #tinderfails #datingmemes #datingtips #predrinks #hookupculture #memesdaily #trending #tindernightmares #tinderella #tindertuesday #datingapp #pickuplines #pickuplines101",,https://www.instagram.com/p/Cyi6BgfrgXt/,6560,58
sidechicksbandofficial,"Should I go on a second date?

“LIFE ON THE NINE” IS OUT NOW ON ALL PLATFORMS!!! 😼🧡🗡️

#pussinboots #pussinbootsthelastwish #pussinbootscosplay #tinder #tindernightmares #tinderdate #shrek #dreamworks #animation #dreamworksanimation #sidechicks #lifeonthenine #newmusic #newsingle #newsong #alt #altrock #alternative #indie #indieartist #indieband #pop #rock #poprock #altpop #musical #musicaltheatre #theater",,https://www.instagram.com/p/DBe-TtryFyU/,121,12
rizzlinator,"How to get a 10/10 😏💯
..
[ Follow us for daily rizz👇 ]
..
..
Follow Us : @rizzlinator
Follow Us : @rizzlinator
Follow Us : @rizzlinator
Follow Us : @rizzlinator
Follow Us : @rizzlinator
..
..
..
..
#tindergirls #tindermemes #memes #tinderfails #datingmemes #datingtips #predrinks #hookupculture #memesdaily #trending #tindernightmares #tinderella #tindertuesday #datingapp #pickuplines #pickuplines101",,https://www.instagram.com/p/C17RbS3Im1G/,2089,14
fckboyozlom,#tinder #datingapps #bumble #datingfails #tindernightmares,,https://www.instagram.com/p/DBlj3IbNmmM/,10,1
misselizabethkathryn,"I guess he’s not used to being ignored and rejected.

#dating #tinder #tindernightmares #tinderfail #tinderfails #onlinedating #datingonline #toxic #stop #done #instagood #love #lustig #lust #instalike #instalove #fypage #fyp #fypシ #fy #fypage #foryou #foryoupage #foryourpage #explore #explorepage #exploremore #text #textpost #viral #viralpost",,https://www.instagram.com/p/DBahRjzOrH6/,0,0
nicolejeannz,Keep him sis 😍 #datingtips #datingtipsformen #datingtipsforwomen #datingcoach #tindernightmares #tindergirls,,https://www.instagram.com/p/DBl90p2IIFD/,286,31
rizzlinator,"Rizz for cute girls 😉💯
..
[ Follow us for daily rizz👇 ]
..
..
Follow Us : @rizzlinator
Follow Us : @rizzlinator
Follow Us : @rizzlinator
Follow Us : @rizzlinator
Follow Us : @rizzlinator
..
..
..
..
#tindergirls #tindermemes #memes #tinderfails #datingmemes #datingtips #predrinks #hookupculture #memesdaily #trending #tindernightmares #tinderella #tindertuesday #datingapp #pickuplines #pickuplines101",,https://www.instagram.com/p/CzMVqcGo8U9/,4007,21
stephtolev,"Before you ask NO, this was not a plant!! But boy did it feel good to bring up. Don’t stand me up and come to MY SHOWS!! #standup #standupcomedy #fail #stoodup #tinder #onlinedating #bigmistake #oops #feltgood #sorrynotsorry #byefelicia #crowdwork #frontrow #embarassing #tindernightmares #tinderfail",,https://www.instagram.com/p/C71wE81pF5a/,25656,396
rizzlinator,"Rizz for the wild ones 😬😏
..
[ Follow us for daily rizz👇 ]
..
..
Follow Us : @rizzlinator
Follow Us : @rizzlinator
Follow Us : @rizzlinator
Follow Us : @rizzlinator
Follow Us : @rizzlinator
..
..
..
..
#tindergirls #tindermemes #memes #tinderfails #datingmemes #datingtips #predrinks #hookupculture #memesdaily #trending #tindernightmares #tinderella #tindertuesday #datingapp #pickuplines #pickuplines101",,https://www.instagram.com/p/C0wmvXloAXw/,5338,52
cyber_hack_expert_,#spy #igothacked #instagramhacked #accountgothacked #email #instagramhacker #hackedtiktok #hackinstagram #lockedaccount #whatappspy #twitter #emailhacks #tinderhack #whatapphack #tiktokhot #tiktokhacks #onlyfansgirls #tictokhot #whatapp #tindernightmares #itsecurity #facebookmessenger #hackedfacebook #infosecurity #whizsec #cybersafe #messenger #instagramgothacked #america #bannedtiktok,,https://www.instagram.com/p/DBlmKZ5OH6D/,1,0
punhubonline,"Waitress: I see your glass is empty sir would you like another?

Man: Why would I want two empty glasses? 

#hospitalitylife #dadjokes #barlife #puns #datingproblems #datingmemes #tindernightmares",,https://www.instagram.com/p/Cqs2osysaF6/,249225,632
rizzlinator,"Simple but powerful 😉
..
[ Follow us for daily rizz👇 ]
..
..
Follow Us : @rizzlinator
Follow Us : @rizzlinator
Follow Us : @rizzlinator
Follow Us : @rizzlinator
Follow Us : @rizzlinator
..
..
..
..
#tindergirls #tindermemes #memes #tinderfails #datingmemes #datingtips #predrinks #hookupculture #memesdaily #trending #tindernightmares #tinderella #tindertuesday #datingapp #pickuplines #pickuplines101 #rizz",,https://www.instagram.com/p/CptTjQxITYD/,2378,4
cyber_hack_expert_,#spy #igothacked #instagramhacked #accountgothacked #email #instagramhacker #hackedtiktok #hackinstagram #lockedaccount #whatappspy #twitter #emailhacks #tinderhack #whatapphack #tiktokhot #tiktokhacks #onlyfansgirls #tictokhot #whatapp #tindernightmares #itsecurity #facebookmessenger #hackedfacebook #infosecurity #whizsec #cybersafe #messenger #instagramgothacked #america #bannedtiktok,,https://www.instagram.com/p/DBlmBAkuiTx/,1,0
out.rage.ously,"That's right. Don't swipe for the sunset!

#tindernightmares",,https://www.instagram.com/p/DBScIjro8pg/,0,0
rizzlinator,"The cheat for the girls without bio 😉💡
..
[ Follow us for daily rizz👇 ]
..
..
Follow Us : @rizzlinator
Follow Us : @rizzlinator
Follow Us : @rizzlinator
Follow Us : @rizzlinator
Follow Us : @rizzlinator
..
..
..
..
#tindergirls #tindermemes #memes #tinderfails #datingmemes #datingtips #predrinks #hookupculture #memesdaily #trending #tindernightmares #tinderella #tindertuesday #datingapp #pickuplines #pickuplines101",,https://www.instagram.com/p/CyCPd5CI3RF/,3246,8
rizzlinator,"This works on EVERY girl 😏💯
..
[ Follow us for daily rizz👇 ]
..
..
Follow Us : @rizzlinator
Follow Us : @rizzlinator
Follow Us : @rizzlinator
Follow Us : @rizzlinator
Follow Us : @rizzlinator
..
..
..
..
#tindergirls #tindermemes #memes #tinderfails #datingmemes #datingtips #predrinks #hookupculture #memesdaily #trending #tindernightmares #tinderella #tindertuesday #datingapp #pickuplines #pickuplines101 #rizz",,https://www.instagram.com/p/CvyNVJRo331/,3678,10
rizzlinator,"The opener that always works 😏💯
..
[ Follow us for daily rizz👇 ]
..
..
Follow Us : @rizzlinator
Follow Us : @rizzlinator
Follow Us : @rizzlinator
Follow Us : @rizzlinator
Follow Us : @rizzlinator
..
..
..
..
#tindergirls #tindermemes #memes #tinderfails #datingmemes #datingtips #predrinks #hookupculture #memesdaily #trending #tindernightmares #tinderella #tindertuesday #datingapp #pickuplines #pickuplines101",,https://www.instagram.com/p/C3NzS0dI97k/,3517,12
rizzlinator,"For all the Barbie lovers 😬💯
..
[ Follow us for daily rizz👇 ]
..
..
Follow Us : @rizzlinator
Follow Us : @rizzlinator
Follow Us : @rizzlinator
Follow Us : @rizzlinator
Follow Us : @rizzlinator
..
..
..
..
#tindergirls #tindermemes #memes #tinderfails #datingmemes #datingtips #predrinks #hookupculture #memesdaily #trending #tindernightmares #tinderella #tindertuesday #datingapp #pickuplines #pickuplines101 #rizz",,https://www.instagram.com/p/Cwym6HPoEHy/,3765,9
rizzlinator,"Harry Potter rizz 😉🧙
..
[ Follow us for daily rizz👇 ]
..
..
Follow Us : @rizzlinator
Follow Us : @rizzlinator
Follow Us : @rizzlinator
Follow Us : @rizzlinator
Follow Us : @rizzlinator
..
..
..
..
#tindergirls #tindermemes #memes #tinderfails #datingmemes #datingtips #predrinks #hookupculture #memesdaily #trending #tindernightmares #tinderella #tindertuesday #datingapp #pickuplines #pickuplines101 #rizz",,https://www.instagram.com/p/CuVZF3CIPZx/,3857,21
rizzlinator,"If you get this answer, she’s the one 😏💍
..
[ Follow us for daily rizz👇 ]
..
..
Follow Us : @rizzlinator
Follow Us : @rizzlinator
Follow Us : @rizzlinator
Follow Us : @rizzlinator
Follow Us : @rizzlinator
..
..
..
..
#tindergirls #tindermemes #memes #tinderfails #datingmemes #datingtips #predrinks #hookupculture #memesdaily #trending #tindernightmares #tinderella #tindertuesday #datingapp #pickuplines #pickuplines101 #rizz",,https://www.instagram.com/p/Ctere2soqfd/,19641,54
peterzachari,Madeline Kahn = Brilliance. #madelinekahn #tindertuesday #tindergirls #tindernightmares #funny #comedy #joke #funnyvideos #history #historyoftheworld #historyoftheworldpart1 #no #yes #swipe #swipeleft #cluethemovie #clue #blazingsaddles #melbrooks,,https://www.instagram.com/p/Cl2XPRTA72p/,57430,520
rizzlinator,"Ngl this one was dangerous 😅💀
..
[ Follow us for daily rizz👇 ]
..
..
Follow Us : @rizzlinator
Follow Us : @rizzlinator
Follow Us : @rizzlinator
Follow Us : @rizzlinator
Follow Us : @rizzlinator
..
..
..
..
#tindergirls #tindermemes #memes #tinderfails #datingmemes #datingtips #predrinks #hookupculture #memesdaily #trending #tindernightmares #tinderella #tindertuesday #datingapp #pickuplines #pickuplines101",,https://www.instagram.com/p/C3F7a81ow9W/,4384,27
rizzlinator,"For the wild ones 🤫👀
..
[ Follow us for daily rizz👇 ]
..
..
Follow Us : @rizzlinator
Follow Us : @rizzlinator
Follow Us : @rizzlinator
Follow Us : @rizzlinator
Follow Us : @rizzlinator
..
..
..
..
#tindergirls #tindermemes #memes #tinderfails #datingmemes #datingtips #predrinks #hookupculture #memesdaily #trending #tindernightmares #tinderella #tindertuesday #datingapp #pickuplines #pickuplines101 #rizz",,https://www.instagram.com/p/Cv8frCCoCPX/,5459,17
rizzlinator,"Good choice from her 😬😈
..
[ Follow us for daily rizz👇 ]
..
..
Follow Us : @rizzlinator
Follow Us : @rizzlinator
Follow Us : @rizzlinator
Follow Us : @rizzlinator
Follow Us : @rizzlinator
..
..
..
..
#tindergirls #tindermemes #memes #tinderfails #datingmemes #datingtips #predrinks #hookupculture #memesdaily #trending #tindernightmares #tinderella #tindertuesday #datingapp #pickuplines #pickuplines101",,https://www.instagram.com/p/C0jwKuXoHGQ/,4232,14
out.rage.ously,"grow up, you fool!

#tinder #tindernightmares #tindermemes",,https://www.instagram.com/p/DBScXnioJY7/,0,1
rizzlinator,"Funny but clever is the key for every girl 😉🧠
..
[ Follow us for daily rizz👇 ]
..
..
Follow Us : @rizzlinator
Follow Us : @rizzlinator
Follow Us : @rizzlinator
Follow Us : @rizzlinator
Follow Us : @rizzlinator
..
..
..
..
#tindergirls #tindermemes #memes #tinderfails #datingmemes #datingtips #predrinks #hookupculture #memesdaily #trending #tindernightmares #tinderella #tindertuesday #datingapp #pickuplines #pickuplines101",,https://www.instagram.com/p/C4GXVDBIb-C/,1643,7
rizzlinator,"Easy rizz 😉🧠
..
[ Follow us for daily rizz👇 ]
..
..
Follow Us : @rizzlinator
Follow Us : @rizzlinator
Follow Us : @rizzlinator
Follow Us : @rizzlinator
Follow Us : @rizzlinator
..
..
..
..
#tindergirls #tindermemes #memes #tinderfails #datingmemes #datingtips #predrinks #hookupculture #memesdaily #trending #tindernightmares #tinderella #tindertuesday #datingapp #pickuplines #pickuplines101 #rizz",,https://www.instagram.com/p/CwEVlfgoMoA/,3916,16
rizzlinator,"Try this and get laid 😏🦈
..
[ Follow us for daily rizz👇 ]
..
..
Follow Us : @rizzlinator
Follow Us : @rizzlinator
Follow Us : @rizzlinator
Follow Us : @rizzlinator
Follow Us : @rizzlinator
..
..
..
..
#tindergirls #tindermemes #memes #tinderfails #datingmemes #datingtips #predrinks #hookupculture #memesdaily #trending #tindernightmares #tinderella #tindertuesday #datingapp #pickuplines #pickuplines101",,https://www.instagram.com/p/Cx-16xQoEMh/,2177,18
rizzlinator,"One of my favourite openers 😏💯
..
[ Follow us for daily rizz👇 ]
..
..
Follow Us : @rizzlinator
Follow Us : @rizzlinator
Follow Us : @rizzlinator
Follow Us : @rizzlinator
Follow Us : @rizzlinator
..
..
..
..
#tindergirls #tindermemes #memes #tinderfails #datingmemes #datingtips #predrinks #hookupculture #memesdaily #trending #tindernightmares #tinderella #tindertuesday #datingapp #pickuplines #pickuplines101",,https://www.instagram.com/p/CzEiT4qIdH6/,7075,22
rizzlinator,"A bit proud of this finish 😏😁
..
[ Follow us for daily rizz👇 ]
..
..
Follow Us : @rizzlinator
Follow Us : @rizzlinator
Follow Us : @rizzlinator
Follow Us : @rizzlinator
Follow Us : @rizzlinator
..
..
..
..
#tindergirls #tindermemes #memes #tinderfails #datingmemes #datingtips #predrinks #hookupculture #memesdaily #trending #tindernightmares #tinderella #tindertuesday #datingapp #pickuplines #pickuplines101",,https://www.instagram.com/p/C27f-irIV-f/,2972,15
