username,caption,media_path,post_url,likes,comments
garthtoons,"Let’s face it, it’s not ACTUALLY the candidate texting me…

Follow for more cartoons!

#text #textmessage #textmessagescam #pigbutcheringscam #scamalert #scammers #scammerseverywhere⚠️ #election #election2024 #electionfundraising #fundraising #campaign",C:\Users\hp\Desktop\Project\Full_code_Amala (1)\Full_code_Amala\downloads\garthtoons_3446855628557754537.jpg,https://www.instagram.com/p/C_VsO6UPaCp/,53,2
the_nomad_knows,"This can happen to anyone. Know what to expect. Be ready! Protect yourself. Do not respond. Ignore, delete and report as spam. It’s always tempting to respond and let them know it’s a wrong number, but that is the start of the scam. 

“Pig butchering is a relatively new long-game financial con in which “pigs,” or targets, are “butchered” by people who convince them to invest ever-larger sums in purported cryptocurrency-fueled trading platforms. The fake platforms are designed to look real, and make the victims believe that their investments are making fantastic returns — until their scammer, and all the money they believe they’ve invested, disappears.

Victims often lose significant sums, and the practice is so lucrative that it’s being scaled up and carried out en masse in countries like Cambodia, Laos and Myanmar. So far, American law enforcement officials at both the federal and local level have made little headway in recovering stolen funds or catching the perpetrators”. 

Source: https://www.forbes.com/sites/cyrusfarivar/2022/09/09/pig-butchering-crypto-super-scam/ 

#security #safety #crypto #scams #romancescams #knowwhattoexpect #beready #nomadinternational #pigbutcheringscam #protectyourself #preparedness #everydaytradecraft",C:\Users\hp\Desktop\Project\Full_code_Amala (1)\Full_code_Amala\downloads\the_nomad_knows_3098618656971505652.jpg,https://www.instagram.com/p/CsAgUBXLz_0/,18,0
magnum_arts,"Another day, another spam text message. This one was good because the spammer actually responded. Check this out: 😆😃

SPAMMER: Hello! how are you doing today?

ME: I'm alive, and it looks like the law has not caught up with me yet. I got rid of the bodies without being seen. How about you? Did you get the money?

SPAMMER: Sorry I'm Nancy I'm from Boston. I may added the wrong number I hope you don't mind me

[sends picture of beautiful girl, expecting me to swoon with desire]

ME: Nancy? That's a good alias. Stay undercover and make sure you use a burner phone because Lockjaw is looking for you, and he won't stop until he finds you. He's going to trace this number to your location, and when he finds you, it will be very unpleasant.

ME: Again, DO NOT USE THIS NUMBER. That will lead Lockjaw right to you, and when he finds you it will be ugly. I'll rendezvous with you when I can, as soon as I know the bodies won't be found.

ME: The plastic surgery looks great. That's pretty good work. No one will recognize you.

SPAMMER: Hey Who are you ? why you talking like that.

ME: C'mon, Nancy, don't kid around, this is serious. Lockjaw is wanted in 2 states for murder, and he's tracing this number. He wants the money, and if you keep using this number he'll find you. Get a burner phone right away and STOP USING THIS NUMBER. Stay out of sight until I tell you it's safe. 

ME: With any luck we'll be free and clear once the cops stop looking for us.

Nancy never responded. Hopefully ""she"" is getting a new phone number!;😂🤣

#spam #scamalert #scammer #pigbutcheringscam #scammerpayback #romancescams #scammingthescammers",C:\Users\hp\Desktop\Project\Full_code_Amala (1)\Full_code_Amala\downloads\magnum_arts_3321799489499639965.jpg,https://www.instagram.com/p/C4ZZwk6szCd/,4,1
openprivilege,"[UNITED STATES] Pig butchering scams, a sophisticated form of romance fraud, are costing Californians millions each year through elaborate schemes involving fake relationships and fraudulent investments. 

#PigButcheringScam #RomanceFraud #CyberSecurity #OnlineDatingSafety #FinancialProtection 

🔗 Link in Stories and Bio",C:\Users\hp\Desktop\Project\Full_code_Amala (1)\Full_code_Amala\downloads\openprivilege_3483012479813316464.jpg,https://www.instagram.com/p/DBWJWWHhm9w/,1,0
almunirhaven,"“#habibicometodubai “

A hot, fresh article for written by @vice , here is the link: https://shorturl.at/noRU0

While me as the MOD has been active in this field for #combattingscams , MOD thinks this article does highly emphasise the danger the lovely city #dubai has been trying hard to have it buried #sixfeetunder .

Now please don’t get MOD wrong, we aren’t trying to say all #chinese are bad. But it is also a #generalfact that whenever any region has a flourishing #bigbusiness thanks to the #chineseinvestors , there will always be some shady business involved, may them be #prostitutionring , #loanshark , #illegalgambling and last but not least, #scamindustry .

Now, it is up to you to read this, be aware, alert your family, relative, friends regarding the danger, or, you may just take this with a #pinchofsalt .

After all, #regretcomeslater as usual.

Anyway, big shout-our for @bebaskankami , @globalantiscamorg @globalantiscam for having shown this article previously.",C:\Users\hp\Desktop\Project\Full_code_Amala (1)\Full_code_Amala\downloads\almunirhaven_3098893420047787835.jpg,https://www.instagram.com/p/CsBeyWavmc7/,3,2
bestwallethacks,"Pig butchering is a scam in which a stranger becomes your friend and convinces you to invest in their “opportunity.” Its a long con and one that is easy to believe especially if they give you an early win.

Just dont trust strangers on the internet. More importantly, talk to your loved ones (especially older and less Tech savvy or too trusting) to see if someone new entered their life.

#scam #pigbutcheringscam #fraud #eldercare",C:\Users\hp\Desktop\Project\Full_code_Amala (1)\Full_code_Amala\downloads\bestwallethacks_3483181113227674528.mp4,https://www.instagram.com/p/DBWvsSOSQOg/,63,2
steamedchameleon,"How AI-Powered Scammers Are Targeting Professionals

Sam still remembers the moment it all started – a thoughtful comment on his LinkedIn post about wanting to visit the Scottish Highlands. Delia MacDonald's profile was perfect: Edinburgh University graduate, investment analyst at a top firm, profile photo showing her hiking in the Highlands. She shared stunning photos of lochs and castles, offering tips about hidden gems near her ""hometown.""

Their chats moved to WhatsApp, where Delia

... what did Delia do?????

Find out here:

https://substack.com/@steamedchameleon/p-150621071

If you enjoyed this post please like and share - it's FREE and your support is priceless.

#pigbutcheringscam #CryptoRomanceScam #linkedinscams #FakeProfile #scammertactics #DeepfakeScam #cryptofraud #onlinedating #investmentfraud #cybersecurity #financialfraud #socialmediascams",C:\Users\hp\Desktop\Project\Full_code_Amala (1)\Full_code_Amala\downloads\steamedchameleon_3485357350003339162.jpg,https://www.instagram.com/p/DBeegsqPu-a/,0,0
deccanchronicle_official,"The scammers, pretending to be the firm’s chairman, are luring unsuspecting investors into WhatsApp groups, promising tips on stock investments and initial public offerings (IPOs) in return for money.

Click the link in the story to read more.

#InvestmentScam #WhatsAppFraud #PigButcheringScam #InvestorAlert #FinancialFraud",C:\Users\hp\Desktop\Project\Full_code_Amala (1)\Full_code_Amala\downloads\deccanchronicle_official_3480688107245370820.jpg,https://www.instagram.com/p/DBN42ReSX3E/,8,0
monsterwebdesign,"For #nationalcybersecurityawarenessmonth, our latest blog post reveals the latest threat: pig butchering scams🐷

Read more about the red flags: link in bio 

#MonsterDM #ScamAwareness #pigbutcheringscam #ScamAlert",C:\Users\hp\Desktop\Project\Full_code_Amala (1)\Full_code_Amala\downloads\monsterwebdesign_3485503502203841608.jpg,https://www.instagram.com/p/DBe_vfgPWxI/,0,0
expressvpn,A staggering $75 billion—that’s the global toll of the pig butchering scam. 🐖💸 Learn how to spot this widespread internet fraud that’s targeting unsuspecting victims everywhere.,"[WindowsPath('C:/Users/hp/Desktop/Project/Full_code_Amala (1)/Full_code_Amala/downloads/expressvpn_3485137181164054382.jpg'), WindowsPath('C:/Users/hp/Desktop/Project/Full_code_Amala (1)/Full_code_Amala/downloads/expressvpn_3485137181172542801.jpg'), WindowsPath('C:/Users/hp/Desktop/Project/Full_code_Amala (1)/Full_code_Amala/downloads/expressvpn_3485137181466038690.jpg'), WindowsPath('C:/Users/hp/Desktop/Project/Full_code_Amala (1)/Full_code_Amala/downloads/expressvpn_3485137181357094779.jpg'), WindowsPath('C:/Users/hp/Desktop/Project/Full_code_Amala (1)/Full_code_Amala/downloads/expressvpn_3485137181499571073.jpg'), WindowsPath('C:/Users/hp/Desktop/Project/Full_code_Amala (1)/Full_code_Amala/downloads/expressvpn_3485137181172538022.jpg'), WindowsPath('C:/Users/hp/Desktop/Project/Full_code_Amala (1)/Full_code_Amala/downloads/expressvpn_3485137181382072114.jpg'), WindowsPath('C:/Users/hp/Desktop/Project/Full_code_Amala (1)/Full_code_Amala/downloads/expressvpn_3485137181474401141.jpg'), WindowsPath('C:/Users/hp/Desktop/Project/Full_code_Amala (1)/Full_code_Amala/downloads/expressvpn_3485137181340183934.jpg'), WindowsPath('C:/Users/hp/Desktop/Project/Full_code_Amala (1)/Full_code_Amala/downloads/expressvpn_3485137181155659505.jpg')]",https://www.instagram.com/p/DBdsc-9SExA/,3,3
tjcurranmortgage,If you’re friend with this person (or anyone who uses a version of this opening line… which is scripted) you are a potential scam victim. Please watch the video in my comments because this scam is very sophisticated and a little crazy. #pigbutcheringscam #scammer #scamalert,C:\Users\hp\Desktop\Project\Full_code_Amala (1)\Full_code_Amala\downloads\tjcurranmortgage_3318036695252723209.jpg,https://www.instagram.com/p/C4MCMtsP-YJ/,14,18
williams.cybersupport,"Contact us @williams.cybersupport  for your Bitcoin recovery ✅💯 and Bitcoin investment we are 💯 Guaranteed ✅ reliable 💯 and trustworthy ✅💯 #scammedcryptorecovery #scammedbitcoinrecovery #cryptoscams #pigbutcheringscam #howtorecoverlostbitcoin  scamalert #scammers #victim #bitcoinscam #onlinescam #bankfraud #germany
#bitcoingermany #bitcoinusa
#bitcoineurope",C:\Users\hp\Desktop\Project\Full_code_Amala (1)\Full_code_Amala\downloads\williams.cybersupport_3479498919467044619.webp,https://www.instagram.com/p/DBJqdUDME8L/,0,0
good_babygurl,"Anti scamners! Let's be aware! 

#scammers #awareness #pigbutcheringscam #whattoknow #evil #romace #romancescammer #romancescam #romancescams #romancescammers #greed #love  #loveyourself #trending #trendingreels",C:\Users\hp\Desktop\Project\Full_code_Amala (1)\Full_code_Amala\downloads\good_babygurl_2864777097623923803.mp4,https://www.instagram.com/p/CfBu5eQjGxb/,2,0
wikifx_official,"🚨 $360 Million Pig-Butchering Scam Busted in Hong Kong! 💥

Hong Kong authorities have dismantled a massive online scam that swindled HK$360 million in just one year. 🐷💸 This major breakthrough highlights the growing threat of online fraud.

👉 Stay informed and protect yourself: https://www.wikifx.com/en/newsdetail/202410187254710307.html?source=emily

#ScamAlert #pigbutcheringscam #ProtectYourMoney #onlinefraud #WikiFX",C:\Users\hp\Desktop\Project\Full_code_Amala (1)\Full_code_Amala\downloads\wikifx_official_3483437209015509778.jpg,https://www.instagram.com/p/DBXp6-Av2MS/,0,0
good_babygurl,"Part 1

Anti scamners! Let's be aware! 

#scammers #awareness #pigbutcheringscam #whattoknow #evil #romace #romancescammer #romancescam #romancescams #romancescammers #greed #love  #loveyourself #trending #trendingreels",C:\Users\hp\Desktop\Project\Full_code_Amala (1)\Full_code_Amala\downloads\good_babygurl_2866152403902188713.webp,https://www.instagram.com/p/CfGnm0CuMyp/,3,0
good_babygurl,"Part 8

Anti scamners! Let's be aware! 

#scammers #awareness #pigbutcheringscam #whattoknow #evil #romace #romancescammer #romancescam #romancescams #romancescammers #greed #love  #loveyourself #trending #trendingreels",C:\Users\hp\Desktop\Project\Full_code_Amala (1)\Full_code_Amala\downloads\good_babygurl_2866155592085066119.webp,https://www.instagram.com/p/CfGoVNROtGH/,3,0
good_babygurl,"Part7

Anti scamners! Let's be aware! 

#scammers #awareness #pigbutcheringscam #whattoknow #evil #romace #romancescammer #romancescam #romancescams #romancescammers #greed #love  #loveyourself #trending #trendingreels",C:\Users\hp\Desktop\Project\Full_code_Amala (1)\Full_code_Amala\downloads\good_babygurl_2866155154300272225.webp,https://www.instagram.com/p/CfGoO1jOP5h/,1,0
wikifxindia,"🚨 $360 Million International Pig-Butchering Scam Busted in Hong Kong 🚨

Authorities in Hong Kong have cracked down on a massive $360 million international scam, known as “pig-butchering,” that targeted victims globally. 

Learn more here - https://www.wikifx.com/en/newsdetail/202410187254710307.html?source=hMa4

The scheme involved manipulating individuals into fraudulent investments before seizing their assets.

Stay vigilant and always verify the legitimacy of investment platforms!

#PigButcheringScam #HongKong #ScamBusted #InvestmentFraud #FinancialSafety #WikiFX",C:\Users\hp\Desktop\Project\Full_code_Amala (1)\Full_code_Amala\downloads\wikifxindia_3483664371672307051.heic,https://www.instagram.com/p/DBYdknuNlVr/,0,0
good_babygurl,"Part 4

Anti scamners! Let's be aware! 

#scammers #awareness #pigbutcheringscam #whattoknow #evil #romace #romancescammer #romancescam #romancescams #romancescammers #greed #love  #loveyourself #trending #trendingreels",C:\Users\hp\Desktop\Project\Full_code_Amala (1)\Full_code_Amala\downloads\good_babygurl_2866153983644860970.webp,https://www.instagram.com/p/CfGn9zSuQIq/,2,0
good_babygurl,"Heartless! 
Anti scamners! Let's be aware! 

#scammers #awareness #pigbutcheringscam #whattoknow #evil #romace #romancescammer #romancescam #romancescams #romancescammers #greed #love  #loveyourself #trending #trendingreels #heartless",C:\Users\hp\Desktop\Project\Full_code_Amala (1)\Full_code_Amala\downloads\good_babygurl_2873491012520278536.mp4,https://www.instagram.com/p/CfgsNn6jHoI/,1,1
topekapolicedepartment,"Huge THANK YOU to everyone who joined our Cyber Fraud Awareness Training! We loved connecting with so many of you and sharing ways to protect against cyber scams. 💻✨

Exciting news: we’re adding a fourth session—available both in-person and online! Stay tuned for the date and time, coming soon!

Big shout-out to our Financial Crimes Unit for all their hard work. Cyber threats are real, and we’re here to keep you informed. Special thanks to our amazing partners at the Topeka & Shawnee County Public Library, Brewster Place and the Oakland Community Center for helping make these events possible!

If you or someone you know has been affected by cyber fraud, reach out at telltpd@topeka.org for help. 

#cyberfraud #pigbutcheringscam","[WindowsPath('C:/Users/hp/Desktop/Project/Full_code_Amala (1)/Full_code_Amala/downloads/topekapolicedepartment_3486830246610220434.jpg'), WindowsPath('C:/Users/hp/Desktop/Project/Full_code_Amala (1)/Full_code_Amala/downloads/topekapolicedepartment_3486830246895410655.jpg'), WindowsPath('C:/Users/hp/Desktop/Project/Full_code_Amala (1)/Full_code_Amala/downloads/topekapolicedepartment_3486830246912138833.jpg'), WindowsPath('C:/Users/hp/Desktop/Project/Full_code_Amala (1)/Full_code_Amala/downloads/topekapolicedepartment_3486830246744438432.jpg'), WindowsPath('C:/Users/hp/Desktop/Project/Full_code_Amala (1)/Full_code_Amala/downloads/topekapolicedepartment_3486830246903757559.jpg')]",https://www.instagram.com/p/DBjtaVOSnbu/,29,0
wolfbait_2,"Fake profile using stolen photos 
#fakeprofile #stolenphotos 
🔴Did you get a request from this person.
🔴 Do you know this person 
🔴Do you have friends in common 
🔴Have you searched the name 
🔴Have you done an image search
🔴Are they asking for money,  gift cards etc
🔴 Are they love bombing you within minutes,  days
🔴Are they living in one country but working abroad 
🔴Are they military,  celebrities,  doctors,  engineers,  investors,  claiming to be able to get your money back 
🔴 Have they video called
🔴 Does something not feel right 
All these can be red flags, never send money to anyone you haven't met in person.  If you feel something is not right,  trust yourself and ask for advice 
Scammers target people from any walks of life. 
#besafe #beaware #stopscammers #catfishscammer #pigbutcheringscam #fraud #imposters #ActionFraud #staysafe",C:\Users\hp\Desktop\Project\Full_code_Amala (1)\Full_code_Amala\downloads\wolfbait_2_3307656157017144982.webp,https://www.instagram.com/p/C3nJ8AGI_6W/,4,0
wolfbait_2,"Fake profile using stolen photos of Dr Bradley Schaeffer 
#drbradleyschaefferfake 
🔴Did you get a request from this person.
🔴 Do you know this person 
🔴Do you have friends in common 
🔴Have you searched the name 
🔴Have you done an image search
🔴Are they asking for money,  gift cards etc
🔴 Are they love bombing you within minutes,  days
🔴Are they living in one country but working abroad 
🔴Are they military,  celebrities,  doctors,  engineers,  investors,  claiming to be able to get your money back 
🔴 Have they video called
🔴 Does something not feel right 
All these can be red flags, never send money to anyone you haven't met in person.  If you feel something is not right,  trust yourself and ask for advice 
Scammers target people from any walks of life. 
#besafe #beaware #stopscammers #catfishscammer #pigbutcheringscam #fraud #imposters #ActionFraud #staysafe",C:\Users\hp\Desktop\Project\Full_code_Amala (1)\Full_code_Amala\downloads\wolfbait_2_3315189214468980147.webp,https://www.instagram.com/p/C4B6wajoT2z/,3,0
8worldnews,"找🐷、养🐷、再杀🐷……“杀猪盘”步骤大公开！ 

https://bit.ly/3Q8JXA3
Link in bio @8worldnews
#FrontlineConnects #pigbutcheringscam #前线开讲",C:\Users\hp\Desktop\Project\Full_code_Amala (1)\Full_code_Amala\downloads\8worldnews_3338072581615572966.mp4,https://www.instagram.com/p/C5TN1O9qtfm/,233,12
fraudbusterhq,"Your local fraud fighting bestie is back 💖 let’s talk about this week’s topic! 

#cryptotrading #pov #financialfreedom #fraud #pigbutcheringscam #crypto #onlinescam #fraudbusterhq",C:\Users\hp\Desktop\Project\Full_code_Amala (1)\Full_code_Amala\downloads\fraudbusterhq_3484700571146158197.mp4,https://www.instagram.com/p/DBcJLTrxIB1/,1,0
indiatoday,"Online scams are becoming a growing epidemic in the cyber world. Not just India but globally, countries are fighting against cases of cyber fraud. Scammers are devising new tricks to deceive internet users, and all these tricks are centred around exploiting human emotions, be it excitement, hope, greed, or even love. 

One such case of this exploitation has been reported in the US, where a 75-year-old professional ended up losing his life savings of around Rs 6 crore to a woman he met and fell in love with on LinkedIn.

Link in bio for more details. 🔗

#LinkedIn #Scam #Scammers #PigButcheringScam #ITCard",C:\Users\hp\Desktop\Project\Full_code_Amala (1)\Full_code_Amala\downloads\indiatoday_3383599931282495163.jpg,https://www.instagram.com/p/C709jXeIRa7/,13994,97
wolfbait_2,"Almost 2 years ago myself and @catchthecatfish123 set up a Facebook private group because we felt victims of any sex, age had nowhere to talk about their experiences and no one to listen to in regards to being scammed,  their emotions and feelings. 
Unfortunately some anti scam group's,  page's often make victims of scams feel they are at fault and have often said they felt bullied by them 😢. 
We want a safe place where victims can talk without judgement  and most of all private.  Even family members wont know your a member. 🙏 
Please feel free to send us an invite 
#romancescams
#victimsupport ##pigbutcheringscam #actionfraud #supportingoneanother #fightingcrime #onlinecrime",C:\Users\hp\Desktop\Project\Full_code_Amala (1)\Full_code_Amala\downloads\wolfbait_2_3298999041536363337.webp,https://www.instagram.com/p/C3IZiZBIQtJ/,60,2
brightenuppod,"🎙️Episode Title: Rising Invisible Threat: Cybersecurity for Senior Citizens

Guest:

🌐Episode Available wherever you get your podcasts

#cybersecurity #cybersecuritynews #senior #seniorcitizens #seniorsafety #cybersafety #internetsafety #psychology #psychologypodcast #friday #repost #scamalert #scammers #pigbutcheringscam #onlinescam #techsupportscam #internetscam #scammer",C:\Users\hp\Desktop\Project\Full_code_Amala (1)\Full_code_Amala\downloads\brightenuppod_3410486823267723426.mp4,https://www.instagram.com/p/C9Ue7I8Beii/,3,0
wolfbait_2,"Fake profile using stolen photos of Dr Vasilije Vujovic 
#drvasilijevujovicfake 
🔴Did you get a request from this person.
🔴 Do you know this person 
🔴Do you have friends in common 
🔴Have you searched the name 
🔴Have you done an image search
🔴Are they asking for money,  gift cards etc
🔴 Are they love bombing you within minutes,  days
🔴Are they living in one country but working abroad 
🔴Are they military,  celebrities,  doctors,  engineers,  investors,  claiming to be able to get your money back 
🔴 Have they video called
🔴 Does something not feel right 
All these can be red flags, never send money to anyone you haven't met in person.  If you feel something is not right,  trust yourself and ask for advice 
Scammers target people from any walks of life. 
#besafe #beaware #stopscammers #catfishscammer #pigbutcheringscam #fraud #imposters #ActionFraud #staysafe",C:\Users\hp\Desktop\Project\Full_code_Amala (1)\Full_code_Amala\downloads\wolfbait_2_3315654764295064759.webp,https://www.instagram.com/p/C4DknDno4y3/,4,0
_scammers_alerts,"Report scammer 👉  @marymichael6866

If you want to help there are more fakes, frauds and scammers below to report:

@sarahwilliamx12
jackthomas341
aili4799
@amelia_56h56
emilynora
nicole_850419
@angelina23351
@lauracampbellmjwvkvgndh
athleticharmony
corleyashley83
@nanaratsarliwil
@hw0541693
@_evelyncohen
@luck_6988
@mogan_bliss_fx52
@michael_mcminn_
@aminath_abida_
estherjones1__
veropajuknina
4zg_mz
@brenda_crypto4
@earn__with__maya
@jodicornelius07
james_frank_hfx
william__davidfx
@davidfx770
@williamdavid.fxt
@william___david___fx
@william__david__fx
@william_jamesxf_xf 
@young_rich_0777 

#armyscam
#nigerianscammers
#scammer
#cryptoscams
#pigbutcheringscam
#instagram_scammers
#datingscams
#instagram
#dating
#asiandating
#asianpigbutcheringscam
#spammers
#romancescams
#jokeoftheday
#laughoftheday
#picoftheday
#_scammers_everywhere
#scammers 
#scammersofinstagram
#scammers_of_instagram 
#instagram_scammers
#foreignexchangescams
#bitcoinscam
#forexscams
#picoftheday
#instagram
#fakeaccounts

Crypto Forex Scammers - what too look for.

They always refuse video chat.

Start with complements to one of your posts and ask you where it is even though there is a geo tag in the photo. 

Username and account name don't match.

They always ask for your location, age,  profession and marital status to see if your worth scamming and then pretend to look forward to a romantic relationship.

90% or more of followers are fakes.

Easily searchable photos , although now they are resorting to screen grabs of videos making reverse pic look up difficult and turning to Chinese tic tic that isn't searchable.

Fake posts of testimonials, profit loss trading app gains, graphs, chart pics for the gullible.
.
Slip crypto investments into conversation as a hobby.

Quickly ask you to join them on WhatsApp or Telegram because they claim not to be on instagram a lot to chat (utter BS)

Favourite locations, Florida, NY, LA, London, Paris, Singapore.

Promise incredible returns, which are just not possible.

Ask you to sign up to some bogus website that they manipulate - don't even think about clicking on those website links.

They may make it look like you have gains but it's","[WindowsPath('C:/Users/hp/Desktop/Project/Full_code_Amala (1)/Full_code_Amala/downloads/_scammers_alerts_3053655759011966750.webp'), WindowsPath('C:/Users/hp/Desktop/Project/Full_code_Amala (1)/Full_code_Amala/downloads/_scammers_alerts_3053655759011926564.webp'), WindowsPath('C:/Users/hp/Desktop/Project/Full_code_Amala (1)/Full_code_Amala/downloads/_scammers_alerts_3053655759020167549.webp'), WindowsPath('C:/Users/hp/Desktop/Project/Full_code_Amala (1)/Full_code_Amala/downloads/_scammers_alerts_3053655759020129082.webp'), WindowsPath('C:/Users/hp/Desktop/Project/Full_code_Amala (1)/Full_code_Amala/downloads/_scammers_alerts_3053655759020339196.webp'), WindowsPath('C:/Users/hp/Desktop/Project/Full_code_Amala (1)/Full_code_Amala/downloads/_scammers_alerts_3053655759020288691.webp'), WindowsPath('C:/Users/hp/Desktop/Project/Full_code_Amala (1)/Full_code_Amala/downloads/_scammers_alerts_3053655759011833381.webp')]",https://www.instagram.com/p/Cpgw70MuCrI/,7,1
wolfbait_2,"Doctor Vasilije Vujovic doesn't have any TikTok profiles.  All these are fakes misusing his identity and photos.  Even the fan pages are fake 
#drvasilijevujovicfake #fakedoctor #doctorscam #doctorfake 
🔴Did you get a request from this person.
🔴 Do you know this person 
🔴Do you have friends in common 
🔴Have you searched the name 
🔴Have you done an image search
🔴Are they asking for money,  gift cards etc
🔴 Are they love bombing you within minutes,  days
🔴Are they living in one country but working abroad 
🔴Are they military,  celebrities,  doctors,  engineers,  investors,  claiming to be able to get your money back 
🔴 Have they video called
🔴 Does something not feel right 
All these can be red flags, never send money to anyone you haven't met in person.  If you feel something is not right,  trust yourself and ask for advice 
Scammers target people from any walks of life. 
#besafe #beaware #stopscammers #catfishscammer #pigbutcheringscam #fraud #imposters #ActionFraud #staysafe",C:\Users\hp\Desktop\Project\Full_code_Amala (1)\Full_code_Amala\downloads\wolfbait_2_3340957147425963638.webp,https://www.instagram.com/p/C5ddtMOIH52/,10,0
wolfbait_2,"Dr Kerem Bikmaz Fake 
#drkerembikmazfake #drbikmazfake 
🔴Did you get a request from this person.
🔴 Do you know this person 
🔴Do you have friends in common 
🔴Have you searched the name 
🔴Have you done an image search
🔴Are they asking for money,  gift cards etc
🔴 Are they love bombing you within minutes,  days
🔴Are they living in one country but working abroad 
🔴Are they military,  celebrities,  doctors,  engineers,  investors,  claiming to be able to get your money back 
🔴 Have they video called
🔴 Does something not feel right 
All these can be red flags, never send money to anyone you haven't met in person.  If you feel something is not right,  trust yourself and ask for advice 
Scammers target people from any walks of life. 
#besafe #beaware #stopscammers #catfishscammer #pigbutcheringscam #fraud #imposters #ActionFraud #staysafe ##honeypotscam #romancefraud",C:\Users\hp\Desktop\Project\Full_code_Amala (1)\Full_code_Amala\downloads\wolfbait_2_3362894916519734684.webp,https://www.instagram.com/p/C6rZxv0IC2c/,9,0
wolfbait_2,"Fake profile using stolen photos of Dr Norman Blanco 
Scammers cannot decide which name to use 
#drnormanblancofake 

🔴Did you get a request from this person.
🔴 Do you know this person 
🔴Do you have friends in common 
🔴Have you searched the name 
🔴Have you done an image search
🔴Are they asking for money,  gift cards etc
🔴 Are they love bombing you within minutes,  days
🔴Are they living in one country but working abroad 
🔴Are they military,  celebrities,  doctors,  engineers,  investors,  claiming to be able to get your money back 
🔴 Have they video called
🔴 Does something not feel right 
All these can be red flags, never send money to anyone you haven't met in person.  If you feel something is not right,  trust yourself and ask for advice 
Scammers target people from any walks of life. 
#besafe #beaware #stopscammers #catfishscammer #pigbutcheringscam #fraud #imposters #ActionFraud #staysafe",C:\Users\hp\Desktop\Project\Full_code_Amala (1)\Full_code_Amala\downloads\wolfbait_2_3319385684625626019.webp,https://www.instagram.com/p/C4Q07F8oJOj/,6,0
wolfbait_2,"Fake profile using stolen photos.  African url and name doesn't match 
#ikelevyfake 
🔴Did you get a request from this person.
🔴 Do you know this person 
🔴Do you have friends in common 
🔴Have you searched the name 
🔴Have you done an image search
🔴Are they asking for money,  gift cards etc
🔴 Are they love bombing you within minutes,  days
🔴Are they living in one country but working abroad 
🔴Are they military,  celebrities,  doctors,  engineers,  investors,  claiming to be able to get your money back 
🔴 Have they video called
🔴 Does something not feel right 
All these can be red flags, never send money to anyone you haven't met in person.  If you feel something is not right,  trust yourself and ask for advice 
Scammers target people from any walks of life. 
#besafe #beaware #stopscammers #catfishscammer #pigbutcheringscam #fraud #imposters #ActionFraud #staysafe",C:\Users\hp\Desktop\Project\Full_code_Amala (1)\Full_code_Amala\downloads\wolfbait_2_3315735899985292953.webp,https://www.instagram.com/p/C4D3DvHoi6Z/,7,1
wolfbait_2,"2 fake profiles using stolen photos of Ryan Sisub (Bank Ryan)
#ryansisub 
🔴Did you get a request from this person.
🔴 Do you know this person 
🔴Do you have friends in common 
🔴Have you searched the name 
🔴Have you done an image search
🔴Are they asking for money,  gift cards etc
🔴 Are they love bombing you within minutes,  days
🔴Are they living in one country but working abroad 
🔴Are they military,  celebrities,  doctors,  engineers,  investors,  claiming to be able to get your money back 
🔴 Have they video called
🔴 Does something not feel right 
All these can be red flags, never send money to anyone you haven't met in person.  If you feel something is not right,  trust yourself and ask for advice 
Scammers target people from any walks of life. 
#besafe #beaware #stopscammers #catfishscammer #pigbutcheringscam #fraud #imposters #ActionFraud #staysafe","[WindowsPath('C:/Users/hp/Desktop/Project/Full_code_Amala (1)/Full_code_Amala/downloads/wolfbait_2_3336729511661260920.webp'), WindowsPath('C:/Users/hp/Desktop/Project/Full_code_Amala (1)/Full_code_Amala/downloads/wolfbait_2_3336729511661295608.webp'), WindowsPath('C:/Users/hp/Desktop/Project/Full_code_Amala (1)/Full_code_Amala/downloads/wolfbait_2_3336729511661261442.webp')]",https://www.instagram.com/p/C5OcdK3I_IG/,5,0
wolfbait_2,"Fake profile using stolen photos 
#danieletoso #fakeprofile #stolenphotos 🔴Did you get a request from this person.
🔴 Do you know this person 
🔴Do you have friends in common 
🔴Have you searched the name 
🔴Have you done an image search
🔴Are they asking for money,  gift cards etc
🔴 Are they love bombing you within minutes,  days
🔴Are they living in one country but working abroad 
🔴Are they military,  celebrities,  doctors,  engineers,  investors,  claiming to be able to get your money back 
🔴 Have they video called
🔴 Does something not feel right 
All these can be red flags, never send money to anyone you haven't met in person.  If you feel something is not right,  trust yourself and ask for advice 
Scammers target people from any walks of life. 
#besafe #beaware #stopscammers #catfishscammer #pigbutcheringscam #fraud #imposters #ActionFraud #staysafe",C:\Users\hp\Desktop\Project\Full_code_Amala (1)\Full_code_Amala\downloads\wolfbait_2_3314191112647921711.webp,https://www.instagram.com/p/C3-X0HzItAv/,6,0
wolfbait_2,"Pilot Johnnie Fake 
##pilotjohnniefake ##fakepilot #notrealman 
🚩 Do you know this person 
🚩Do you have friends in common 
🚩Have you searched the name 
🚩Have you done an image search
🚩Are they asking for money,  gift cards etc
🚩 Are they love bombing you within minutes,  days
🚩Are they living in one country but working abroad 
🚩Are they military,  celebrities,  doctors,  engineers,  Models.
🚩 Investors,  claiming to be able to get your money back 
🚩 Have they video called
🚩 Does something not feel right 
🚩 Are they asking you to download another app to chat with 
🚩 Have they offered to send you money,  gifts etc
All these can be red flags, never send money to anyone you haven't met in person.  If you feel something is not right,  trust yourself and ask for advice 
Scammers target people from any walks of life. 
#besafe #beaware #stopscammers #catfishscammer #pigbutcheringscam #fraud #imposters #ActionFraud #staysafe ##honeypotscam #romancefraud #tiktok #trending #viral #tiktokfeed",C:\Users\hp\Desktop\Project\Full_code_Amala (1)\Full_code_Amala\downloads\wolfbait_2_3391264862844805597.webp,https://www.instagram.com/p/C8QMWzRIOHd/,2,0
wolfbait_2,"Fake profile using stolen photos. 
#stephenniesefake 
🔴Did you get a request from this person.
🔴 Do you know this person 
🔴Do you have friends in common 
🔴Have you searched the name 
🔴Have you done an image search
🔴Are they asking for money,  gift cards etc
🔴 Are they love bombing you within minutes,  days
🔴Are they living in one country but working abroad 
🔴Are they military,  celebrities,  doctors,  engineers,  investors,  claiming to be able to get your money back 
🔴 Have they video called
🔴 Does something not feel right 
All these can be red flags, never send money to anyone you haven't met in person.  If you feel something is not right,  trust yourself and ask for advice 
Scammers target people from any walks of life. 
#besafe #beaware #stopscammers #catfishscammer #pigbutcheringscam #fraud #imposters #ActionFraud #staysafe",C:\Users\hp\Desktop\Project\Full_code_Amala (1)\Full_code_Amala\downloads\wolfbait_2_3308514811710632821.webp,https://www.instagram.com/p/C3qNLEmIXN1/,3,0
wolfbait_2,"Fake profile using stolen photos of Todd Poindexter 
A clever anti scam sister baited this one and as you'll hear African accent,  account operating from Katsina Nigeria 
#fakeprofile ##stolenphotos 
🔴Did you get a request from this person.
🔴 Do you know this person 
🔴Do you have friends in common 
🔴Have you searched the name 
🔴Have you done an image search
🔴Are they asking for money,  gift cards etc
🔴 Are they love bombing you within minutes,  days
🔴Are they living in one country but working abroad 
🔴Are they military,  celebrities,  doctors,  engineers,  investors,  claiming to be able to get your money back 
🔴 Have they video called
🔴 Does something not feel right 
All these can be red flags, never send money to anyone you haven't met in person.  If you feel something is not right,  trust yourself and ask for advice 
Scammers target people from any walks of life. 
#besafe #beaware #stopscammers #catfishscammer #pigbutcheringscam #fraud #imposters #ActionFraud #staysafe","[WindowsPath('C:/Users/hp/Desktop/Project/Full_code_Amala (1)/Full_code_Amala/downloads/wolfbait_2_3315050592210096171.webp'), WindowsPath('C:/Users/hp/Desktop/Project/Full_code_Amala (1)/Full_code_Amala/downloads/wolfbait_2_3315050445225028973.mp4'), WindowsPath('C:/Users/hp/Desktop/Project/Full_code_Amala (1)/Full_code_Amala/downloads/wolfbait_2_3315050592210147366.webp'), WindowsPath('C:/Users/hp/Desktop/Project/Full_code_Amala (1)/Full_code_Amala/downloads/wolfbait_2_3315050592193440562.webp')]",https://www.instagram.com/p/C4BbPUuIz-X/,4,0
wolfbait_2,"Fake profile using stolen photos of Dr Michael Mirosnik.  Scammers changed name once 
#drmichaelmiroshnikfake 
🔴Did you get a request from this person.
🔴 Do you know this person 
🔴Do you have friends in common 
🔴Have you searched the name 
🔴Have you done an image search
🔴Are they asking for money,  gift cards etc
🔴 Are they love bombing you within minutes,  days
🔴Are they living in one country but working abroad 
🔴Are they military,  celebrities,  doctors,  engineers,  investors,  claiming to be able to get your money back 
🔴 Have they video called
🔴 Does something not feel right 
All these can be red flags, never send money to anyone you haven't met in person.  If you feel something is not right,  trust yourself and ask for advice 
Scammers target people from any walks of life. 
#besafe #beaware #stopscammers #catfishscammer #pigbutcheringscam #fraud #imposters #ActionFraud #staysafe",C:\Users\hp\Desktop\Project\Full_code_Amala (1)\Full_code_Amala\downloads\wolfbait_2_3315051538344393957.webp,https://www.instagram.com/p/C4Bbc9rITzl/,3,0
wolfbait_2,"Fake profile using stolen photos of Dr Michael Mirosnik 
#drmichaelmiroshnikfake 
🔴Did you get a request from this person.
🔴 Do you know this person 
🔴Do you have friends in common 
🔴Have you searched the name 
🔴Have you done an image search
🔴Are they asking for money,  gift cards etc
🔴 Are they love bombing you within minutes,  days
🔴Are they living in one country but working abroad 
🔴Are they military,  celebrities,  doctors,  engineers,  investors,  claiming to be able to get your money back 
🔴 Have they video called
🔴 Does something not feel right 
All these can be red flags, never send money to anyone you haven't met in person.  If you feel something is not right,  trust yourself and ask for advice 
Scammers target people from any walks of life. 
#besafe #beaware #stopscammers #catfishscammer #pigbutcheringscam #fraud #imposters #ActionFraud #staysafe",C:\Users\hp\Desktop\Project\Full_code_Amala (1)\Full_code_Amala\downloads\wolfbait_2_3315189910840915293.webp,https://www.instagram.com/p/C4B66jGobVd/,2,0
wolfbait_2,"Fake profile using stolen photos 
#drkorkmazfake 
🔴Did you get a request from this person.
🔴 Do you know this person 
🔴Do you have friends in common 
🔴Have you searched the name 
🔴Have you done an image search
🔴Are they asking for money,  gift cards etc
🔴 Are they love bombing you within minutes,  days
🔴Are they living in one country but working abroad 
🔴Are they military,  celebrities,  doctors,  engineers,  investors,  claiming to be able to get your money back 
🔴 Have they video called
🔴 Does something not feel right 
All these can be red flags, never send money to anyone you haven't met in person.  If you feel something is not right,  trust yourself and ask for advice 
Scammers target people from any walks of life. 
#besafe #beaware #stopscammers #catfishscammer #pigbutcheringscam #fraud #imposters #ActionFraud #staysafe",C:\Users\hp\Desktop\Project\Full_code_Amala (1)\Full_code_Amala\downloads\wolfbait_2_3311825986967875320.webp,https://www.instagram.com/p/C31-DA3IK74/,3,0
wolfbait_2,"Fake profile using stolen photos of Dr Bahadir Baykal
#drbaykalfake 
🔴Did you get a request from this person.
🔴 Do you know this person 
🔴Do you have friends in common 
🔴Have you searched the name 
🔴Have you done an image search
🔴Are they asking for money,  gift cards etc
🔴 Are they love bombing you within minutes,  days
🔴Are they living in one country but working abroad 
🔴Are they military,  celebrities,  doctors,  engineers,  investors,  claiming to be able to get your money back 
🔴 Have they video called
🔴 Does something not feel right 
All these can be red flags, never send money to anyone you haven't met in person.  If you feel something is not right,  trust yourself and ask for advice 
Scammers target people from any walks of life. 
#besafe #beaware #stopscammers #catfishscammer #pigbutcheringscam #fraud #imposters #ActionFraud #staysafe","[WindowsPath('C:/Users/hp/Desktop/Project/Full_code_Amala (1)/Full_code_Amala/downloads/wolfbait_2_3315855908569871037.webp'), WindowsPath('C:/Users/hp/Desktop/Project/Full_code_Amala (1)/Full_code_Amala/downloads/wolfbait_2_3315855908569674073.webp'), WindowsPath('C:/Users/hp/Desktop/Project/Full_code_Amala (1)/Full_code_Amala/downloads/wolfbait_2_3315855908603314051.webp')]",https://www.instagram.com/p/C4ESWKOLPsD/,7,0
wolfbait_2,"Fake profile using stolen photos of Alexandre Correa 
#alewin71fake #alexandrecorreafake 
🔴Did you get a request from this person.
🔴 Do you know this person 
🔴Do you have friends in common 
🔴Have you searched the name 
🔴Have you done an image search
🔴Are they asking for money,  gift cards etc
🔴 Are they love bombing you within minutes,  days
🔴Are they living in one country but working abroad 
🔴Are they military,  celebrities,  doctors,  engineers,  investors,  claiming to be able to get your money back 
🔴 Have they video called
🔴 Does something not feel right 
All these can be red flags, never send money to anyone you haven't met in person.  If you feel something is not right,  trust yourself and ask for advice 
Scammers target people from any walks of life. 
#besafe #beaware #stopscammers #catfishscammer #pigbutcheringscam #fraud #imposters #ActionFraud #staysafe",C:\Users\hp\Desktop\Project\Full_code_Amala (1)\Full_code_Amala\downloads\wolfbait_2_3314243149649424182.webp,https://www.instagram.com/p/C3-jpXCIC82/,7,0
wolfbait_2,"Fake profile using stolen photos,  sending requests 
🔴Did you get a request from this person.
🔴 Do you know this person 
🔴Do you have friends in common 
🔴Have you searched the name 
🔴Have you done an image search
🔴Are they asking for money,  gift cards etc
🔴 Are they love bombing you within minutes,  days
🔴Are they living in one country but working abroad 
🔴Are they military,  celebrities,  doctors,  engineers,  investors,  claiming to be able to get your money back 
🔴 Have they video called
🔴 Does something not feel right 
All these can be red flags, never send money to anyone you haven't met in person.  If you feel something is not right,  trust yourself and ask for advice 
Scammers target people from any walks of life. 
#besafe #beaware #stopscammers #catfishscammer #pigbutcheringscam #fraud #imposters #ActionFraud #staysafe","[WindowsPath('C:/Users/hp/Desktop/Project/Full_code_Amala (1)/Full_code_Amala/downloads/wolfbait_2_3315118502480548264.webp'), WindowsPath('C:/Users/hp/Desktop/Project/Full_code_Amala (1)/Full_code_Amala/downloads/wolfbait_2_3315118502497251934.webp')]",https://www.instagram.com/p/C4BqreqrvtX/,3,0
wolfbait_2,"Fake profile using stolen photos of Dr Kerem Bikmaz 
#drkerembikmazfake 
🔴Did you get a request from this person.
🔴 Do you know this person 
🔴Do you have friends in common 
🔴Have you searched the name 
🔴Have you done an image search
🔴Are they asking for money,  gift cards etc
🔴 Are they love bombing you within minutes,  days
🔴Are they living in one country but working abroad 
🔴Are they military,  celebrities,  doctors,  engineers,  investors,  claiming to be able to get your money back 
🔴 Have they video called
🔴 Does something not feel right 
All these can be red flags, never send money to anyone you haven't met in person.  If you feel something is not right,  trust yourself and ask for advice 
Scammers target people from any walks of life. 
#besafe #beaware #stopscammers #catfishscammer #pigbutcheringscam #fraud #imposters #ActionFraud #staysafe",C:\Users\hp\Desktop\Project\Full_code_Amala (1)\Full_code_Amala\downloads\wolfbait_2_3315063146189840699.webp,https://www.instagram.com/p/C4BeF4UomE7/,4,0
wolfbait_2,"Fake profile using stolen photos of Dr Henry Garcia who is blue ticked verified 
🔴Did you get a request from this person.
🔴 Do you know this person 
🔴Do you have friends in common 
🔴Have you searched the name 
🔴Have you done an image search
🔴Are they asking for money,  gift cards etc
🔴 Are they love bombing you within minutes,  days
🔴Are they living in one country but working abroad 
🔴Are they military,  celebrities,  doctors,  engineers,  investors,  claiming to be able to get your money back 
🔴 Have they video called
🔴 Does something not feel right 
All these can be red flags, never send money to anyone you haven't met in person.  If you feel something is not right,  trust yourself and ask for advice 
Scammers target people from any walks of life. 
#besafe #beaware #stopscammers #catfishscammer #pigbutcheringscam #fraud #imposters #ActionFraud #staysafe",C:\Users\hp\Desktop\Project\Full_code_Amala (1)\Full_code_Amala\downloads\wolfbait_2_3321531512708043753.webp,https://www.instagram.com/p/C4Yc1AFOpPp/,5,0
wolfbait_2,"This script has come from a scammer using Gerggon Gongalez stolen photos.  I'm sharing it as many will reconise how scammers use manipulation and guilt tripping to gain money 
#scams #fraud #conartist #pigbutcheringscam","[WindowsPath('C:/Users/hp/Desktop/Project/Full_code_Amala (1)/Full_code_Amala/downloads/wolfbait_2_3296951735258353782.webp'), WindowsPath('C:/Users/hp/Desktop/Project/Full_code_Amala (1)/Full_code_Amala/downloads/wolfbait_2_3296951735266827842.webp')]",https://www.instagram.com/p/C3BICN9L1Za/,1,0
wolfbait_2,"Fake profile using stolen photos.  Angela Marie is usually female names 

🔴Did you get a request from this person.
🔴 Do you know this person 
🔴Do you have friends in common 
🔴Have you searched the name 
🔴Have you done an image search
🔴Are they asking for money,  gift cards etc
🔴 Are they love bombing you within minutes,  days
🔴Are they living in one country but working abroad 
🔴Are they military,  celebrities,  doctors,  engineers,  investors,  claiming to be able to get your money back 
🔴 Have they video called
🔴 Does something not feel right 
All these can be red flags, never send money to anyone you haven't met in person.  If you feel something is not right,  trust yourself and ask for advice 
Scammers target people from any walks of life. 
#besafe #beaware #stopscammers #catfishscammer #pigbutcheringscam #fraud #imposters #ActionFraud #staysafe",C:\Users\hp\Desktop\Project\Full_code_Amala (1)\Full_code_Amala\downloads\wolfbait_2_3304248802149507310.webp,https://www.instagram.com/p/C3bDMdloaDu/,2,0
wolfbait_2,"Fake profile using stolen photos 
#opdrkerembikmazfake #drkerembikmazfake 
🔴Did you get a request from this person.
🔴 Do you know this person 
🔴Do you have friends in common 
🔴Have you searched the name 
🔴Have you done an image search
🔴Are they asking for money,  gift cards etc
🔴 Are they love bombing you within minutes,  days
🔴Are they living in one country but working abroad 
🔴Are they military,  celebrities,  doctors,  engineers,  investors,  claiming to be able to get your money back 
🔴 Have they video called
🔴 Does something not feel right 
All these can be red flags, never send money to anyone you haven't met in person.  If you feel something is not right,  trust yourself and ask for advice 
Scammers target people from any walks of life. 
#besafe #beaware #stopscammers #catfishscammer #pigbutcheringscam #fraud #imposters #ActionFraud #staysafe",C:\Users\hp\Desktop\Project\Full_code_Amala (1)\Full_code_Amala\downloads\wolfbait_2_3310487580342082254.webp,https://www.instagram.com/p/C3xNuojodrO/,3,2
wolfbait_2,"Fake profile using stolen photos of Paul Brunetti 
#paulobrunettifake 
🔴Did you get a request from this person.
🔴 Do you know this person 
🔴Do you have friends in common 
🔴Have you searched the name 
🔴Have you done an image search
🔴Are they asking for money,  gift cards etc
🔴 Are they love bombing you within minutes,  days
🔴Are they living in one country but working abroad 
🔴Are they military,  celebrities,  doctors,  engineers,  investors,  claiming to be able to get your money back 
🔴 Have they video called
🔴 Does something not feel right 
All these can be red flags, never send money to anyone you haven't met in person.  If you feel something is not right,  trust yourself and ask for advice 
Scammers target people from any walks of life. 
#besafe #beaware #stopscammers #catfishscammer #pigbutcheringscam #fraud #imposters #ActionFraud #staysafe",C:\Users\hp\Desktop\Project\Full_code_Amala (1)\Full_code_Amala\downloads\wolfbait_2_3320136309407827511.webp,https://www.instagram.com/p/C4TfmHwIUY3/,4,0
wolfbait_2,"Fake profile using stolen photos of Pedro Hipolito
#pedrohipolitofake 
🔴Did you get a request from this person.
🔴 Do you know this person 
🔴Do you have friends in common 
🔴Have you searched the name 
🔴Have you done an image search
🔴Are they asking for money,  gift cards etc
🔴 Are they love bombing you within minutes,  days
🔴Are they living in one country but working abroad 
🔴Are they military,  celebrities,  doctors,  engineers,  investors,  claiming to be able to get your money back 
🔴 Have they video called
🔴 Does something not feel right 
All these can be red flags, never send money to anyone you haven't met in person.  If you feel something is not right,  trust yourself and ask for advice 
Scammers target people from any walks of life. 
#besafe #beaware #stopscammers #catfishscammer #pigbutcheringscam #fraud #imposters #ActionFraud #staysafe",C:\Users\hp\Desktop\Project\Full_code_Amala (1)\Full_code_Amala\downloads\wolfbait_2_3316660996833066221.webp,https://www.instagram.com/p/C4HJZqsoLzt/,5,0
wolfbait_2,"Fake profile using stolen photos of Dr Michael Mirosnik 
#drmichaelmiroshnikfake 
🔴Did you get a request from this person.
🔴 Do you know this person 
🔴Do you have friends in common 
🔴Have you searched the name 
🔴Have you done an image search
🔴Are they asking for money,  gift cards etc
🔴 Are they love bombing you within minutes,  days
🔴Are they living in one country but working abroad 
🔴Are they military,  celebrities,  doctors,  engineers,  investors,  claiming to be able to get your money back 
🔴 Have they video called
🔴 Does something not feel right 
All these can be red flags, never send money to anyone you haven't met in person.  If you feel something is not right,  trust yourself and ask for advice 
Scammers target people from any walks of life. 
#besafe #beaware #stopscammers #catfishscammer #pigbutcheringscam #fraud #imposters #ActionFraud #staysafe","[WindowsPath('C:/Users/hp/Desktop/Project/Full_code_Amala (1)/Full_code_Amala/downloads/wolfbait_2_3329661051944863339.webp'), WindowsPath('C:/Users/hp/Desktop/Project/Full_code_Amala (1)/Full_code_Amala/downloads/wolfbait_2_3329661052020452939.webp')]",https://www.instagram.com/p/C41VRerIAIB/,3,0
wolfbait_2,"Fake Profile 
#opdrkerembikmazfake #drkerembikmazfake 
🔴Did you get a request from this person.
🔴 Do you know this person 
🔴Do you have friends in common 
🔴Have you searched the name 
🔴Have you done an image search
🔴Are they asking for money,  gift cards etc
🔴 Are they love bombing you within minutes,  days
🔴Are they living in one country but working abroad 
🔴Are they military,  celebrities,  doctors,  engineers,  investors,  claiming to be able to get your money back 
🔴 Have they video called
🔴 Does something not feel right 
All these can be red flags, never send money to anyone you haven't met in person.  If you feel something is not right,  trust yourself and ask for advice 
Scammers target people from any walks of life. 
#besafe #beaware #stopscammers #catfishscammer #pigbutcheringscam #fraud #imposters #ActionFraud #staysafe",C:\Users\hp\Desktop\Project\Full_code_Amala (1)\Full_code_Amala\downloads\wolfbait_2_3318573961232567091.webp,https://www.instagram.com/p/C4N8W9oIMsz/,7,0
wolfbait_2,"Fake profile using stolen photos of Dr Christian Boving 
#drchristianbøvingfake 
🔴Did you get a request from this person.
🔴 Do you know this person 
🔴Do you have friends in common 
🔴Have you searched the name 
🔴Have you done an image search
🔴Are they asking for money,  gift cards etc
🔴 Are they love bombing you within minutes,  days
🔴Are they living in one country but working abroad 
🔴Are they military,  celebrities,  doctors,  engineers,  investors,  claiming to be able to get your money back 
🔴 Have they video called
🔴 Does something not feel right 
All these can be red flags, never send money to anyone you haven't met in person.  If you feel something is not right,  trust yourself and ask for advice 
Scammers target people from any walks of life. 
#besafe #beaware #stopscammers #catfishscammer #pigbutcheringscam #fraud #imposters #ActionFraud #staysafe",C:\Users\hp\Desktop\Project\Full_code_Amala (1)\Full_code_Amala\downloads\wolfbait_2_3317925004936738006.webp,https://www.instagram.com/p/C4LozZ-o_TW/,5,0
wolfbait_2,"Fake profile using stolen photos 
#jonathanemarshfake 
🔴Did you get a request from this person.
🔴 Do you know this person 
🔴Do you have friends in common 
🔴Have you searched the name 
🔴Have you done an image search
🔴Are they asking for money,  gift cards etc
🔴 Are they love bombing you within minutes,  days
🔴Are they living in one country but working abroad 
🔴Are they military,  celebrities,  doctors,  engineers,  investors,  claiming to be able to get your money back 
🔴 Have they video called
🔴 Does something not feel right 
All these can be red flags, never send money to anyone you haven't met in person.  If you feel something is not right,  trust yourself and ask for advice 
Scammers target people from any walks of life. 
#besafe #beaware #stopscammers #catfishscammer #pigbutcheringscam #fraud #imposters #ActionFraud #staysafe",C:\Users\hp\Desktop\Project\Full_code_Amala (1)\Full_code_Amala\downloads\wolfbait_2_3317856759298690472.webp,https://www.instagram.com/p/C4LZSTRoI2o/,5,0
wolfbait_2,"Fake profile using stolen photos of Dr Garth Davis who is blue tick verified 
#drgarthdavisfake 
🔴Did you get a request from this person.
🔴 Do you know this person 
🔴Do you have friends in common 
🔴Have you searched the name 
🔴Have you done an image search
🔴Are they asking for money,  gift cards etc
🔴 Are they love bombing you within minutes,  days
🔴Are they living in one country but working abroad 
🔴Are they military,  celebrities,  doctors,  engineers,  investors,  claiming to be able to get your money back 
🔴 Have they video called
🔴 Does something not feel right 
All these can be red flags, never send money to anyone you haven't met in person.  If you feel something is not right,  trust yourself and ask for advice 
Scammers target people from any walks of life. 
#besafe #beaware #stopscammers #catfishscammer #pigbutcheringscam #fraud #imposters #ActionFraud #staysafe",C:\Users\hp\Desktop\Project\Full_code_Amala (1)\Full_code_Amala\downloads\wolfbait_2_3317634364499662742.webp,https://www.instagram.com/p/C4KmuB-oZeW/,8,1
wolfbait_2,"Fake profile using stolen photos of Tony Baroud 
#tonybaroudfake 
🔴Did you get a request from this person.
🔴 Do you know this person 
🔴Do you have friends in common 
🔴Have you searched the name 
🔴Have you done an image search
🔴Are they asking for money,  gift cards etc
🔴 Are they love bombing you within minutes,  days
🔴Are they living in one country but working abroad 
🔴Are they military,  celebrities,  doctors,  engineers,  investors,  claiming to be able to get your money back 
🔴 Have they video called
🔴 Does something not feel right 
All these can be red flags, never send money to anyone you haven't met in person.  If you feel something is not right,  trust yourself and ask for advice 
Scammers target people from any walks of life. 
#besafe #beaware #stopscammers #catfishscammer #pigbutcheringscam #fraud #imposters #ActionFraud #staysafe",C:\Users\hp\Desktop\Project\Full_code_Amala (1)\Full_code_Amala\downloads\wolfbait_2_3316538800023236342.webp,https://www.instagram.com/p/C4GtneDL272/,4,0
wolfbait_2,"Fake profile using stolen photos.  Wouldn't show his real face but is definitely African although you cannot hear his voice our clever anti scam sister could 
Hes going through all anti scam pages likely looking for victims of scams to target with reimbursement scam 
🔴Did you get a request from this person.
🔴 Do you know this person 
🔴Do you have friends in common 
🔴Have you searched the name 
🔴Have you done an image search
🔴Are they asking for money,  gift cards etc
🔴 Are they love bombing you within minutes,  days
🔴Are they living in one country but working abroad 
🔴Are they military,  celebrities,  doctors,  engineers,  investors,  claiming to be able to get your money back 
🔴 Have they video called
🔴 Does something not feel right 
All these can be red flags, never send money to anyone you haven't met in person.  If you feel something is not right,  trust yourself and ask for advice 
Scammers target people from any walks of life. 
#besafe #beaware #stopscammers #catfishscammer #pigbutcheringscam #fraud #imposters #ActionFraud #staysafe","[WindowsPath('C:/Users/hp/Desktop/Project/Full_code_Amala (1)/Full_code_Amala/downloads/wolfbait_2_3320163451169178208.webp'), WindowsPath('C:/Users/hp/Desktop/Project/Full_code_Amala (1)/Full_code_Amala/downloads/wolfbait_2_3320163451219664610.webp'), WindowsPath('C:/Users/hp/Desktop/Project/Full_code_Amala (1)/Full_code_Amala/downloads/wolfbait_2_3320163296181356468.mp4'), WindowsPath('C:/Users/hp/Desktop/Project/Full_code_Amala (1)/Full_code_Amala/downloads/wolfbait_2_3320163451186134698.webp')]",https://www.instagram.com/p/C4TlxJfrcg0/,7,0
wolfbait_2,"Hmmmm Instagram suggested this for me.  No common friends,  followers etc 
It's fake using stolen photos of Joe Cross so Instagram don't suggest scammers 
#joecrossfake #joethejuicerfake 
🔴Did you get a request from this person.
🔴 Do you know this person 
🔴Do you have friends in common 
🔴Have you searched the name 
🔴Have you done an image search
🔴Are they asking for money,  gift cards etc
🔴 Are they love bombing you within minutes,  days
🔴Are they living in one country but working abroad 
🔴Are they military,  celebrities,  doctors,  engineers,  investors,  claiming to be able to get your money back 
🔴 Have they video called
🔴 Does something not feel right 
All these can be red flags, never send money to anyone you haven't met in person.  If you feel something is not right,  trust yourself and ask for advice 
Scammers target people from any walks of life. 
#besafe #beaware #stopscammers #catfishscammer #pigbutcheringscam #fraud #imposters #ActionFraud #staysafe",C:\Users\hp\Desktop\Project\Full_code_Amala (1)\Full_code_Amala\downloads\wolfbait_2_3321652124531726346.webp,https://www.instagram.com/p/C4Y4QImIpgK/,8,1
wolfbait_2,"Fake profile using stolen photos of Dr Rene Sotelo,  url doesn't match name on account 
#drrenesotelofake 
🔴Did you get a request from this person.
🔴 Do you know this person 
🔴Do you have friends in common 
🔴Have you searched the name 
🔴Have you done an image search
🔴Are they asking for money,  gift cards etc
🔴 Are they love bombing you within minutes,  days
🔴Are they living in one country but working abroad 
🔴Are they military,  celebrities,  doctors,  engineers,  investors,  claiming to be able to get your money back 
🔴 Have they video called
🔴 Does something not feel right 
All these can be red flags, never send money to anyone you haven't met in person.  If you feel something is not right,  trust yourself and ask for advice 
Scammers target people from any walks of life. 
#besafe #beaware #stopscammers #catfishscammer #pigbutcheringscam #fraud #imposters #ActionFraud #staysafe",C:\Users\hp\Desktop\Project\Full_code_Amala (1)\Full_code_Amala\downloads\wolfbait_2_3316537985581468080.webp,https://www.instagram.com/p/C4GtbnirEmw/,5,0
wolfbait_2,"Fake profile using stolen photos of Hannah Brooks
#scammingmen #staysafe 🔴Did you get a request from this person.
🔴 Do you know this person 
🔴Do you have friends in common 
🔴Have you searched the name 
🔴Have you done an image search
🔴Are they asking for money,  gift cards etc
🔴 Are they love bombing you within minutes,  days
🔴Are they living in one country but working abroad 
🔴Are they military,  celebrities,  doctors,  engineers,  investors,  claiming to be able to get your money back 
🔴 Have they video called
🔴 Does something not feel right 
All these can be red flags, never send money to anyone you haven't met in person.  If you feel something is not right,  trust yourself and ask for advice 
Scammers target people from any walks of life. 
#besafe #beaware #stopscammers #catfishscammer #pigbutcheringscam #fraud #imposters #ActionFraud #staysafe",C:\Users\hp\Desktop\Project\Full_code_Amala (1)\Full_code_Amala\downloads\wolfbait_2_3317977680001814599.webp,https://www.instagram.com/p/C4L0x7dLtBH/,7,0
wolfbait_2,"Fake profile using stolen photos of Dr Rian Maercks 
🔴Did you get a request from this person.
🔴 Do you know this person 
🔴Do you have friends in common 
🔴Have you searched the name 
🔴Have you done an image search
🔴Are they asking for money,  gift cards etc
🔴 Are they love bombing you within minutes,  days
🔴Are they living in one country but working abroad 
🔴Are they military,  celebrities,  doctors,  engineers,  investors,  claiming to be able to get your money back 
🔴 Have they video called
🔴 Does something not feel right 
All these can be red flags, never send money to anyone you haven't met in person.  If you feel something is not right,  trust yourself and ask for advice 
Scammers target people from any walks of life. 
#besafe #beaware #stopscammers #catfishscammer #pigbutcheringscam #fraud #imposters #ActionFraud #staysafe",C:\Users\hp\Desktop\Project\Full_code_Amala (1)\Full_code_Amala\downloads\wolfbait_2_3319350178558778193.webp,https://www.instagram.com/p/C4Qs2aWIBtR/,4,0
wolfbait_2,"Fake profile using stolen photos of Jo Weil
#joweilfake 
🔴Did you get a request from this person.
🔴 Do you know this person 
🔴Do you have friends in common 
🔴Have you searched the name 
🔴Have you done an image search
🔴Are they asking for money,  gift cards etc
🔴 Are they love bombing you within minutes,  days
🔴Are they living in one country but working abroad 
🔴Are they military,  celebrities,  doctors,  engineers,  investors,  claiming to be able to get your money back 
🔴 Have they video called
🔴 Does something not feel right 
All these can be red flags, never send money to anyone you haven't met in person.  If you feel something is not right,  trust yourself and ask for advice 
Scammers target people from any walks of life. 
#besafe #beaware #stopscammers #catfishscammer #pigbutcheringscam #fraud #imposters #ActionFraud #staysafe",C:\Users\hp\Desktop\Project\Full_code_Amala (1)\Full_code_Amala\downloads\wolfbait_2_3322161856132483833.webp,https://www.instagram.com/p/C4asJtJIQr5/,4,0
wolfbait_2,"Fake Profile using stolen photos of Joao Cleyton Oliveira who is blue ticked verified only 
🔴Did you get a request from this person.
🔴 Do you know this person 
🔴Do you have friends in common 
🔴Have you searched the name 
🔴Have you done an image search
🔴Are they asking for money,  gift cards etc
🔴 Are they love bombing you within minutes,  days
🔴Are they living in one country but working abroad 
🔴Are they military,  celebrities,  doctors,  engineers,  investors,  claiming to be able to get your money back 
🔴 Have they video called
🔴 Does something not feel right 
All these can be red flags, never send money to anyone you haven't met in person.  If you feel something is not right,  trust yourself and ask for advice 
Scammers target people from any walks of life. 
#besafe #beaware #stopscammers #catfishscammer #pigbutcheringscam #fraud #imposters #ActionFraud #staysafe",C:\Users\hp\Desktop\Project\Full_code_Amala (1)\Full_code_Amala\downloads\wolfbait_2_3335371465039997336.webp,https://www.instagram.com/p/C5Jnq0HrumY/,3,0
wolfbait_2,"Fake profile using stolen photos 
🔴Did you get a request from this person.
🔴 Do you know this person 
🔴Do you have friends in common 
🔴Have you searched the name 
🔴Have you done an image search
🔴Are they asking for money,  gift cards etc
🔴 Are they love bombing you within minutes,  days
🔴Are they living in one country but working abroad 
🔴Are they military,  celebrities,  doctors,  engineers,  investors,  claiming to be able to get your money back 
🔴 Have they video called
🔴 Does something not feel right 
All these can be red flags, never send money to anyone you haven't met in person.  If you feel something is not right,  trust yourself and ask for advice 
Scammers target people from any walks of life. 
#besafe #beaware #stopscammers #catfishscammer #pigbutcheringscam #fraud #imposters #ActionFraud #staysafe",C:\Users\hp\Desktop\Project\Full_code_Amala (1)\Full_code_Amala\downloads\wolfbait_2_3319344186123294020.webp,https://www.instagram.com/p/C4QrfNdIxVE/,3,0
wolfbait_2,"Fake profile using stolen photos of Dr Michael Mirosnik who is blue ticked verified only 
🔴Did you get a request from this person.
🔴 Do you know this person 
🔴Do you have friends in common 
🔴Have you searched the name 
🔴Have you done an image search
🔴Are they asking for money,  gift cards etc
🔴 Are they love bombing you within minutes,  days
🔴Are they living in one country but working abroad 
🔴Are they military,  celebrities,  doctors,  engineers,  investors,  claiming to be able to get your money back 
🔴 Have they video called
🔴 Does something not feel right 
All these can be red flags, never send money to anyone you haven't met in person.  If you feel something is not right,  trust yourself and ask for advice 
Scammers target people from any walks of life. 
#besafe #beaware #stopscammers #catfishscammer #pigbutcheringscam #fraud #imposters #ActionFraud #staysafe",C:\Users\hp\Desktop\Project\Full_code_Amala (1)\Full_code_Amala\downloads\wolfbait_2_3320134730806071669.webp,https://www.instagram.com/p/C4TfPJkIhF1/,6,0
wolfbait_2,"Fake profile using stolen photos of Jan A Man
#janamanfake 
🔴Did you get a request from this person.
🔴 Do you know this person 
🔴Do you have friends in common 
🔴Have you searched the name 
🔴Have you done an image search
🔴Are they asking for money,  gift cards etc
🔴 Are they love bombing you within minutes,  days
🔴Are they living in one country but working abroad 
🔴Are they military,  celebrities,  doctors,  engineers,  investors,  claiming to be able to get your money back 
🔴 Have they video called
🔴 Does something not feel right 
All these can be red flags, never send money to anyone you haven't met in person.  If you feel something is not right,  trust yourself and ask for advice 
Scammers target people from any walks of life. 
#besafe #beaware #stopscammers #catfishscammer #pigbutcheringscam #fraud #imposters #ActionFraud #staysafe",C:\Users\hp\Desktop\Project\Full_code_Amala (1)\Full_code_Amala\downloads\wolfbait_2_3322162294714055081.webp,https://www.instagram.com/p/C4asQFmoLmp/,5,0
wolfbait_2,"Fake profile using stolen photos of Joe Cross 
🔴Did you get a request from this person.
🔴 Do you know this person 
🔴Do you have friends in common 
🔴Have you searched the name 
🔴Have you done an image search
🔴Are they asking for money,  gift cards etc
🔴 Are they love bombing you within minutes,  days
🔴Are they living in one country but working abroad 
🔴Are they military,  celebrities,  doctors,  engineers,  investors,  claiming to be able to get your money back 
🔴 Have they video called
🔴 Does something not feel right 
All these can be red flags, never send money to anyone you haven't met in person.  If you feel something is not right,  trust yourself and ask for advice 
Scammers target people from any walks of life. 
#besafe #beaware #stopscammers #catfishscammer #pigbutcheringscam #fraud #imposters #ActionFraud #staysafe",C:\Users\hp\Desktop\Project\Full_code_Amala (1)\Full_code_Amala\downloads\wolfbait_2_3321577832856478466.webp,https://www.instagram.com/p/C4YnXDFOOMC/,3,0
wolfbait_2,"Fake profile using stolen photos 
No doctor is going to send you a friend request and want to follow you.  Its goes against everything and opens them up to all sorts of accusations that they can lose their licence . They also work very long hours and don't have time for chit chat. 
🔴Did you get a request from this person.
🔴 Do you know this person 
🔴Do you have friends in common 
🔴Have you searched the name 
🔴Have you done an image search
🔴Are they asking for money,  gift cards etc
🔴 Are they love bombing you within minutes,  days
🔴Are they living in one country but working abroad 
🔴Are they military,  celebrities,  doctors,  engineers,  investors,  claiming to be able to get your money back 
🔴 Have they video called
🔴 Does something not feel right 
All these can be red flags, never send money to anyone you haven't met in person.  If you feel something is not right,  trust yourself and ask for advice 
Scammers target people from any walks of life. 
#besafe #beaware #stopscammers #catfishscammer #pigbutcheringscam #fraud #imposters #ActionFraud #staysafe",C:\Users\hp\Desktop\Project\Full_code_Amala (1)\Full_code_Amala\downloads\wolfbait_2_3321754725906394586.webp,https://www.instagram.com/p/C4ZPlLkoC3a/,3,0
wolfbait_2,"Fake profile using stolen photos of Dr Vasilije Vujovic 
🔴Did you get a request from this person.
🔴 Do you know this person 
🔴Do you have friends in common 
🔴Have you searched the name 
🔴Have you done an image search
🔴Are they asking for money,  gift cards etc
🔴 Are they love bombing you within minutes,  days
🔴Are they living in one country but working abroad 
🔴Are they military,  celebrities,  doctors,  engineers,  investors,  claiming to be able to get your money back 
🔴 Have they video called
🔴 Does something not feel right 
All these can be red flags, never send money to anyone you haven't met in person.  If you feel something is not right,  trust yourself and ask for advice 
Scammers target people from any walks of life. 
#besafe #beaware #stopscammers #catfishscammer #pigbutcheringscam #fraud #imposters #ActionFraud #staysafe",C:\Users\hp\Desktop\Project\Full_code_Amala (1)\Full_code_Amala\downloads\wolfbait_2_3319497413527465981.webp,https://www.instagram.com/p/C4ROU9mIe_9/,2,0
wolfbait_2,"Fake profile using stolen photos 
#drkorkmazfake 
🔴Did you get a request from this person.
🔴 Do you know this person 
🔴Do you have friends in common 
🔴Have you searched the name 
🔴Have you done an image search
🔴Are they asking for money,  gift cards etc
🔴 Are they love bombing you within minutes,  days
🔴Are they living in one country but working abroad 
🔴Are they military,  celebrities,  doctors,  engineers,  investors,  claiming to be able to get your money back 
🔴 Have they video called
🔴 Does something not feel right 
All these can be red flags, never send money to anyone you haven't met in person.  If you feel something is not right,  trust yourself and ask for advice 
Scammers target people from any walks of life. 
#besafe #beaware #stopscammers #catfishscammer #pigbutcheringscam #fraud #imposters #ActionFraud #staysafe",C:\Users\hp\Desktop\Project\Full_code_Amala (1)\Full_code_Amala\downloads\wolfbait_2_3307893163680655753.webp,https://www.instagram.com/p/C3n_05wIOmJ/,5,0
wolfbait_2,"When checking a profile look at the name.  Does it fit the person in the photos.  This is an African name with white man's photos 🧐🤥🫣
#dronderakdenizfake 
🔴Did you get a request from this person.
🔴 Do you know this person 
🔴Do you have friends in common 
🔴Have you searched the name 
🔴Have you done an image search
🔴Are they asking for money,  gift cards etc
🔴 Are they love bombing you within minutes,  days
🔴Are they living in one country but working abroad 
🔴Are they military,  celebrities,  doctors,  engineers,  investors,  claiming to be able to get your money back 
🔴 Have they video called
🔴 Does something not feel right 
All these can be red flags, never send money to anyone you haven't met in person.  If you feel something is not right,  trust yourself and ask for advice 
Scammers target people from any walks of life. 
#besafe #beaware #stopscammers #catfishscammer #pigbutcheringscam #fraud #imposters #ActionFraud #staysafe",C:\Users\hp\Desktop\Project\Full_code_Amala (1)\Full_code_Amala\downloads\wolfbait_2_3310822909032953694.webp,https://www.instagram.com/p/C3yZ-TvInde/,5,0
wolfbait_2,"Fake profile using stolen photos.  Female url and names don't match 
🔴Did you get a request from this person.
🔴 Do you know this person 
🔴Do you have friends in common 
🔴Have you searched the name 
🔴Have you done an image search
🔴Are they asking for money,  gift cards etc
🔴 Are they love bombing you within minutes,  days
🔴Are they living in one country but working abroad 
🔴Are they military,  celebrities,  doctors,  engineers,  investors,  claiming to be able to get your money back 
🔴 Have they video called
🔴 Does something not feel right 
All these can be red flags, never send money to anyone you haven't met in person.  If you feel something is not right,  trust yourself and ask for advice 
Scammers target people from any walks of life. 
#besafe #beaware #stopscammers #catfishscammer #pigbutcheringscam #fraud #imposters #ActionFraud #staysafe",C:\Users\hp\Desktop\Project\Full_code_Amala (1)\Full_code_Amala\downloads\wolfbait_2_3309976890057441764.webp,https://www.instagram.com/p/C3vZnHKoEHk/,6,0
wolfbait_2,"Fake profile using stolen photos of Dr Michael Mirosnik 
#drmichaelmiroshnikfake
🔴Did you get a request from this person.
🔴 Do you know this person 
🔴Do you have friends in common 
🔴Have you searched the name 
🔴Have you done an image search
🔴Are they asking for money,  gift cards etc
🔴 Are they love bombing you within minutes,  days
🔴Are they living in one country but working abroad 
🔴Are they military,  celebrities,  doctors,  engineers,  investors,  claiming to be able to get your money back 
🔴 Have they video called
🔴 Does something not feel right 
All these can be red flags, never send money to anyone you haven't met in person.  If you feel something is not right,  trust yourself and ask for advice 
Scammers target people from any walks of life. 
#besafe #beaware #stopscammers #catfishscammer #pigbutcheringscam #fraud #imposters #ActionFraud #staysafe",C:\Users\hp\Desktop\Project\Full_code_Amala (1)\Full_code_Amala\downloads\wolfbait_2_3328054499211249096.webp,https://www.instagram.com/p/C4vn-8qoIXI/,8,0
wolfbait_2,"Fake profile using stolen photos 
#drmikeherringfake 
🔴Did you get a request from this person.
🔴 Do you know this person 
🔴Do you have friends in common 
🔴Have you searched the name 
🔴Have you done an image search
🔴Are they asking for money,  gift cards etc
🔴 Are they love bombing you within minutes,  days
🔴Are they living in one country but working abroad 
🔴Are they military,  celebrities,  doctors,  engineers,  investors,  claiming to be able to get your money back 
🔴 Have they video called
🔴 Does something not feel right 
All these can be red flags, never send money to anyone you haven't met in person.  If you feel something is not right,  trust yourself and ask for advice 
Scammers target people from any walks of life. 
#besafe #beaware #stopscammers #catfishscammer #pigbutcheringscam #fraud #imposters #ActionFraud #staysafe",C:\Users\hp\Desktop\Project\Full_code_Amala (1)\Full_code_Amala\downloads\wolfbait_2_3310043827501267799.webp,https://www.instagram.com/p/C3vo1LhL_tX/,6,0
wolfbait_2,"Fake profile using stolen photos 
##johnbarrowmanfake #fakecelebrity 
🔴Did you get a request from this person.
🔴 Do you know this person 
🔴Do you have friends in common 
🔴Have you searched the name 
🔴Have you done an image search
🔴Are they asking for money,  gift cards etc
🔴 Are they love bombing you within minutes,  days
🔴Are they living in one country but working abroad 
🔴Are they military,  celebrities,  doctors,  engineers,  investors,  claiming to be able to get your money back 
🔴 Have they video called
🔴 Does something not feel right 
All these can be red flags, never send money to anyone you haven't met in person.  If you feel something is not right,  trust yourself and ask for advice 
Scammers target people from any walks of life. 
#besafe #beaware #stopscammers #catfishscammer #pigbutcheringscam #fraud #imposters #ActionFraud #staysafe","[WindowsPath('C:/Users/hp/Desktop/Project/Full_code_Amala (1)/Full_code_Amala/downloads/wolfbait_2_3308515424154445671.webp'), WindowsPath('C:/Users/hp/Desktop/Project/Full_code_Amala (1)/Full_code_Amala/downloads/wolfbait_2_3308515424154617816.webp')]",https://www.instagram.com/p/C3qNUF6ovPV/,2,0
wolfbait_2,"Fake profile using stolen photos 
#drmikevarshavskifake 
🔴Did you get a request from this person.
🔴 Do you know this person 
🔴Do you have friends in common 
🔴Have you searched the name 
🔴Have you done an image search
🔴Are they asking for money,  gift cards etc
🔴 Are they love bombing you within minutes,  days
🔴Are they living in one country but working abroad 
🔴Are they military,  celebrities,  doctors,  engineers,  investors,  claiming to be able to get your money back 
🔴 Have they video called
🔴 Does something not feel right 
All these can be red flags, never send money to anyone you haven't met in person.  If you feel something is not right,  trust yourself and ask for advice 
Scammers target people from any walks of life. 
#besafe #beaware #stopscammers #catfishscammer #pigbutcheringscam #fraud #imposters #ActionFraud #staysafe",C:\Users\hp\Desktop\Project\Full_code_Amala (1)\Full_code_Amala\downloads\wolfbait_2_3309949505421627310.webp,https://www.instagram.com/p/C3vTYnPIs-u/,5,0
wolfbait_2,"Fake profile using stolen photos 
🔴Did you get a request from this person.
🔴 Do you know this person 
🔴Do you have friends in common 
🔴Have you searched the name 
🔴Have you done an image search
🔴Are they asking for money,  gift cards etc
🔴 Are they love bombing you within minutes,  days
🔴Are they living in one country but working abroad 
🔴Are they military,  celebrities,  doctors,  engineers,  investors,  claiming to be able to get your money back 
🔴 Have they video called
🔴 Does something not feel right 
All these can be red flags, never send money to anyone you haven't met in person.  If you feel something is not right,  trust yourself and ask for advice 
Scammers target people from any walks of life. 
#besafe #beaware #stopscammers #catfishscammer #pigbutcheringscam #fraud #imposters #ActionFraud #staysafe",C:\Users\hp\Desktop\Project\Full_code_Amala (1)\Full_code_Amala\downloads\wolfbait_2_3334022344088803757.webp,https://www.instagram.com/p/C5E06hUoNmt/,6,0
wolfbait_2,"Url is African and doesn't match name on account 
Fake profile using stolen photos 
#captainthomaslindegaardfake 
🔴Did you get a request from this person.
🔴 Do you know this person 
🔴Do you have friends in common 
🔴Have you searched the name 
🔴Have you done an image search
🔴Are they asking for money,  gift cards etc
🔴 Are they love bombing you within minutes,  days
🔴Are they living in one country but working abroad 
🔴Are they military,  celebrities,  doctors,  engineers,  investors,  claiming to be able to get your money back 
🔴 Have they video called
🔴 Does something not feel right 
All these can be red flags, never send money to anyone you haven't met in person.  If you feel something is not right,  trust yourself and ask for advice 
Scammers target people from any walks of life. 
#besafe #beaware #stopscammers #catfishscammer #pigbutcheringscam #fraud #imposters #ActionFraud #staysafe",C:\Users\hp\Desktop\Project\Full_code_Amala (1)\Full_code_Amala\downloads\wolfbait_2_3312829009378682277.webp,https://www.instagram.com/p/C35iG6RoCWl/,5,0
wolfbait_2,"Fake profile using stolen photos of Joao Cleyton Oliveira on( Facebook )
🔴Did you get a request from this person.
🔴 Do you know this person 
🔴Do you have friends in common 
🔴Have you searched the name 
🔴Have you done an image search
🔴Are they asking for money,  gift cards etc
🔴 Are they love bombing you within minutes,  days
🔴Are they living in one country but working abroad 
🔴Are they military,  celebrities,  doctors,  engineers,  investors,  claiming to be able to get your money back 
🔴 Have they video called
🔴 Does something not feel right 
All these can be red flags, never send money to anyone you haven't met in person.  If you feel something is not right,  trust yourself and ask for advice 
Scammers target people from any walks of life. 
#besafe #beaware #stopscammers #catfishscammer #pigbutcheringscam #fraud #imposters #ActionFraud #staysafe",C:\Users\hp\Desktop\Project\Full_code_Amala (1)\Full_code_Amala\downloads\wolfbait_2_3333592892523544042.webp,https://www.instagram.com/p/C5DTRLYof3q/,7,0
wolfbait_2,"Fake profile using stolen photos 
#drbradleyschaefferfake 
🔴Did you get a request from this person.
🔴 Do you know this person 
🔴Do you have friends in common 
🔴Have you searched the name 
🔴Have you done an image search
🔴Are they asking for money,  gift cards etc
🔴 Are they love bombing you within minutes,  days
🔴Are they living in one country but working abroad 
🔴Are they military,  celebrities,  doctors,  engineers,  investors,  claiming to be able to get your money back 
🔴 Have they video called
🔴 Does something not feel right 
All these can be red flags, never send money to anyone you haven't met in person.  If you feel something is not right,  trust yourself and ask for advice 
Scammers target people from any walks of life. 
#besafe #beaware #stopscammers #catfishscammer #pigbutcheringscam #fraud #imposters #ActionFraud #staysafe #fakedoctor #doctorscam",C:\Users\hp\Desktop\Project\Full_code_Amala (1)\Full_code_Amala\downloads\wolfbait_2_3304965643113163475.webp,https://www.instagram.com/p/C3dmL3woWrT/,3,0
wolfbait_2,"Instagram is riddled with Fake profiles using stolen photos of #akadanidaniels
#scammingmen 
🔴Did you get a request from this person.
🔴 Do you know this person 
🔴Do you have friends in common 
🔴Have you searched the name 
🔴Have you done an image search
🔴Are they asking for money,  gift cards etc
🔴 Are they love bombing you within minutes,  days
🔴Are they living in one country but working abroad 
🔴Are they military,  celebrities,  doctors,  engineers,  investors,  claiming to be able to get your money back 
🔴 Have they video called
🔴 Does something not feel right 
All these can be red flags, never send money to anyone you haven't met in person.  If you feel something is not right,  trust yourself and ask for advice 
Scammers target people from any walks of life. 
#besafe #beaware #stopscammers #catfishscammer #pigbutcheringscam #fraud #imposters #ActionFraud #staysafe",C:\Users\hp\Desktop\Project\Full_code_Amala (1)\Full_code_Amala\downloads\wolfbait_2_3309035767554370564.webp,https://www.instagram.com/p/C3sDn-iI-wE/,8,1
wolfbait_2,"Fake profile using stolen photos of Peter Hadju 
🔴Did you get a request from this person.
🔴 Do you know this person 
🔴Do you have friends in common 
🔴Have you searched the name 
🔴Have you done an image search
🔴Are they asking for money,  gift cards etc
🔴 Are they love bombing you within minutes,  days
🔴Are they living in one country but working abroad 
🔴Are they military,  celebrities,  doctors,  engineers,  investors,  claiming to be able to get your money back 
🔴 Have they video called
🔴 Does something not feel right 
All these can be red flags, never send money to anyone you haven't met in person.  If you feel something is not right,  trust yourself and ask for advice 
Scammers target people from any walks of life. 
#besafe #beaware #stopscammers #catfishscammer #pigbutcheringscam #fraud #imposters #ActionFraud #staysafe",C:\Users\hp\Desktop\Project\Full_code_Amala (1)\Full_code_Amala\downloads\wolfbait_2_3322164642777756570.webp,https://www.instagram.com/p/C4asyQaIXOa/,6,0
wolfbait_2,"Fake profile using stolen photos of Joao Cleyton Oliveira who is blue ticked verified only 
🔴Did you get a request from this person.
🔴 Do you know this person 
🔴Do you have friends in common 
🔴Have you searched the name 
🔴Have you done an image search
🔴Are they asking for money,  gift cards etc
🔴 Are they love bombing you within minutes,  days
🔴Are they living in one country but working abroad 
🔴Are they military,  celebrities,  doctors,  engineers,  investors,  claiming to be able to get your money back 
🔴 Have they video called
🔴 Does something not feel right 
All these can be red flags, never send money to anyone you haven't met in person.  If you feel something is not right,  trust yourself and ask for advice 
Scammers target people from any walks of life. 
#besafe #beaware #stopscammers #catfishscammer #pigbutcheringscam #fraud #imposters #ActionFraud #staysafe",C:\Users\hp\Desktop\Project\Full_code_Amala (1)\Full_code_Amala\downloads\wolfbait_2_3334424913873221539.webp,https://www.instagram.com/p/C5GQcrpoDej/,6,0
wolfbait_2,"Url reads mexico england, both lower casing but name on account reads John Williams.
Always look for the little details. 
Fake profile using popular stolen photos 
#opdrkerembikmazfake #fakedoctor 
🔴Did you get a request from this person.
🔴 Do you know this person 
🔴Do you have friends in common 
🔴Have you searched the name 
🔴Have you done an image search
🔴Are they asking for money,  gift cards etc
🔴 Are they love bombing you within minutes,  days
🔴Are they living in one country but working abroad 
🔴Are they military,  celebrities,  doctors,  engineers,  investors,  claiming to be able to get your money back 
🔴 Have they video called
🔴 Does something not feel right 
All these can be red flags, never send money to anyone you haven't met in person.  If you feel something is not right,  trust yourself and ask for advice 
Scammers target people from any walks of life. 
#besafe #beaware #stopscammers #catfishscammer #pigbutcheringscam #fraud #imposters #ActionFraud #staysafe",C:\Users\hp\Desktop\Project\Full_code_Amala (1)\Full_code_Amala\downloads\wolfbait_2_3308514356041474806.webp,https://www.instagram.com/p/C3qNEcOIeL2/,7,0
wolfbait_2,"Fake profile using stolen photos of Dr Bradley Schaeffer 
#drbradleyschaefferfake 
🔴Did you get a request from this person.
🔴 Do you know this person 
🔴Do you have friends in common 
🔴Have you searched the name 
🔴Have you done an image search
🔴Are they asking for money,  gift cards etc
🔴 Are they love bombing you within minutes,  days
🔴Are they living in one country but working abroad 
🔴Are they military,  celebrities,  doctors,  engineers,  investors,  claiming to be able to get your money back 
🔴 Have they video called
🔴 Does something not feel right 
All these can be red flags, never send money to anyone you haven't met in person.  If you feel something is not right,  trust yourself and ask for advice 
Scammers target people from any walks of life. 
#besafe #beaware #stopscammers #catfishscammer #pigbutcheringscam #fraud #imposters #ActionFraud #staysafe",C:\Users\hp\Desktop\Project\Full_code_Amala (1)\Full_code_Amala\downloads\wolfbait_2_3322713766719763510.webp,https://www.instagram.com/p/C4cppD7obQ2/,9,0
_scammers_alerts,"Report scammer 👉  @durandc23

#cryptoscams
#forexscams
#bitcoinscams
#pigbutcheringscam
#nigerianscammers
#scammer
#instagram_scammers
#datingscams
#instagram
#dating
#asiandating
#asianpigbutcheringscam
#spammers
#romancescams
#jokeoftheday
#laughoftheday
#picoftheday
#_scammers_everywhere
#scammers 
#scammersofinstagram
#scammers_of_instagram 
#instagram_scammers
#foreignexchangescams
#bitcoinscam
#forexscams
#picoftheday
#instagram
#fakeaccounts 

Crypto Forex Scammers - what too look for. 

They always refuse video chat. 

Conversation is started by scammer in all cases by complementing a photo or saying IG recommended your profile to them. 

Username and account name never match. 

They always ask for your location, age,  profession and marital status to see if your worth scamming and then pretend to look forward to a potential romantic friendship. 

90% or more of followers are fakes that have been purchased. 

Easily searchable photos , although now they are resorting to screen grabs of videos making reverse pic look up difficult.
.
Fake testimonials posts, profit loss trading app gains, graphs, chart pics for the gullible that can be grabbed anywhere. 
.
After benign interview they slip crypto investments for one reason or another.
.
Quickly ask you to join them on WhatsApp or Telegram because they claim not to be on instagram a lot to chat. This done because it's easier on those apps to evade moderation.
.
Favourite locations, Florida, NY, LA, London, Paris, Singapore, or any major European city. 

Promise incredible returns, which are just not possible. 

Ask you to sign up to some bogus website that they manipulate - don't even think about clicking on those website links. 

if you sadly make an account on these sites, They will  make it look like you have gains but it's just manipulated by them. You will never ever be able to withdraw it without another unknown bogus claim of a withdrawal fee usually in the thousands. 

Don't believe their claim of you pay","[WindowsPath('C:/Users/hp/Desktop/Project/Full_code_Amala (1)/Full_code_Amala/downloads/_scammers_alerts_3221528864123028930.heic'), WindowsPath('C:/Users/hp/Desktop/Project/Full_code_Amala (1)/Full_code_Amala/downloads/_scammers_alerts_3221528864097984153.heic')]",https://www.instagram.com/p/Cy1K3CDObPk/,5,0
wolfbait_2,"Fake profile using stolen photos of Dr Fernando Gomes Pinto 
#drfernandogomespintofake 
🔴Did you get a request from this person.
🔴 Do you know this person 
🔴Do you have friends in common 
🔴Have you searched the name 
🔴Have you done an image search
🔴Are they asking for money,  gift cards etc
🔴 Are they love bombing you within minutes,  days
🔴Are they living in one country but working abroad 
🔴Are they military,  celebrities,  doctors,  engineers,  investors,  claiming to be able to get your money back 
🔴 Have they video called
🔴 Does something not feel right 
All these can be red flags, never send money to anyone you haven't met in person.  If you feel something is not right,  trust yourself and ask for advice 
Scammers target people from any walks of life. 
#besafe #beaware #stopscammers #catfishscammer #pigbutcheringscam #fraud #imposters #ActionFraud #staysafe",C:\Users\hp\Desktop\Project\Full_code_Amala (1)\Full_code_Amala\downloads\wolfbait_2_3341881044309480900.webp,https://www.instagram.com/p/C5gvxqPrZXE/,5,0
wolfbait_2,"Lol #jenniferanistonfake #princefazzafake 
🔴Did you get a request from this person.
🔴 Do you know this person 
🔴Do you have friends in common 
🔴Have you searched the name 
🔴Have you done an image search
🔴Are they asking for money,  gift cards etc
🔴 Are they love bombing you within minutes,  days
🔴Are they living in one country but working abroad 
🔴Are they military,  celebrities,  doctors,  engineers,  investors,  claiming to be able to get your money back 
🔴 Have they video called
🔴 Does something not feel right 
All these can be red flags, never send money to anyone you haven't met in person.  If you feel something is not right,  trust yourself and ask for advice 
Scammers target people from any walks of life. 
#besafe #beaware #stopscammers #catfishscammer #pigbutcheringscam #fraud #imposters #ActionFraud #staysafe ##honeypotscam #romancefraud",C:\Users\hp\Desktop\Project\Full_code_Amala (1)\Full_code_Amala\downloads\wolfbait_2_3365872814209941873.webp,https://www.instagram.com/p/C61-33KIMFx/,9,0
wolfbait_2,"Scammer posted her own video whilst claiming to be Dr Rian Maercks 
#drrianmaercksfake #fakedoctor #doctorscam ##doctorfake 
https://vm.tiktok.com/ZGem38tAM/
🔴Did you get a request from this person.
🔴 Do you know this person 
🔴Do you have friends in common 
🔴Have you searched the name 
🔴Have you done an image search
🔴Are they asking for money,  gift cards etc
🔴 Are they love bombing you within minutes,  days
🔴Are they living in one country but working abroad 
🔴Are they military,  celebrities,  doctors,  engineers,  investors,  claiming to be able to get your money back 
🔴 Have they video called
🔴 Does something not feel right 
All these can be red flags, never send money to anyone you haven't met in person.  If you feel something is not right,  trust yourself and ask for advice 
Scammers target people from any walks of life. 
#besafe #beaware #stopscammers #catfishscammer #pigbutcheringscam #fraud #imposters #ActionFraud #staysafe",C:\Users\hp\Desktop\Project\Full_code_Amala (1)\Full_code_Amala\downloads\wolfbait_2_3341893917794430183.webp,https://www.instagram.com/p/C5gys_nLOzn/,7,0
wolfbait_2,"Fake profile using stolen photos of Dr Rian Maercks who is blue ticked verified only 
#drrianmaercksfake #fakedoctor #doctorscam #doctorfake 
🔴Did you get a request from this person.
🔴 Do you know this person 
🔴Do you have friends in common 
🔴Have you searched the name 
🔴Have you done an image search
🔴Are they asking for money,  gift cards etc
🔴 Are they love bombing you within minutes,  days
🔴Are they living in one country but working abroad 
🔴Are they military,  celebrities,  doctors,  engineers,  investors,  claiming to be able to get your money back 
🔴 Have they video called
🔴 Does something not feel right 
All these can be red flags, never send money to anyone you haven't met in person.  If you feel something is not right,  trust yourself and ask for advice 
Scammers target people from any walks of life. 
#besafe #beaware #stopscammers #catfishscammer #pigbutcheringscam #fraud #imposters #ActionFraud #staysafe",C:\Users\hp\Desktop\Project\Full_code_Amala (1)\Full_code_Amala\downloads\wolfbait_2_3341888117902593847.webp,https://www.instagram.com/p/C5gxYmCrs83/,6,0
wolfbait_2,"Scammers operating from Nigeria claiming to be Ryan Banks (Sibub) posting fake ones to make it look legitimate and so victims will go to his inbox for help
This really is a pos and needs removing quickly 
#ryansisubfake #celebrityfakes #celebrityscam 
🔴Did you get a request from this person.
🔴 Do you know this person 
🔴Do you have friends in common 
🔴Have you searched the name 
🔴Have you done an image search
🔴Are they asking for money,  gift cards etc
🔴 Are they love bombing you within minutes,  days
🔴Are they living in one country but working abroad 
🔴Are they military,  celebrities,  doctors,  engineers,  investors,  claiming to be able to get your money back 
🔴 Have they video called
🔴 Does something not feel right 
All these can be red flags, never send money to anyone you haven't met in person.  If you feel something is not right,  trust yourself and ask for advice 
Scammers target people from any walks of life. 
#besafe #beaware #stopscammers #catfishscammer #pigbutcheringscam #fraud #imposters #ActionFraud #staysafe","[WindowsPath('C:/Users/hp/Desktop/Project/Full_code_Amala (1)/Full_code_Amala/downloads/wolfbait_2_3343980656955944613.webp'), WindowsPath('C:/Users/hp/Desktop/Project/Full_code_Amala (1)/Full_code_Amala/downloads/wolfbait_2_3343980657425769175.webp')]",https://www.instagram.com/p/C5oNLOgI6mf/,5,1
wolfbait_2,"Curtis Speer is not on TikTok.  All these are fake profiles misusing his stolen photos for financial greed.  Always remember the real people are innocent and victims of stolen identity and photos 
#curtisspeerfake 🔴Did you get a request from this person.
🔴 Do you know this person 
🔴Do you have friends in common 
🔴Have you searched the name 
🔴Have you done an image search
🔴Are they asking for money,  gift cards etc
🔴 Are they love bombing you within minutes,  days
🔴Are they living in one country but working abroad 
🔴Are they military,  celebrities,  doctors,  engineers,  investors,  claiming to be able to get your money back 
🔴 Have they video called
🔴 Does something not feel right 
All these can be red flags, never send money to anyone you haven't met in person.  If you feel something is not right,  trust yourself and ask for advice 
Scammers target people from any walks of life. 
#besafe #beaware #stopscammers #catfishscammer #pigbutcheringscam #fraud #imposters #ActionFraud #staysafe #romancescam ##romancefraud #Instagram #tiktok #meta",C:\Users\hp\Desktop\Project\Full_code_Amala (1)\Full_code_Amala\downloads\wolfbait_2_3339698945170432665.mp4,https://www.instagram.com/p/C5Y_n8DoWKZ/,8,0
wolfbait_2,"Rokeating wants to follow me.  I'll paste him on my wall 
Fake profile using stolen photos of Ronan Keating 
#ronankeatingfake ##fakecelebrity ##celebrityscam 
🔴Did you get a request from this person.
🔴 Do you know this person 
🔴Do you have friends in common 
🔴Have you searched the name 
🔴Have you done an image search
🔴Are they asking for money,  gift cards etc
🔴 Are they love bombing you within minutes,  days
🔴Are they living in one country but working abroad 
🔴Are they military,  celebrities,  doctors,  engineers,  investors,  claiming to be able to get your money back 
🔴 Have they video called
🔴 Does something not feel right 
All these can be red flags, never send money to anyone you haven't met in person.  If you feel something is not right,  trust yourself and ask for advice 
Scammers target people from any walks of life. 
#besafe #beaware #stopscammers #catfishscammer #pigbutcheringscam #fraud #imposters #ActionFraud #staysafe",C:\Users\hp\Desktop\Project\Full_code_Amala (1)\Full_code_Amala\downloads\wolfbait_2_3344399697294001306.webp,https://www.instagram.com/p/C5psc4oIgSa/,4,0
wolfbait_2,"Fake profile using stolen photos of Dr Michael Mirosnik 
#drmichaelmiroshnikfake #fakedoctor #doctorfake ##doctorscam 
🔴Did you get a request from this person.
🔴 Do you know this person 
🔴Do you have friends in common 
🔴Have you searched the name 
🔴Have you done an image search
🔴Are they asking for money,  gift cards etc
🔴 Are they love bombing you within minutes,  days
🔴Are they living in one country but working abroad 
🔴Are they military,  celebrities,  doctors,  engineers,  investors,  claiming to be able to get your money back 
🔴 Have they video called
🔴 Does something not feel right 
All these can be red flags, never send money to anyone you haven't met in person.  If you feel something is not right,  trust yourself and ask for advice 
Scammers target people from any walks of life. 
#besafe #beaware #stopscammers #catfishscammer #pigbutcheringscam #fraud #imposters #ActionFraud #staysafe",C:\Users\hp\Desktop\Project\Full_code_Amala (1)\Full_code_Amala\downloads\wolfbait_2_3345952510683886065.webp,https://www.instagram.com/p/C5vNhSyo7Hx/,3,0
