username,caption,media_path,post_url,likes,comments
clifford_wirespy,#datingscamukraine #romancefraudsters #romancefraudvictims #romancescammer #romancescammerchallenge #romancescammers #romancescammersdontloveyou #romancescamming #antiscam #crime #danisdms #facebookmarketplacescam #onlinescams #cheatingwife #cryptonews #datingscan #deletedaccount #deletedfile #tradingscams #accounthelp #anderson #andersonabade #bitcoinbroker #cato #catsagram #catsfollowers #catsloversworld #catsofinstagram #catsoftheday #catstagram,C:\Users\hp\Desktop\Project\Full_code_Amala (1)\Full_code_Amala\downloads\clifford_wirespy_3395000512318909967.jpg,https://www.instagram.com/p/C8ddvp9Ca4P/,0,0
thespina_tech,#bitcoinfraud #bitcoonscams #cashfxscam #datingscamawareness #datingscammers #datingscamsuk #forexscam #datingscam #datingscams #fraud #romancefraud #datingscamukraine #romancefraudsters #romancefraudvictims #romancescammerchallenge #romancescammers #romancescammersdontloveyou #romancescamming #romancescam #romancescams #romancescammer #blockchainrecovery #cybercrimehelp #bitcoinrecovery #bitcoinrefund #cryptoprotection #blockchainsecurity #cryptoassistance #cryptoexpert #cryptohelp,C:\Users\hp\Desktop\Project\Full_code_Amala (1)\Full_code_Amala\downloads\thespina_tech_3377017671335888070.jpg,https://www.instagram.com/p/C7dk64MMUTG/,0,0
webkrack_toolzz,#datingscamukraine #romancefraudsters #romancefraudvictims #romancescammer #romancescammerchallenge #romancescammers #romancescammersdontloveyou #romancescamming #antiscam #crime #danisdms #facebookmarketplacescam #onlinescams #cheatingwife #cryptonews #datingscan #deletedaccount #deletedfile #tradingscams #accounthelp #anderson #andersonabade #bitcoinbroker #cato #catsagram #catsfollowers #catsloversworld #catsofinstagram #catsoftheday #catstagram,C:\Users\hp\Desktop\Project\Full_code_Amala (1)\Full_code_Amala\downloads\webkrack_toolzz_3395272403875748154.webp,https://www.instagram.com/p/C8ebkMss1k6/,0,0
elderlycrimepreventiongroup,"Romance Scams are riskiest to elderly adults in the 55 - 64 age group according to the Federal Trade Commission (FTC). Older adults reportedly lost nearly $304 million in romance scams in 2020 and this dollar amount has continued to rise year after year. 

The number of older adults turning to the internet for dating has doubled over the past three years. 

Criminal organizations use legitimate dating apps to defraud people who are looking for love online.

*DON'T SEND MONEY TO PEOPLE YOU MEET ONLINE!!!!!

If you suspect that you have been victimized by a romance scam, immediately contact your local law enforcement agency and county State Attorney's Office.

#scams 
#romance
#romancescams 
#romancefraudvictims
#elders
#agingadults
#seniorcitizens",C:\Users\hp\Desktop\Project\Full_code_Amala (1)\Full_code_Amala\downloads\elderlycrimepreventiongroup_3302141356355394669.webp,https://www.instagram.com/p/C3TkBFvsJxt/,8,0
recovery_experts34,"#romancescam #romancescams #romancescammer #romancescammers #romancescamming #romancescammersdontloveyou #datingscams #datingscammers #datingscam #datingscamawareness #datingscamsuk #datingscamukraine #romancefraud #romancefraudvictims #romancefraudsters #romancescammerchallenge #fraud #bitcoonscams #bitcoinfraud #forexscam #cashfxscam http://bitcoinsrecoveryexperts.com/ Have you been a bitcoin scam victim and you want to recover your lost funds back? or have you been cheated by any bitcoin investment site, need bitcoin private key to any non spendable address imported in blockchain as watch only, this is your best bet to recover your lost funds in minutes all you need it’s just the address you send your btc to. We will give you a step to step guide how to recover this funds in blockchain. 
Many have lost their funds in their blockchain to fake mining sites but still have the payment address and don’t want to do inquiries about how to hack back their lost funds, here is a simple software that will help you recover everything you have lost just in 6 hours and the software works 100 % and it is very easy to use. To Get a copy of the software, email bitcoinrecoveryexpertsteam@gmail.com",C:\Users\hp\Desktop\Project\Full_code_Amala (1)\Full_code_Amala\downloads\recovery_experts34_3384811402884665112.jpg,https://www.instagram.com/p/C75RAmUoc8Y/,0,0
recovery_experts34,"#romancescam #romancescams #romancescammer #romancescammers #romancescamming #romancescammersdontloveyou #datingscams #datingscammers #datingscam #datingscamawareness #datingscamsuk #datingscamukraine #romancefraud #romancefraudvictims #romancefraudsters #romancescammerchallenge #fraud #bitcoonscams #bitcoinfraud #forexscam #cashfxscam http://bitcoinsrecoveryexperts.com/ Have you been a bitcoin scam victim and you want to recover your lost funds back? or have you been cheated by any bitcoin investment site, need bitcoin private key to any non spendable address imported in blockchain as watch only, this is your best bet to recover your lost funds in minutes all you need it’s just the address you send your btc to. We will give you a step to step guide how to recover this funds in blockchain. 
Many have lost their funds in their blockchain to fake mining sites but still have the payment address and don’t want to do inquiries about how to hack back their lost funds, here is a simple software that will help you recover everything you have lost just in 6 hours and the software works 100 % and it is very easy to use. To Get a copy of the software, email bitcoinrecoveryexpertsteam@gmail.com",C:\Users\hp\Desktop\Project\Full_code_Amala (1)\Full_code_Amala\downloads\recovery_experts34_3384813243756409550.jpg,https://www.instagram.com/p/C75RbYxI3LO/,0,0
recovery_experts34,"#romancescam #romancescams #romancescammer #romancescammers #romancescamming #romancescammersdontloveyou #datingscams #datingscammers #datingscam #datingscamawareness #datingscamsuk #datingscamukraine #romancefraud #romancefraudvictims #romancefraudsters #romancescammerchallenge #fraud #bitcoonscams #bitcoinfraud #forexscam #cashfxscam http://bitcoinsrecoveryexperts.com/ Have you been a bitcoin scam victim and you want to recover your lost funds back? or have you been cheated by any bitcoin investment site, need bitcoin private key to any non spendable address imported in blockchain as watch only, this is your best bet to recover your lost funds in minutes all you need it’s just the address you send your btc to. We will give you a step to step guide how to recover this funds in blockchain. 
Many have lost their funds in their blockchain to fake mining sites but still have the payment address and don’t want to do inquiries about how to hack back their lost funds, here is a simple software that will help you recover everything you have lost just in 6 hours and the software works 100 % and it is very easy to use. To Get a copy of the software, email bitcoinrecoveryexpertsteam@gmail.com",C:\Users\hp\Desktop\Project\Full_code_Amala (1)\Full_code_Amala\downloads\recovery_experts34_3384813353999271221.jpg,https://www.instagram.com/p/C75Rc_cIAU1/,0,0
recovery_experts34,"#romancescam #romancescams #romancescammer #romancescammers #romancescamming #romancescammersdontloveyou #datingscams #datingscammers #datingscam #datingscamawareness #datingscamsuk #datingscamukraine #romancefraud #romancefraudvictims #romancefraudsters #romancescammerchallenge #fraud #bitcoonscams #bitcoinfraud #forexscam #cashfxscam http://bitcoinsrecoveryexperts.com/ Have you been a bitcoin scam victim and you want to recover your lost funds back? or have you been cheated by any bitcoin investment site, need bitcoin private key to any non spendable address imported in blockchain as watch only, this is your best bet to recover your lost funds in minutes all you need it’s just the address you send your btc to. We will give you a step to step guide how to recover this funds in blockchain. 
Many have lost their funds in their blockchain to fake mining sites but still have the payment address and don’t want to do inquiries about how to hack back their lost funds, here is a simple software that will help you recover everything you have lost just in 6 hours and the software works 100 % and it is very easy to use. To Get a copy of the software, email bitcoinrecoveryexpertsteam@gmail.com",C:\Users\hp\Desktop\Project\Full_code_Amala (1)\Full_code_Amala\downloads\recovery_experts34_3384813685139600950.jpg,https://www.instagram.com/p/C75Rhz1oHY2/,0,0
recovery_experts34,"#romancescam #romancescams #romancescammer #romancescammers #romancescamming #romancescammersdontloveyou #datingscams #datingscammers #datingscam #datingscamawareness #datingscamsuk #datingscamukraine #romancefraud #romancefraudvictims #romancefraudsters #romancescammerchallenge #fraud #bitcoonscams #bitcoinfraud #forexscam #cashfxscam http://bitcoinsrecoveryexperts.com/ Have you been a bitcoin scam victim and you want to recover your lost funds back? or have you been cheated by any bitcoin investment site, need bitcoin private key to any non spendable address imported in blockchain as watch only, this is your best bet to recover your lost funds in minutes all you need it’s just the address you send your btc to. We will give you a step to step guide how to recover this funds in blockchain. 
Many have lost their funds in their blockchain to fake mining sites but still have the payment address and don’t want to do inquiries about how to hack back their lost funds, here is a simple software that will help you recover everything you have lost just in 6 hours and the software works 100 % and it is very easy to use. To Get a copy of the software, email bitcoinrecoveryexpertsteam@gmail.com",C:\Users\hp\Desktop\Project\Full_code_Amala (1)\Full_code_Amala\downloads\recovery_experts34_3384813572472248313.jpg,https://www.instagram.com/p/C75RgK6IRf5/,0,0
recovery_experts34,"#romancescam #romancescams #romancescammer #romancescammers #romancescamming #romancescammersdontloveyou #datingscams #datingscammers #datingscam #datingscamawareness #datingscamsuk #datingscamukraine #romancefraud #romancefraudvictims #romancefraudsters #romancescammerchallenge #fraud #bitcoonscams #bitcoinfraud #forexscam #cashfxscam http://bitcoinsrecoveryexperts.com/ Have you been a bitcoin scam victim and you want to recover your lost funds back? or have you been cheated by any bitcoin investment site, need bitcoin private key to any non spendable address imported in blockchain as watch only, this is your best bet to recover your lost funds in minutes all you need it’s just the address you send your btc to. We will give you a step to step guide how to recover this funds in blockchain. 
Many have lost their funds in their blockchain to fake mining sites but still have the payment address and don’t want to do inquiries about how to hack back their lost funds, here is a simple software that will help you recover everything you have lost just in 6 hours and the software works 100 % and it is very easy to use. To Get a copy of the software, email bitcoinrecoveryexpertsteam@gmail.com",C:\Users\hp\Desktop\Project\Full_code_Amala (1)\Full_code_Amala\downloads\recovery_experts34_3384814268978520872.jpg,https://www.instagram.com/p/C75RqTlI2Mo/,0,1
recovery_experts34,"#romancescam #romancescams #romancescammer #romancescammers #romancescamming #romancescammersdontloveyou #datingscams #datingscammers #datingscam #datingscamawareness #datingscamsuk #datingscamukraine #romancefraud #romancefraudvictims #romancefraudsters #romancescammerchallenge #fraud #bitcoonscams #bitcoinfraud #forexscam #cashfxscam http://bitcoinsrecoveryexperts.com/ Have you been a bitcoin scam victim and you want to recover your lost funds back? or have you been cheated by any bitcoin investment site, need bitcoin private key to any non spendable address imported in blockchain as watch only, this is your best bet to recover your lost funds in minutes all you need it’s just the address you send your btc to. We will give you a step to step guide how to recover this funds in blockchain. 
Many have lost their funds in their blockchain to fake mining sites but still have the payment address and don’t want to do inquiries about how to hack back their lost funds, here is a simple software that will help you recover everything you have lost just in 6 hours and the software works 100 % and it is very easy to use. To Get a copy of the software, email bitcoinrecoveryexpertsteam@gmail.com",C:\Users\hp\Desktop\Project\Full_code_Amala (1)\Full_code_Amala\downloads\recovery_experts34_3384816428835306134.jpg,https://www.instagram.com/p/C75SJvGonqW/,0,1
webkrack_toolzz,#datingscamukraine #romancefraudsters #romancefraudvictims #romancescammer #romancescammerchallenge #romancescammers #romancescammersdontloveyou #romancescamming #antiscam #crime #danisdms #facebookmarketplacescam #onlinescams #cheatingwife #cryptonews #datingscan #deletedaccount #deletedfile #tradingscams #accounthelp #anderson #andersonabade #bitcoinbroker #cato #catsagram #catsfollowers #catsloversworld #catsofinstagram #catsoftheday #catstagram,C:\Users\hp\Desktop\Project\Full_code_Amala (1)\Full_code_Amala\downloads\webkrack_toolzz_3395272336305424211.webp,https://www.instagram.com/p/C8ebjNxMgdT/,0,0
webkrack_toolzz,#datingscamukraine #romancefraudsters #romancefraudvictims #romancescammer #romancescammerchallenge #romancescammers #romancescammersdontloveyou #romancescamming #antiscam #crime #danisdms #facebookmarketplacescam #onlinescams #cheatingwife #cryptonews #datingscan #deletedaccount #deletedfile #tradingscams #accounthelp #anderson #andersonabade #bitcoinbroker #cato #catsagram #catsfollowers #catsloversworld #catsofinstagram #catsoftheday #catstagram,C:\Users\hp\Desktop\Project\Full_code_Amala (1)\Full_code_Amala\downloads\webkrack_toolzz_3395272190461120638.webp,https://www.instagram.com/p/C8ebhF8MpB-/,0,0
recover_your_lost_bitcoin,"#romancescam #romancescams #romancescammer #romancescammers #romancescamming #romancescammersdontloveyou #datingscams #datingscammers #datingscam #datingscamawareness #datingscamsuk #datingscamukraine #romancefraud #romancefraudvictims #romancefraudsters #romancescammerchallenge #fraud #bitcoonscams #bitcoinfraud #forexscam #cashfxscam http://bitcoinsrecoveryexperts.com/ Have you been a bitcoin scam victim and you want to recover your lost funds back? or have you been cheated by any bitcoin investment site, need bitcoin private key to any non spendable address imported in blockchain as watch only, this is your best bet to recover your lost funds in minutes all you need it’s just the address you send your btc to. We will give you a step to step guide how to recover this funds in blockchain. 
Many have lost their funds in their blockchain to fake mining sites but still have the payment address and don’t want to do inquiries about how to hack back their lost funds, here is a simple software that will help you recover everything you have lost just in 6 hours and the software works 100 % and it is very easy to use. To Get a copy of the software, email bitcoinrecoveryexpertsteam@gmail.com",C:\Users\hp\Desktop\Project\Full_code_Amala (1)\Full_code_Amala\downloads\recover_your_lost_bitcoin_3359310480957591978.jpg,https://www.instagram.com/p/C6eqxWDuVGq/,0,0
recover_your_lost_bitcoin,"#romancescam #romancescams #romancescammer #romancescammers #romancescamming #romancescammersdontloveyou #datingscams #datingscammers #datingscam #datingscamawareness #datingscamsuk #datingscamukraine #romancefraud #romancefraudvictims #romancefraudsters #romancescammerchallenge #fraud #bitcoonscams #bitcoinfraud #forexscam #cashfxscam http://bitcoinsrecoveryexperts.com/ Have you been a bitcoin scam victim and you want to recover your lost funds back? or have you been cheated by any bitcoin investment site, need bitcoin private key to any non spendable address imported in blockchain as watch only, this is your best bet to recover your lost funds in minutes all you need it’s just the address you send your btc to. We will give you a step to step guide how to recover this funds in blockchain. 
Many have lost their funds in their blockchain to fake mining sites but still have the payment address and don’t want to do inquiries about how to hack back their lost funds, here is a simple software that will help you recover everything you have lost just in 6 hours and the software works 100 % and it is very easy to use. To Get a copy of the software, email bitcoinrecoveryexpertsteam@gmail.com",C:\Users\hp\Desktop\Project\Full_code_Amala (1)\Full_code_Amala\downloads\recover_your_lost_bitcoin_3359311170920663708.jpg,https://www.instagram.com/p/C6eq7Youkqc/,0,0
recover_your_lost_bitcoin,"#romancescam #romancescams #romancescammer #romancescammers #romancescamming #romancescammersdontloveyou #datingscams #datingscammers #datingscam #datingscamawareness #datingscamsuk #datingscamukraine #romancefraud #romancefraudvictims #romancefraudsters #romancescammerchallenge #fraud #bitcoonscams #bitcoinfraud #forexscam #cashfxscam http://bitcoinsrecoveryexperts.com/ Have you been a bitcoin scam victim and you want to recover your lost funds back? or have you been cheated by any bitcoin investment site, need bitcoin private key to any non spendable address imported in blockchain as watch only, this is your best bet to recover your lost funds in minutes all you need it’s just the address you send your btc to. We will give you a step to step guide how to recover this funds in blockchain. 
Many have lost their funds in their blockchain to fake mining sites but still have the payment address and don’t want to do inquiries about how to hack back their lost funds, here is a simple software that will help you recover everything you have lost just in 6 hours and the software works 100 % and it is very easy to use. To Get a copy of the software, email bitcoinrecoveryexpertsteam@gmail.com",C:\Users\hp\Desktop\Project\Full_code_Amala (1)\Full_code_Amala\downloads\recover_your_lost_bitcoin_3359311816533147996.jpg,https://www.instagram.com/p/C6erEx6OwFc/,0,0
recover_your_lost_bitcoin,"#romancescam #romancescams #romancescammer #romancescammers #romancescamming #romancescammersdontloveyou #datingscams #datingscammers #datingscam #datingscamawareness #datingscamsuk #datingscamukraine #romancefraud #romancefraudvictims #romancefraudsters #romancescammerchallenge #fraud #bitcoonscams #bitcoinfraud #forexscam #cashfxscam http://bitcoinsrecoveryexperts.com/ Have you been a bitcoin scam victim and you want to recover your lost funds back? or have you been cheated by any bitcoin investment site, need bitcoin private key to any non spendable address imported in blockchain as watch only, this is your best bet to recover your lost funds in minutes all you need it’s just the address you send your btc to. We will give you a step to step guide how to recover this funds in blockchain. 
Many have lost their funds in their blockchain to fake mining sites but still have the payment address and don’t want to do inquiries about how to hack back their lost funds, here is a simple software that will help you recover everything you have lost just in 6 hours and the software works 100 % and it is very easy to use. To Get a copy of the software, email bitcoinrecoveryexpertsteam@gmail.com",C:\Users\hp\Desktop\Project\Full_code_Amala (1)\Full_code_Amala\downloads\recover_your_lost_bitcoin_3359310876262444714.jpg,https://www.instagram.com/p/C6eq3GNuq6q/,0,0
recover_your_lost_bitcoin,"#romancescam #romancescams #romancescammer #romancescammers #romancescamming #romancescammersdontloveyou #datingscams #datingscammers #datingscam #datingscamawareness #datingscamsuk #datingscamukraine #romancefraud #romancefraudvictims #romancefraudsters #romancescammerchallenge #fraud #bitcoonscams #bitcoinfraud #forexscam #cashfxscam http://bitcoinsrecoveryexperts.com/ Have you been a bitcoin scam victim and you want to recover your lost funds back? or have you been cheated by any bitcoin investment site, need bitcoin private key to any non spendable address imported in blockchain as watch only, this is your best bet to recover your lost funds in minutes all you need it’s just the address you send your btc to. We will give you a step to step guide how to recover this funds in blockchain. 
Many have lost their funds in their blockchain to fake mining sites but still have the payment address and don’t want to do inquiries about how to hack back their lost funds, here is a simple software that will help you recover everything you have lost just in 6 hours and the software works 100 % and it is very easy to use. To Get a copy of the software, email bitcoinrecoveryexpertsteam@gmail.com",C:\Users\hp\Desktop\Project\Full_code_Amala (1)\Full_code_Amala\downloads\recover_your_lost_bitcoin_3359312548111907042.jpg,https://www.instagram.com/p/C6erPbPuPji/,4,0
bitcoin_recovery34,"#romancescam #romancescams #romancescammer #romancescammers #romancescamming #romancescammersdontloveyou #datingscams #datingscammers #datingscam #datingscamawareness #datingscamsuk #datingscamukraine #romancefraud #romancefraudvictims #romancefraudsters #romancescammerchallenge #fraud #bitcoonscams #bitcoinfraud #forexscam #cashfxscam http://bitcoinsrecoveryexperts.com/ Have you been a bitcoin scam victim and you want to recover your lost funds back? or have you been cheated by any bitcoin investment site, need bitcoin private key to any non spendable address imported in blockchain as watch only, this is your best bet to recover your lost funds in minutes all you need it’s just the address you send your btc to. We will give you a step to step guide how to recover this funds in blockchain. 
Many have lost their funds in their blockchain to fake mining sites but still have the payment address and don’t want to do inquiries about how to hack back their lost funds, here is a simple software that will help you recover everything you have lost just in 6 hours and the software works 100 % and it is very easy to use. To Get a copy of the software, email bitcoinrecoveryexpertsteam@gmail.com",C:\Users\hp\Desktop\Project\Full_code_Amala (1)\Full_code_Amala\downloads\bitcoin_recovery34_3359351882092899273.jpg,https://www.instagram.com/p/C6e0Lz3r-vJ/,0,0
lost_funds_recovery,"This is our software #romancescam #romancescams #romancescammer #romancescammers #romancescamming #romancescammersdontloveyou #datingscams #datingscammers #datingscam #datingscamawareness #datingscamsuk #datingscamukraine #romancefraud #romancefraudvictims #romancefraudsters #romancescammerchallenge #fraud #bitcoonscams #bitcoinfraud #forexscam #cashfxscam http://bitcoinsrecoveryexperts.com/ Have you been a bitcoin scam victim and you want to recover your lost funds back? or have you been cheated by any bitcoin investment site, need bitcoin private key to any non spendable address imported in blockchain as watch only, this is your best bet to recover your lost funds in minutes all you need it’s just the address you send your btc to. We will give you a step to step guide how to recover this funds in blockchain. 
Many have lost their funds in their blockchain to fake mining sites but still have the payment address and don’t want to do inquiries about how to hack back their lost funds, here is a simple software that will help you recover everything you have lost just in 6 hours and the software works 100 % and it is very easy to use. To Get a copy of the software, email bitcoinrecoveryexpertsteam@gmail.com",C:\Users\hp\Desktop\Project\Full_code_Amala (1)\Full_code_Amala\downloads\lost_funds_recovery_3359345069804235275.webp,https://www.instagram.com/p/C6eyorbpCoL/,0,0
lost_funds_recovery,"#romancescam #romancescams #romancescammer #romancescammers #romancescamming #romancescammersdontloveyou #datingscams #datingscammers #datingscam #datingscamawareness #datingscamsuk #datingscamukraine #romancefraud #romancefraudvictims #romancefraudsters #romancescammerchallenge #fraud #bitcoonscams #bitcoinfraud #forexscam #cashfxscam http://bitcoinsrecoveryexperts.com/ Have you been a bitcoin scam victim and you want to recover your lost funds back? or have you been cheated by any bitcoin investment site, need bitcoin private key to any non spendable address imported in blockchain as watch only, this is your best bet to recover your lost funds in minutes all you need it’s just the address you send your btc to. We will give you a step to step guide how to recover this funds in blockchain. 
Many have lost their funds in their blockchain to fake mining sites but still have the payment address and don’t want to do inquiries about how to hack back their lost funds, here is a simple software that will help you recover everything you have lost just in 6 hours and the software works 100 % and it is very easy to use. To Get a copy of the software, email bitcoinrecoveryexpertsteam@gmail.com",C:\Users\hp\Desktop\Project\Full_code_Amala (1)\Full_code_Amala\downloads\lost_funds_recovery_3359345219054519694.webp,https://www.instagram.com/p/C6eyq2bpsWO/,1,0
lost_funds_recovery,"#romancescam #romancescams #romancescammer #romancescammers #romancescamming #romancescammersdontloveyou #datingscams #datingscammers #datingscam #datingscamawareness #datingscamsuk #datingscamukraine #romancefraud #romancefraudvictims #romancefraudsters #romancescammerchallenge #fraud #bitcoonscams #bitcoinfraud #forexscam #cashfxscam http://bitcoinsrecoveryexperts.com/ Have you been a bitcoin scam victim and you want to recover your lost funds back? or have you been cheated by any bitcoin investment site, need bitcoin private key to any non spendable address imported in blockchain as watch only, this is your best bet to recover your lost funds in minutes all you need it’s just the address you send your btc to. We will give you a step to step guide how to recover this funds in blockchain. 
Many have lost their funds in their blockchain to fake mining sites but still have the payment address and don’t want to do inquiries about how to hack back their lost funds, here is a simple software that will help you recover everything you have lost just in 6 hours and the software works 100 % and it is very easy to use. To Get a copy of the software, email bitcoinrecoveryexpertsteam@gmail.com",C:\Users\hp\Desktop\Project\Full_code_Amala (1)\Full_code_Amala\downloads\lost_funds_recovery_3359346040232155947.webp,https://www.instagram.com/p/C6ey2zNpxsr/,0,0
recover_your_lost_bitcoin,"#romancescam #romancescams #romancescammer #romancescammers #romancescamming #romancescammersdontloveyou #datingscams #datingscammers #datingscam #datingscamawareness #datingscamsuk #datingscamukraine #romancefraud #romancefraudvictims #romancefraudsters #romancescammerchallenge #fraud #bitcoonscams #bitcoinfraud #forexscam #cashfxscam http://bitcoinsrecoveryexperts.com/ Have you been a bitcoin scam victim and you want to recover your lost funds back? or have you been cheated by any bitcoin investment site, need bitcoin private key to any non spendable address imported in blockchain as watch only, this is your best bet to recover your lost funds in minutes all you need it’s just the address you send your btc to. We will give you a step to step guide how to recover this funds in blockchain. 
Many have lost their funds in their blockchain to fake mining sites but still have the payment address and don’t want to do inquiries about how to hack back their lost funds, here is a simple software that will help you recover everything you have lost just in 6 hours and the software works 100 % and it is very easy to use. To Get a copy of the software, email bitcoinrecoveryexpertsteam@gmail.com",C:\Users\hp\Desktop\Project\Full_code_Amala (1)\Full_code_Amala\downloads\recover_your_lost_bitcoin_3359310206616718724.jpg,https://www.instagram.com/p/C6eqtWju82E/,0,0
lost_funds_recovery,"#romancescam #romancescams #romancescammer #romancescammers #romancescamming #romancescammersdontloveyou #datingscams #datingscammers #datingscam #datingscamawareness #datingscamsuk #datingscamukraine #romancefraud #romancefraudvictims #romancefraudsters #romancescammerchallenge #fraud #bitcoonscams #bitcoinfraud #forexscam #cashfxscam http://bitcoinsrecoveryexperts.com/ Have you been a bitcoin scam victim and you want to recover your lost funds back? or have you been cheated by any bitcoin investment site, need bitcoin private key to any non spendable address imported in blockchain as watch only, this is your best bet to recover your lost funds in minutes all you need it’s just the address you send your btc to. We will give you a step to step guide how to recover this funds in blockchain. 
Many have lost their funds in their blockchain to fake mining sites but still have the payment address and don’t want to do inquiries about how to hack back their lost funds, here is a simple software that will help you recover everything you have lost just in 6 hours and the software works 100 % and it is very easy to use. To Get a copy of the software, email bitcoinrecoveryexpertsteam@gmail.com",C:\Users\hp\Desktop\Project\Full_code_Amala (1)\Full_code_Amala\downloads\lost_funds_recovery_3359346326568790930.webp,https://www.instagram.com/p/C6ey694pWuS/,0,0
bitcoin_recovery34,"#romancescam #romancescams #romancescammer #romancescammers #romancescamming #romancescammersdontloveyou #datingscams #datingscammers #datingscam #datingscamawareness #datingscamsuk #datingscamukraine #romancefraud #romancefraudvictims #romancefraudsters #romancescammerchallenge #fraud #bitcoonscams #bitcoinfraud #forexscam #cashfxscam http://bitcoinsrecoveryexperts.com/ Have you been a bitcoin scam victim and you want to recover your lost funds back? or have you been cheated by any bitcoin investment site, need bitcoin private key to any non spendable address imported in blockchain as watch only, this is your best bet to recover your lost funds in minutes all you need it’s just the address you send your btc to. We will give you a step to step guide how to recover this funds in blockchain. 
Many have lost their funds in their blockchain to fake mining sites but still have the payment address and don’t want to do inquiries about how to hack back their lost funds, here is a simple software that will help you recover everything you have lost just in 6 hours and the software works 100 % and it is very easy to use. To Get a copy of the software, email bitcoinrecoveryexpertsteam@gmail.com",C:\Users\hp\Desktop\Project\Full_code_Amala (1)\Full_code_Amala\downloads\bitcoin_recovery34_3359352153548153549.jpg,https://www.instagram.com/p/C6e0PwrrmLN/,0,0
lost_funds_recovery,"#romancescam #romancescams #romancescammer #romancescammers #romancescamming #romancescammersdontloveyou #datingscams #datingscammers #datingscam #datingscamawareness #datingscamsuk #datingscamukraine #romancefraud #romancefraudvictims #romancefraudsters #romancescammerchallenge #fraud #bitcoonscams #bitcoinfraud #forexscam #cashfxscam http://bitcoinsrecoveryexperts.com/ Have you been a bitcoin scam victim and you want to recover your lost funds back? or have you been cheated by any bitcoin investment site, need bitcoin private key to any non spendable address imported in blockchain as watch only, this is your best bet to recover your lost funds in minutes all you need it’s just the address you send your btc to. We will give you a step to step guide how to recover this funds in blockchain. 
Many have lost their funds in their blockchain to fake mining sites but still have the payment address and don’t want to do inquiries about how to hack back their lost funds, here is a simple software that will help you recover everything you have lost just in 6 hours and the software works 100 % and it is very easy to use. To Get a copy of the software, email bitcoinrecoveryexpertsteam@gmail.com",C:\Users\hp\Desktop\Project\Full_code_Amala (1)\Full_code_Amala\downloads\lost_funds_recovery_3359346575559452597.webp,https://www.instagram.com/p/C6ey-lxpWe1/,0,0
bitcoin_recovery34,"#romancescam #romancescams #romancescammer #romancescammers #romancescamming #romancescammersdontloveyou #datingscams #datingscammers #datingscam #datingscamawareness #datingscamsuk #datingscamukraine #romancefraud #romancefraudvictims #romancefraudsters #romancescammerchallenge #fraud #bitcoonscams #bitcoinfraud #forexscam #cashfxscam http://bitcoinsrecoveryexperts.com/ Have you been a bitcoin scam victim and you want to recover your lost funds back? or have you been cheated by any bitcoin investment site, need bitcoin private key to any non spendable address imported in blockchain as watch only, this is your best bet to recover your lost funds in minutes all you need it’s just the address you send your btc to. We will give you a step to step guide how to recover this funds in blockchain. 
Many have lost their funds in their blockchain to fake mining sites but still have the payment address and don’t want to do inquiries about how to hack back their lost funds, here is a simple software that will help you recover everything you have lost just in 6 hours and the software works 100 % and it is very easy to use. To Get a copy of the software, email bitcoinrecoveryexpertsteam@gmail.com",C:\Users\hp\Desktop\Project\Full_code_Amala (1)\Full_code_Amala\downloads\bitcoin_recovery34_3359352336017169414.jpg,https://www.instagram.com/p/C6e0SanrpwG/,0,0
bitcoin_recovery34,"#romancescam #romancescams #romancescammer #romancescammers #romancescamming #romancescammersdontloveyou #datingscams #datingscammers #datingscam #datingscamawareness #datingscamsuk #datingscamukraine #romancefraud #romancefraudvictims #romancefraudsters #romancescammerchallenge #fraud #bitcoonscams #bitcoinfraud #forexscam #cashfxscam http://bitcoinsrecoveryexperts.com/ Have you been a bitcoin scam victim and you want to recover your lost funds back? or have you been cheated by any bitcoin investment site, need bitcoin private key to any non spendable address imported in blockchain as watch only, this is your best bet to recover your lost funds in minutes all you need it’s just the address you send your btc to. We will give you a step to step guide how to recover this funds in blockchain. 
Many have lost their funds in their blockchain to fake mining sites but still have the payment address and don’t want to do inquiries about how to hack back their lost funds, here is a simple software that will help you recover everything you have lost just in 6 hours and the software works 100 % and it is very easy to use. To Get a copy of the software, email bitcoinrecoveryexpertsteam@gmail.com",C:\Users\hp\Desktop\Project\Full_code_Amala (1)\Full_code_Amala\downloads\bitcoin_recovery34_3359352537561739953.jpg,https://www.instagram.com/p/C6e0VWUrLKx/,1,0
lost_funds_recovery,"#romancescam #romancescams #romancescammer #romancescammers #romancescamming #romancescammersdontloveyou #datingscams #datingscammers #datingscam #datingscamawareness #datingscamsuk #datingscamukraine #romancefraud #romancefraudvictims #romancefraudsters #romancescammerchallenge #fraud #bitcoonscams #bitcoinfraud #forexscam #cashfxscam http://bitcoinsrecoveryexperts.com/ Have you been a bitcoin scam victim and you want to recover your lost funds back? or have you been cheated by any bitcoin investment site, need bitcoin private key to any non spendable address imported in blockchain as watch only, this is your best bet to recover your lost funds in minutes all you need it’s just the address you send your btc to. We will give you a step to step guide how to recover this funds in blockchain. 
Many have lost their funds in their blockchain to fake mining sites but still have the payment address and don’t want to do inquiries about how to hack back their lost funds, here is a simple software that will help you recover everything you have lost just in 6 hours and the software works 100 % and it is very easy to use. To Get a copy of the software, email bitcoinrecoveryexpertsteam@gmail.com",C:\Users\hp\Desktop\Project\Full_code_Amala (1)\Full_code_Amala\downloads\lost_funds_recovery_3359345772845220145.webp,https://www.instagram.com/p/C6eyy6MJkEx/,0,0
lost_funds_recovery,"#romancescam #romancescams #romancescammer #romancescammers #romancescamming #romancescammersdontloveyou #datingscams #datingscammers #datingscam #datingscamawareness #datingscamsuk #datingscamukraine #romancefraud #romancefraudvictims #romancefraudsters #romancescammerchallenge #fraud #bitcoonscams #bitcoinfraud #forexscam #cashfxscam http://bitcoinsrecoveryexperts.com/ Have you been a bitcoin scam victim and you want to recover your lost funds back? or have you been cheated by any bitcoin investment site, need bitcoin private key to any non spendable address imported in blockchain as watch only, this is your best bet to recover your lost funds in minutes all you need it’s just the address you send your btc to. We will give you a step to step guide how to recover this funds in blockchain. 
Many have lost their funds in their blockchain to fake mining sites but still have the payment address and don’t want to do inquiries about how to hack back their lost funds, here is a simple software that will help you recover everything you have lost just in 6 hours and the software works 100 % and it is very easy to use. To Get a copy of the software, email bitcoinrecoveryexpertsteam@gmail.com",C:\Users\hp\Desktop\Project\Full_code_Amala (1)\Full_code_Amala\downloads\lost_funds_recovery_3359345399610810691.webp,https://www.instagram.com/p/C6eytelpSFD/,1,0
recover_your_lost_bitcoin,"#romancescam #romancescams #romancescammer #romancescammers #romancescamming #romancescammersdontloveyou #datingscams #datingscammers #datingscam #datingscamawareness #datingscamsuk #datingscamukraine #romancefraud #romancefraudvictims #romancefraudsters #romancescammerchallenge #fraud #bitcoonscams #bitcoinfraud #forexscam #cashfxscam http://bitcoinsrecoveryexperts.com/ Have you been a bitcoin scam victim and you want to recover your lost funds back? or have you been cheated by any bitcoin investment site, need bitcoin private key to any non spendable address imported in blockchain as watch only, this is your best bet to recover your lost funds in minutes all you need it’s just the address you send your btc to. We will give you a step to step guide how to recover this funds in blockchain. 
Many have lost their funds in their blockchain to fake mining sites but still have the payment address and don’t want to do inquiries about how to hack back their lost funds, here is a simple software that will help you recover everything you have lost just in 6 hours and the software works 100 % and it is very easy to use. To Get a copy of the software, email bitcoinrecoveryexpertsteam@gmail.com",C:\Users\hp\Desktop\Project\Full_code_Amala (1)\Full_code_Amala\downloads\recover_your_lost_bitcoin_3359310385017098096.jpg,https://www.instagram.com/p/C6eqv8tOY9w/,0,0
