username,caption,media_path,post_url,likes,comments
socialcatfish,"Would you? What would you say?⁉️⁉️
.
.
.
#socialcatfish #catfish #catfishing #romancescams #romancescammer #ama #questions #online",C:\Users\hp\Desktop\Project\Full_code_Amala (1)\Full_code_Amala\downloads\socialcatfish_2664421652214055551.jpg,https://www.instagram.com/p/CT57WBAFAJ_/,556,1523
romancescambaiter.de,"mehr über das Profil erfahrt ihr hier:
www.romancescambaiter.de
#romancescam #instaspam #fraudster #fraud #scammeralert #scammersofinstagram #scam #scammer #stopbeingnaive #fakeaccount #fauxcompte #catfish #romancefraud #militaryscam #love #catfishing #catchthecatfish
#lovenotlies #lovenotmoney #nigerianscammers #yahooboys #geeboys #betrüger #Heiratsschwinder #Liebesbetrüger #Bauernfänger #Romancescammer",C:\Users\hp\Desktop\Project\Full_code_Amala (1)\Full_code_Amala\downloads\romancescambaiter.de_3489702062659202389.jpg,https://www.instagram.com/p/DBt6Ylov-1V/,17,0
cybertech__recoveries,"@cybertech__recoveries • @cybertech__recoveries #hackerinstagram #investmentscammers #lostaccount #lostcrypto #lostfundsrecovery #moneyrecovery #moneystolen #myhusbandischeating #nftscam #ponzi #recoveryaccount #romancescammer #scammedcrypto #scammers #scammerspayback #stolenmymoney #telegramscam #uk #walletphrase #8gnetwork #aimarketing #bigboycrypto #binance #binancescam #bitcoinrecoverycompany #bitcoinrecoveryexpert #bitcoinrecoveryservice #bitcoinrecoverysoftware
#coinbase#investmentscammers #lostaccount #lostcrypto #lostfundsrecovery #moneyrecovery #moneystolen #myhusbandischeating #nftscam #ponzi #recoveryaccount #romancescammer #scammedcrypto #scammers #scammerspayback #stolenmymoney #telegramscam #uk #walletphrase #8gnetwork #aimarketing #bigboycrypto #binance #binancescam #bitcoinrecoverycompany #bitcoinrecoveryexpert #bitcoinrecoveryservice",C:\Users\hp\Desktop\Project\Full_code_Amala (1)\Full_code_Amala\downloads\cybertech__recoveries_3475291392838757581.heic,https://www.instagram.com/p/DA6txvhIGzN/,1,0
coachdonny,"JACK POT!! I'm getting better at prolonging these conversations with scammers, but still pushing the boundary of absurd fun on my part.  What do you guys think?  Am I guiding this conversation in the right direction?

#scammer #scammeralert #scammers #scammerpayback #romancescammer","[WindowsPath('C:/Users/hp/Desktop/Project/Full_code_Amala (1)/Full_code_Amala/downloads/coachdonny_3489052857242837967.jpg'), WindowsPath('C:/Users/hp/Desktop/Project/Full_code_Amala (1)/Full_code_Amala/downloads/coachdonny_3489052859256190717.jpg'), WindowsPath('C:/Users/hp/Desktop/Project/Full_code_Amala (1)/Full_code_Amala/downloads/coachdonny_3489052858048239203.jpg'), WindowsPath('C:/Users/hp/Desktop/Project/Full_code_Amala (1)/Full_code_Amala/downloads/coachdonny_3489052857301698584.jpg')]",https://www.instagram.com/p/DBrmxoEBqml/,832,25
socialcatfish,"And so it begins...🙄⁠
-⁠
-⁠
-⁠
Save for later!🗃️⁠
Follow @socialcatfish for more related content!⁠
⁠
Want to find out who you’re really talking to online with? Try our search tools on socialcatfish.com for the truth!🙏⁠",C:\Users\hp\Desktop\Project\Full_code_Amala (1)\Full_code_Amala\downloads\socialcatfish_3117166476737878384.jpg,https://www.instagram.com/p/CtCZmUnt5lw/,278,64
cybertech__recoveries,"@cybertech__recoveries • @cybertech__recoveries #hackerinstagram #investmentscammers #lostaccount #lostcrypto #lostfundsrecovery #moneyrecovery #moneystolen #myhusbandischeating #nftscam #ponzi #recoveryaccount #romancescammer #scammedcrypto #scammers #scammerspayback #stolenmymoney #telegramscam #uk #walletphrase #8gnetwork #aimarketing #bigboycrypto #binance #binancescam #bitcoinrecoverycompany #bitcoinrecoveryexpert #bitcoinrecoveryservice #bitcoinrecoverysoftware
#coinbase#investmentscammers #lostaccount #lostcrypto #lostfundsrecovery #moneyrecovery #moneystolen #myhusbandischeating #nftscam #ponzi #recoveryaccount #romancescammer #scammedcrypto #scammers #scammerspayback #stolenmymoney #telegramscam #uk #walletphrase #8gnetwork #aimarketing #bigboycrypto #binance #binancescam #bitcoinrecoverycompany #bitcoinrecoveryexpert #bitcoinrecoveryservice",C:\Users\hp\Desktop\Project\Full_code_Amala (1)\Full_code_Amala\downloads\cybertech__recoveries_3478839998074199244.heic,https://www.instagram.com/p/DBHUovrohzM/,1,0
cyberhacker_specialist,"Hire a Professional Hacker.

CONTACT US @cyberhack_expert01
#bitcoinhacking #cryptocommunity #gothacked #hackedaccounts #help #hireahacker #hireahackeronline #lostpassword #nodejs #passwordhacking #spyandroid #cheatingwife #havkedtiktok #lostcoin #mostether #snapchatrecovery #allrecipes #guruhacker #instagramrecovery #lovescam #romancescammer #cheatinghusband #cryptoscam #icloudunlock #romancescamn #whatsapphack #accounthacked #cryptocurrency #hackedtiktok #whatsappspy",C:\Users\hp\Desktop\Project\Full_code_Amala (1)\Full_code_Amala\downloads\cyberhacker_specialist_3483521810338358474.webp,https://www.instagram.com/p/DBX9KFIiyTK/,0,0
hackwithcarlos,#bitcoinhacking #cryptocommunity #gothacked #hackedaccounts #help #hireahacker #hireahackeronline #lostpassword #nodejs #passwordhacking #spyandroid #cheatingwife #havkedtiktok #lostcoin #mostether #snapchatrecovery #allrecipes #guruhacker #instagramrecovery #lovescam #romancescammer #cheatinghusband #cryptoscam #icloudunlock #romancescamn #whatsapphack #accounthacked #cryptocurrency #hackedtiktok #whatsappspy,C:\Users\hp\Desktop\Project\Full_code_Amala (1)\Full_code_Amala\downloads\hackwithcarlos_3484160032338323196.jpg,https://www.instagram.com/p/DBaORbsI6b8/,1,0
ypher_hackerss,#scammers #scammer #scammersofinstagram #scammeralert #scamalert #scammerofinstagram #scam #romancescams #scams #fraudster #conartistcollective #stolenpics #scamartist #fakeprofiles #conartists #nigerianscam #boringidiots #fraudalert #datingscams #419scam #fakeaccount #stopbeingnaive #fraudprevention #conartist #fauxcompte #fraud #fakeaccounts #interpol #romancescammer #instagramscammers,C:\Users\hp\Desktop\Project\Full_code_Amala (1)\Full_code_Amala\downloads\ypher_hackerss_3488086939535854331.webp,https://www.instagram.com/p/DBoLJdAtsr7/,0,0
socialcatfish,"We spoke to a real nigerian scammer and what he told us....will shock you!😱💔 Tell us what you think about this video 👇
.
.
.
#scam #scammers #scamdemic2020 #scamalert #scammer #fraudalert #fraudbible2020 #fraudster #romancescam #romancescammer #romancescams #romancescammers #romancescamming #romancescamreport #romancescamvictims #romancescammersoninstagram #romancescamer #romancescammersdontloveyou #nigerianscam #nigerianscammers #nigerianscammer #nigerianscams #truecrime #truecrimeaddict #truecrimecommunity #truecrimeobsessed #truecrimememes #truecrimefan #interview #socialcatfish",,https://www.instagram.com/p/CRnpQIJrU5Y/,201,82
hackwithcarlos,#hackedmail #hackerinstagram #investmentscammers #lostaccount #lostcrypto #lostfundsrecovery #moneyrecovery #moneystolen #myhusbandischeating #nftscam #ponzi #recoveryaccount #romancescammer #scammedcrypto #scammers #scammerspayback #stolenmymoney #telegramscam #uk #walletphrase #8gnetwork #aimarketing #bigboycrypto #binance #binancescam #bitcoinrecoverycompany #bitcoinrecoveryexpert #bitcoinrecoveryservice #bitcoinrecoverysoftware #coinbase,,https://www.instagram.com/p/DBkZerRo8zv/,0,0
socialcatfish,Why do you think people don’t report their scam? 🧐#education #learn #tips #scammed #victim #savings #howto #report #socialcatfish #romancescammer #love #relationship #ScamAwareness #ReportScams #OnlineSafetyTips #SocialMediaSecurity #ProtectYourself #InstaScamAlert #CybercrimePrevention #ScamReporting #StaySafeOnline #InstagramSafety,,https://www.instagram.com/p/Cos1UB7jaL8/,146,15
hackwithcarlos,#instagramhack #iphone #locationhack #lovescam #phonehack #pvacreator #recoverbitcoin #romancescam #romancescammer #snapchathacks #talktoanhacker #trading #unlock #whatsapprecovery #asia #bitcoinhacker #canada #cheating #cheatingspouse #chicarmy #computerscience #cryptoscammer #disabled #dubia #england #etherium #etheriumrecovery #facebookhack #facebookmeta #facebookrecovery,C:\Users\hp\Desktop\Project\Full_code_Amala (1)\Full_code_Amala\downloads\hackwithcarlos_3481897026778755656.jpg,https://www.instagram.com/p/DBSLuXhovJI/,0,0
anony_mousehackers001,"#onlineromancescammers #scams #scammers #scammersbelike #scammersph #scammersalert #scam #fakepeople #fakelove #fraudsters #fightingscams #stopscams #onlinescams #internetscams #fakewomen  #stopdatingfrauds #stopscammers #stopromancescams
#nomorefraud #nomoreromancescams
#scamnomore #scammersofinstagram #scammers #fakeaccounts #fakeprofilealert #stopbeingnaive #romancescammers #iamnotstupid #romancescammer",C:\Users\hp\Desktop\Project\Full_code_Amala (1)\Full_code_Amala\downloads\anony_mousehackers001_3480073653300904687.webp,https://www.instagram.com/p/DBLtIypMkLv/,0,0
socialcatfish,Here’s why romance scammers ask you if you’ve eaten!🚩 What do scammers follow up with after this question? 🧐 #avoid #spot #scam #beware #scammer #redflags #people #money #romancescammer #learn #tips #teach #educate #advise #alert #careful #warning #romancescams #thankyou #help #didyouknow #explained #reasoning #eaten #ask #food #culture #term,,https://www.instagram.com/p/CqbO05rDl1H/,385,250
mateo_hacker1,"dm is for help.
#romancescam #fakeaccount #scammersofinstagram #scammers #scam #romancescammer #romancescams #nigeria #romancescammers #scammer #efcc #sociopath #narcissists #compulsiveliars #blackmail #lagos #internetcrime #womensabuse #moneylaundering #liarsbelike #celebrityscam #fakelife #wendywilliams #nigerian #corruption #nigeriaembassy #southflorida #southafrica #liberia #nollywoodscam",C:\Users\hp\Desktop\Project\Full_code_Amala (1)\Full_code_Amala\downloads\mateo_hacker1_3482705037952643721.jpg,https://www.instagram.com/p/DBVDcekoXKJ/,1,0
deathtospinach,"Had a fabulous time in Frankfurt presenting to 400 people from European banks, fintech firms and anti-money laundering specialists about romance fraud and how they can learn from what British banks have done wrong! 

#romancefraud #romancescams #romancescammer #keanureevesisnotinlovewithyou #transformmedia #beckyholmes #DACH #fintech #fraud",C:\Users\hp\Desktop\Project\Full_code_Amala (1)\Full_code_Amala\downloads\deathtospinach_3450991059804360785.jpg,https://www.instagram.com/p/C_kYhWysBBR/,63,7
ethical_anonymous_hacker,"Have you been scammed in crypto currency 💲💵?
Kindly send me a dm 📥 we can assist you get back your funds 📥📥
.
.
.
.
.
.
.
.#hireahackeronline #bitcoinrecovery
#bankofamerica #bitcoinhack #bitcoinhacking
#recoveryispossible #responddontreact
#cryptorecovery #facebook #hackedaccounts
#recoveryservice #socialmediarecovery #spy
#facebookhacked #hackedinstagram #hackercanada
#lostcrypto #spyandroid #spyapp #accountrecovery
#hackinstagram #help #passwordhacking #recovery
#gothacked #havkedtiktok
#snapchathacker #lovescam
#romancescam #romancescammer",C:\Users\hp\Desktop\Project\Full_code_Amala (1)\Full_code_Amala\downloads\ethical_anonymous_hacker_3480323479123911587.webp,https://www.instagram.com/p/DBMl8PEoeOj/,1,0
socialcatfish,Here are some ways romance scammers will use WhatsApp! 🚩👀 #whatsapp #romancescammer #romancescammers #conartist #catfish #fraud #scam #learn #thankyou #support #help #care #tips #advice #lifehacks learning #wisdom,,https://www.instagram.com/p/CpBfvk6D6xu/,213,29
hack_with_the_best_,#opensea #paypalsupport #psychologyfact #psychologyfactsoflife #psychologyresearch #psychologysay #ransomware #recovercryptofromscam #recovercryptofromscammer #recoverlostmoneyfromscammers #recoverusdt #recovervispossible #recoverylostcryto #recoveryservices #refund #refunds #relationship #relationships #retrieveusdt #rez #rezhumor #rezjokes #romance #romancescam #romancescammer #saudiaradia #sauthafrica #scam1992 #scamalert #scammed,C:\Users\hp\Desktop\Project\Full_code_Amala (1)\Full_code_Amala\downloads\hack_with_the_best__3479736570073015322.jpg,https://www.instagram.com/p/DBKgflbI2Qa/,0,0
ethicalre_hacker3,"#hireahackeronline #bitcoinrecovery
#bankofamerica #bitcoinhack #bitcoinhacking
#recoveryispossible #responddontreact
#cryptorecovery #facebook #hackedaccounts
#recoveryservice #socialmediarecovery #spy
#facebookhacked #hackedinstagram #hackercanada
#lostcrypto #spyandroid #spyapp #accountrecovery
#hackinstagram #help #passwordhacking #recovery
#gothacked #havkedtiktok
#snapchathacker #lovescam
#romancescam #romancescammer",C:\Users\hp\Desktop\Project\Full_code_Amala (1)\Full_code_Amala\downloads\ethicalre_hacker3_3483813717499470398.webp,https://www.instagram.com/p/DBY_h43MGI-/,0,0
igor_tech_investigator,Posted @withregram • @igor_tech_investigator @igor_tech_investigator @igor_tech_investigator #instagramhack #iphone #locationhack #lovescam #phonehack #cheatinghusband #world #romancescam #romancescammer #snapchathacks #cheatingwife #trading #unlock #whatsapprecovery #asia #bitcoinhacker #canada #cheating #cheatingspouse #fyp #usa #cryptoscammer #disabled #dubia #england #etherium #etheriumrecovery #facebookhack #facebookmeta #facebookrecovery,C:\Users\hp\Desktop\Project\Full_code_Amala (1)\Full_code_Amala\downloads\igor_tech_investigator_3476527920651599288.webp,https://www.instagram.com/p/DA_G7lyKn24/,1,0
hackwithcarlos,#hackedmail #hackerinstagram #investmentscammers #lostaccount #lostcrypto #lostfundsrecovery #moneyrecovery #moneystolen #myhusbandischeating #nftscam #ponzi #recoveryaccount #romancescammer #scammedcrypto #scammers #scammerspayback #stolenmymoney #telegramscam #uk #walletphrase #8gnetwork #aimarketing #bigboycrypto #binance #binancescam #bitcoinrecoverycompany #bitcoinrecoveryexpert #bitcoinrecoveryservice #bitcoinrecoverysoftware #coinbase,C:\Users\hp\Desktop\Project\Full_code_Amala (1)\Full_code_Amala\downloads\hackwithcarlos_3480928390261949802.jpg,https://www.instagram.com/p/DBOve2eIsVq/,0,0
socialcatfish,"Talk about desperate times... 🤣 
-
- 
-
 #email #letter #writing #typing #romancescammer #caught #quit #unmotivated #onlinedating #scamming #upset #desperate #funny #skit #scam #website #prevent",,https://www.instagram.com/p/CqjIURlPVhq/,110,15
thedailybeast,"Laura Francis was sucked into a whirlwind drama rivaling daytime soap operas. ⁠
⁠
It all started in May of last year, when someone claiming to be a military doctor on a secret mission in North Korea contacted her on Facebook, looking for love and connection. ⁠
⁠
The mystery man called himself “David Hodge,” and Francis, a California realtor, thought he was charming but was initially skeptical of his intentions.⁠
⁠
His insistent love-bombing of the 69-year-old, however, had her falling hard.⁠
⁠
He texted Francis every morning and throughout the day (usually on Google Hangouts) and called her on the phone just as often. “I fell in love with his voice, he had the cutest laugh,” Francis recalls. ⁠
⁠
“You have no idea how elaborate it was,” Francis told The Daily Beast in an interview, after she learned her nearly year-long affair with David wasn’t a real relationship but a cryptocurrency romance scam, one in which she claims she lost $248,000 of her savings—money that was supposed to be her daughter’s inheritance.⁠
⁠
“I didn’t know how I was going to face my family,” she said, “and I did not know how I was ever going to let my family know how much money I lost.”⁠
⁠
Read the full story with the link in bio.⁠
⁠
—⁠
⁠
Photo Illustration: erin_oflynn/The Daily Beast/Getty⁠
#crypto #cryptoscam #lovebombing #romancescammer",,https://www.instagram.com/p/Chh5pL-uYSL/,251,25
cybercodess,"Apologies for your loss; 
Having your bitcoin wallet compromised is a serious financial setback. The first step in trying to recover stolen Bitcoin is to compile detailed information on the incident. Keep a note of all the pertinent information, such as transaction logs, wallet addresses utilised, correspondence you may have had with the offender, and any other proof that could shed light on the events. Throughout the recovery process, this thorough record is the starting point for reporting the loss and getting in touch with the appropriate parties. It is essential that the theft be reported to the appropriate authorities, particularly the police enforcement. Give them as much information as you can regarding the theft, including date and time stamps wallet addresses, and any other relevant information that can help them with their investigation.

Despite the anonymity and decentralisation of Bitcoin transactions, law enforcement agencies may use specific teams or resources to help find and maybe recover stolen items. Legal experts with knowledge of cryptocurrency theft ought to be sought for guidance. Among them are baktrail;. They have all the tools and experts required, so they can help you get your bitcoin back. When you speak with these reliable businesses about your circumstances, they usually provide a free initial consultation to see whether you can recover your assets. With their experience, you might have a better chance of finding the lost Bitcoin and navigating the tricky situations related to bitcoin theft.

Send me a direct message to request a recovery support.
#ScamAlert #romancescammer #romancescamawareness #elderabuse #elderlycare #eldercare #ScammerAlert #scams #cryptocurrency #cryptonews #fraudprevention #hireahacker  #scamalertreviews #ScamAlert #ScamAlertUK #scamalertusa #dubai #dubailifestyle #denmark #australia #gotscammed",C:\Users\hp\Desktop\Project\Full_code_Amala (1)\Full_code_Amala\downloads\cybercodess_3489185897823059130.webp,https://www.instagram.com/p/DBsFBZrC7y6/,0,0
cybertech__recoveries,"@cybertech__recoveries • @cybertech__recoveries .
• #canada #cheatinghusbandsofinstagram #cheatingpartners #washington #twitterhacks #ads #alwaysfamilyfirst #cheatingbfriend #project #pythoncode #pythonprogramming #pythonprojects #romancescam #romancescammer #texas #tiktokrecovery #twitterhackedaccount #twitterhacker #unlockinstagram #usa #washacked #whatsappsp #youtubehack #account #anonymous #cheatday #cheatdayeats #cheatersgonnacheat #gotbannedforno #technology",C:\Users\hp\Desktop\Project\Full_code_Amala (1)\Full_code_Amala\downloads\cybertech__recoveries_3480352598289050078.heic,https://www.instagram.com/p/DBMsj-aIGne/,1,0
dr.deb.nz,"#africascammers 
Yes indeed… #amberafricasafaris Carol-Anne Gillespie of #krugernationalpark you are so right.

There absolutely will be “gnashing of teeth” when the innocent families of all your financial and romance scams are uncovered. 

Happily destroying peoples lives, homes, families, with your wonderful safari plus romance scams you perpetrate under the pretences of #africanamazing #africanimals #africa experiences. 

Your an expert at #lionsofthekruger #kruger #krugernationalpark and all things, “nature” whilst conning unsuspecting foreigners into providing for your fake quest #africanamazing and so called “charity” work for #southafrica and poor people, work that is.. all for Yourself. 

Beware of the wolf hiding in Grandma’s clothing ready to capture little red riding hood to enjoy and devour. 

My family and many widespread relationships were destroyed by this woman 💃 post the discovery of prolonged financial romantic deceptions involving thousands of dollars being sent to her South African accounts, business names dutifully fortnightly. 

Sadly Carol-Anne is seemingly exceptionally skilled at hooking ex-safari punters into providing her with money for her Africa lifestyle. Along with her three adult children and partners who all live it up happily wilderness wondering and travelling abroad.

In my families case the man could not afford it and has no real assets himself so took financial advantage of others to pay Carol-anne convinced she desperately needed his financial support. 

Payments to her begun within weeks of her so called “private intimate safari experience” at Kruger park. 

Carol-Anne Gilkespie did provide the expensive safari experience but then used it to form an inappropriate relationship to convincie my family member into an online financially lucrative romantic relationship. 

Always pleading destitution and needing money to survive her apparent downturn in business and fronting false charitable entities. 
Likely 1000s of ex-safari punters on the hook. 

Scammers destroy lives, homes, families and futures. All for their own financial benefit and free lifestyles. 

 #africafraudalert 

 #romancescammer 

#amberafricasafaris",C:\Users\hp\Desktop\Project\Full_code_Amala (1)\Full_code_Amala\downloads\dr.deb.nz_3481876477099452652.jpg,https://www.instagram.com/p/DBSHDVJTSjs/,4,5
socialcatfish,"Catfish Expert @tomdeanernsting Gives His #1 Tip For Online Dating! ⁠
- ⁠
- ⁠
- ⁠
#romancescammer #relationship #website #advice #influencer #problem #share #story #experience #psa #community #support #awareness #onlinesafety #beware #help #tips #redflags #catfishers #profiles #scary #advise #socialcatfish #pretend #learn #educate",C:\Users\hp\Desktop\Project\Full_code_Amala (1)\Full_code_Amala\downloads\socialcatfish_3095337765629719291.mp4,https://www.instagram.com/p/Cr02UxMNfL7/,269,60
unvssectech,"Recover your blocked or locked Bitcoin account 

#hireahackeronline #bitcoinrecovery #cryptorecovery #facebook #hackedaccounts #recoveryservice #socialmediarecovery #spy
#Tacebookhacked #hackedinstagram #hackercanada #lostcrypto #spyandroid #spyapp #accountrecovery #bankofamerica #bitcoinhack #bitcoinhacking #gothacked #havkedtiktok #hackinstagram #help #passwordhacking #recovery #recoveryispossible #responddontreact #snapchathacker #lovescam #romancescam #romancescammer",C:\Users\hp\Desktop\Project\Full_code_Amala (1)\Full_code_Amala\downloads\unvssectech_3478560470413866896.webp,https://www.instagram.com/p/DBGVFFQu_eQ/,0,0
socialcatfish,"🤯 Can you believe it? Sharon's got 10 boyfriends... all romance scammers! 😂 Check out this wild story and subscribe to our YouTube channel for more!!! (Link in bio) 🎬🔥⁠
⁠- ⁠
⁠
- ⁠
⁠
-⁠
⁠Save for later!🗃️⁠
Follow @socialcatfish for more related content!⁠
⁠
Find out who's behind the screen at socialcatfish.com for the truth!🙏⁠ #BR",,https://www.instagram.com/p/CvxvGu9Lx0H/,199,26
socialcatfish,"💡 Use this one word, ""Alaye"" to catch a scammer!! You'll be surprised with just how many you'll find. ⁠
⁠
Follow @socialcatfish for more tips and related content 🚀⁠
⁠
#catfished #definedcatifshed #Nigeria #culture #alaye #word #meaning #define #vocabulary #romancescammer #scammer #tactic #psychology #tips #hacks #advice #help #thankyou",C:\Users\hp\Desktop\Project\Full_code_Amala (1)\Full_code_Amala\downloads\socialcatfish_3470962791018389930.mp4,https://www.instagram.com/p/DArVkS7P-Gq/,99,12
mateo_hacker1,#bitcoinhacking #cryptocommunity #gothacked #hackedaccounts #help #hireahacker #hireahackeronline #lostpassword #nodejs #passwordhacking #spyandroid #cheatingwife #havkedtiktok #lostcoin #mostether #snapchatrecovery #allrecipes #guruhacker #instagramrecovery #lovescam #romancescammer #cheatinghusband #cryptoscam #icloudunlock #romancescamn #whatsapphack #accounthacked #cryptocurrency #hackedtiktok #whatsappspy,C:\Users\hp\Desktop\Project\Full_code_Amala (1)\Full_code_Amala\downloads\mateo_hacker1_3487032918581206332.jpg,https://www.instagram.com/p/DBkbfbgIF08/,0,0
louismiller7820,#instagramhack #iphone #locationhack #lovescam #phonehack #cheatinghusband #world #romancescam #romancescammer #snapchathacks #cheatingwife #trading #unlock #whatsapprecovery #asia #bitcoinhacker #canada #cheating #cheatingspouse #fyp #usa #cryptoscammer #disabled #dubia #england #etherium #etheriumrecovery #facebookhack #facebookmeta #facebookrecovery,C:\Users\hp\Desktop\Project\Full_code_Amala (1)\Full_code_Amala\downloads\louismiller7820_3480307303757078752.heic,https://www.instagram.com/p/DBMiQ2lo2Dg/,0,0
socialcatfish,"Hey Alexa, play “Kiss me through the phone” 😂😂 This was a pre-recorded voicemail taken from a real romance scammer.
-
- 
-
#prerecorded #real #hilarious #comedy #skit #funnyskit #funny #acting #voiceover #voicemail #scammer #scam #romancescammer #call #block #nope #weird #wrong #unbelievable #onlinedate #love",C:\Users\hp\Desktop\Project\Full_code_Amala (1)\Full_code_Amala\downloads\socialcatfish_3067783268604494180.mp4,https://www.instagram.com/p/CqS9KEFDsFk/,115,19
louismiller7820,#instagramhack #iphone #locationhack #lovescam #phonehack #cheatinghusband #world #romancescam #romancescammer #snapchathacks #cheatingwife #trading #unlock #whatsapprecovery #asia #bitcoinhacker #canada #cheating #cheatingspouse #fyp #usa #cryptoscammer #disabled #dubia #england #etherium #etheriumrecovery #facebookhack #facebookmeta #facebookrecovery,C:\Users\hp\Desktop\Project\Full_code_Amala (1)\Full_code_Amala\downloads\louismiller7820_3480307370916292957.heic,https://www.instagram.com/p/DBMiR1Io6ld/,0,0
hacker_for_hire_,"#scamalertsg #basicnetworking #wallethacking #scammerdetected #scammerseverywhere
#romancescammers #bitcoinscams #scammerph #scamalerts #pythonproject #bitcoinhacking #scamaware #scamawareness #youtubehack #smartprix #reportscammers #bruteforce #cashappflips #Lt#rf #windowsxp
#unlockicloud #bitcoinscam #romancescammer #scammerofinstagram #whitehathacker #romancescam #scamdemic2020 #romancescams #cheatingspouse",C:\Users\hp\Desktop\Project\Full_code_Amala (1)\Full_code_Amala\downloads\hacker_for_hire__3471966416686705333.webp,https://www.instagram.com/p/DAu5w-Ksmq1/,0,0
socialcatfish,"Verified
ITS CAN YOU FIND THE FAKE ACCOUNT TIME! ⁠
⁠
This is @kokeyepes he has his images stolen and used in for fake profiles all the time! ⁠
⁠
Let's put you to the test. Scroll through these slides and identify which is the real and fake account 🤔⁠
⁠
Did you guess correctly? Comment down below 👇⁠. What were obvious red flags for you?⁠
⁠
⁠
#socialcatfish #catfish #catfishing #romancescam #romancescammer #romancescams #romancescamreport #fakespotting #fake
⁠
⁠
⁠
⁠
#fakespotting #fake #quiz #socialcatfish #profiles #real","[WindowsPath('C:/Users/hp/Desktop/Project/Full_code_Amala (1)/Full_code_Amala/downloads/socialcatfish_2949073956049441231.jpg'), WindowsPath('C:/Users/hp/Desktop/Project/Full_code_Amala (1)/Full_code_Amala/downloads/socialcatfish_2949073953322509676.jpg'), WindowsPath('C:/Users/hp/Desktop/Project/Full_code_Amala (1)/Full_code_Amala/downloads/socialcatfish_2949073954322499111.jpg'), WindowsPath('C:/Users/hp/Desktop/Project/Full_code_Amala (1)/Full_code_Amala/downloads/socialcatfish_2949073954725123124.jpg'), WindowsPath('C:/Users/hp/Desktop/Project/Full_code_Amala (1)/Full_code_Amala/downloads/socialcatfish_2949073957484168420.jpg')]",https://www.instagram.com/p/CjtNzfzOcLS/,140,10
clifford_wirespy,#instagramhack #iphone #locationhack #lovescam #phonehack #pvacreator #recoverbitcoin #romancescam #romancescammer #snapchathacks #talktoanhacker #trading #unlock #whatsapprecovery #asia #bitcoinhacker #canada #cheating #cheatingspouse #chicarmy #computerscience #cryptoscammer #disabled #dubia #england #etherium #etheriumrecovery #facebookhack #facebookmeta #facebookrecovery,C:\Users\hp\Desktop\Project\Full_code_Amala (1)\Full_code_Amala\downloads\clifford_wirespy_3485630567602062559.webp,https://www.instagram.com/p/DBfcoiYKgTf/,0,0
socialcatfish,"What Does Nigerian Term ""Alaye"" Mean? ⁠
⁠
Follow @socialcatfish for more related content 🚀⁠
⁠
#catfished #definedcatifshed #Nigeria #culture #alaye #word #meaning #define #vocabulary #romancescammer #scammer #tactic #psychology #tips #hacks #advice #help #thankyou",,https://www.instagram.com/p/DA_4iEVCCxq/,107,31
lost_funds_recovery1,"Message us now for help if been a victim of Romance scam, crypto investment scam, asset lost etc #romancescam #fakeaccount #scammersofinstagram #scammers #scam #romancescammer #romancescams #nigeria #romancescammers #scammer #efcc #sociopath #narcissists #compulsiveliars #blackmail #lagos #internetcrime #womensabuse #moneylaundering #liarsbelike #celebrityscam #fakelife #wendywilliams #nigerian #corruption #nigeriaembassy #southflorida #southafrica #liberia #nollywoodscam",C:\Users\hp\Desktop\Project\Full_code_Amala (1)\Full_code_Amala\downloads\lost_funds_recovery1_3486232022602112362.webp,https://www.instagram.com/p/DBhlY2_yl1q/,0,0
katelangbroek,"This afternoon on @hughesyandkate... could this man -this beautiful American, romantic man - possibly be a #romancescammer? You need to hear what he asks Barb for.  Will her heart be rent asunder?  Or will he show up Down Under?  @hughesyandkate hughesyandkate 4.30pm #hitnetworkau #crunchtime 😂 #singingwithascammer #scamascammer",,https://www.instagram.com/p/BjJUcE6F-aK/,727,88
ray_hackers,#instagramhack #iphone #locationhack #lovescam #phonehack #pvacreator #recoverbitcoin #romancescam #romancescammer #snapchathacks #talktoanhacker #trading #unlock #whatsapprecovery #asia #bitcoinhacker #canada #cheating #cheatingspouse #chicarmy #computerscience #cryptoscammer #disabled #dubia #england #etherium #etheriumrecovery #facebookhack #facebookmeta #facebookrecovery,C:\Users\hp\Desktop\Project\Full_code_Amala (1)\Full_code_Amala\downloads\ray_hackers_3481094720110931076.webp,https://www.instagram.com/p/DBPVTRNsyyE/,0,0
ultimate__recovery,"Are you looking forward to hiring a hacker to help you withdraw and recover stolen cryptocurrency?
Well congratulations because you’re just a step away.
Cryptocurrency wallet may be hacked simply by utilizing its wallet address.
We will be able to assist you with any of your financial and wallet-related queries and concerns.

#hackerinstagram Posted @ultimate__recovery #hackedmail #hackerinstagram #investmentscammers #lostaccount #lostcrypto #lostfundsrecovery #moneyrecovery #moneystolen #myhusbandischeating #nftscam #ponzi #recoveryaccount #romancescammer #scammedcrypto #scammers #scammerspayback #stolenmymoney #telegramscam #uk #walletphrase #8gnetwork #aimarketing #bigboycrypto #binance #binancescam #bitcoinrecoverycompany #bitcoinrecoveryexpert #bitcoinrecoveryservice #bitcoinrecoverysoftware #coinbase#investmentscammers #lostaccount #lostcrypto #lostfundsrecovery #moneyrecovery #moneystolen #myhusbandischeating #nftscam #ponzi #recoveryaccount #romancescammer #scammedcrypto #scammers #scammerspayback #stolenmymoney #telegramscam #uk #walletphrase #8gnetwork #aimarketing #bigboycrypto #binance #binancescam #bitcoinrecoverycompany #bitcoinrecoveryexpert #bitcoinrecoveryservice #bitcoinrecoverysoftware #coinbase",C:\Users\hp\Desktop\Project\Full_code_Amala (1)\Full_code_Amala\downloads\ultimate__recovery_3489140570316655866.jpg,https://www.instagram.com/p/DBr6tzJIMz6/,0,0
lost_funds_recovery1,#romancescam #fakeaccount #scammersofinstagram #scammers #scam #romancescammer #romancescams #nigeria #romancescammers #scammer #efcc #sociopath #narcissists #compulsiveliars #blackmail #lagos #internetcrime #womensabuse #moneylaundering #liarsbelike #celebrityscam #fakelife #wendywilliams #nigerian #corruption #nigeriaembassy #southflorida #southafrica #liberia #nollywoodscam,C:\Users\hp\Desktop\Project\Full_code_Amala (1)\Full_code_Amala\downloads\lost_funds_recovery1_3486234412810197534.webp,https://www.instagram.com/p/DBhl7pDS1oe/,0,0
liam_oliver_camp,#opensea #paypalsupport #psychologyfact #psychologyfactsoflife #psychologyresearch #psychologysay #ransomware #recovercryptofromscam #recovercryptofromscammer #recoverlostmoneyfromscammers #recoverusdt #recovervispossible #recoverylostcryto #recoveryservices #refund #refunds #relationship #relationships #retrieveusdt #rez #rezhumor #rezjokes #romance #romancescam #romancescammer #saudiaradia #sauthafrica #scam1992 #scamalert #scammed,C:\Users\hp\Desktop\Project\Full_code_Amala (1)\Full_code_Amala\downloads\liam_oliver_camp_3480937738149258676.jpg,https://www.instagram.com/p/DBOxm4Xo2W0/,0,0
davincomedy,#talkradio #radioshow #talkshowhost #scamming #scammingscammers #romancescam #romancescammer #Catfish #catfishing #funnytalk #politics #political #Trump #harris #nyjets #coachsalah,,https://www.instagram.com/p/DA3zxX6RIlL/,3,0
lost_funds_recovery1,"Romance scam is alarming,,people lost property and money to Romance scam, message us now for help  #romancescam #fakeaccount #scammersofinstagram #scammers #scam #romancescammer #romancescams #nigeria #romancescammers #scammer #efcc #sociopath #narcissists #compulsiveliars #blackmail #lagos #internetcrime #womensabuse #moneylaundering #liarsbelike #celebrityscam #fakelife #wendywilliams #nigerian #corruption #nigeriaembassy #southflorida #southafrica #liberia #nollywoodscam",C:\Users\hp\Desktop\Project\Full_code_Amala (1)\Full_code_Amala\downloads\lost_funds_recovery1_3486233828283594310.webp,https://www.instagram.com/p/DBhlzIqyzZG/,0,0
ethical_anonymous_hacker,"Recover your blocked or locked
Bitcoin account 

.
.
.
.
.
.
.
.
.
.
.
#hireahackeronline #bitcoinrecovery #cryptorecovery
#facebook #hackedaccounts #recoveryservice
#socialmediarecovery #spy #facebookhacked
#hackedinstagram #hackercanada #lostcrypto
#spyandroid #spyapp #accountrecovery
#bankofamerica #bitcoinhack #bitcoinhacking
#gothacked #havkedtiktok #hackinstagram #help
#passwordhacking #recovery #recoveryispossible
#responddontreact #snapchathacker #lovescam
#romancescamn #romancescammer",C:\Users\hp\Desktop\Project\Full_code_Amala (1)\Full_code_Amala\downloads\ethical_anonymous_hacker_3480324872178090016.webp,https://www.instagram.com/p/DBMmQgdIcAg/,0,0
spy._hacker,#instagramverification #instagramverified #instamessage #instatext #intarnet #intarnethacking #investasicrypto #investigate #investinyourself #investment #ios #ipad #jobscam #k #kbur #kilif #lar #leverageredemption #lostfortune #love #lovenotlies #lovenotmoney #madamkuo #romancescam #romancescammer #snapchatsupport #spying #spywhatsappmessages #trackwhatsappchat #whatsappspyapp,C:\Users\hp\Desktop\Project\Full_code_Amala (1)\Full_code_Amala\downloads\spy._hacker_3427902061058402661.webp,https://www.instagram.com/p/C-SWsNCNyll/,0,0
nmap_breaker,#lovescam #romancescammer #guruhacker #hacks #hacking #romancescamn #hacker #instagram #hackedaccount #personaldevelopment #happiness #instagood #lockedaccount #narcissisticabuserecovery #psychology #selfawareness #selfcare #sobriety #instagramhack #icloudbypass #twitterhack #romancescam #germany #hackphone #ethicalhacker #hackandroid #helpme #helprecover #instagramhacks #australia,C:\Users\hp\Desktop\Project\Full_code_Amala (1)\Full_code_Amala\downloads\nmap_breaker_3398835688408509452.webp,https://www.instagram.com/p/C8rFw0BgmwM/,1,0
ethical_anonymous_hacker,"Recover your blocked or locked
Bitcoin account 

.
.
.
.
.
.
.
.
.
.
.
#hireahackeronline #bitcoinrecovery #cryptorecovery
#facebook #hackedaccounts #recoveryservice
#socialmediarecovery #spy #facebookhacked
#hackedinstagram #hackercanada #lostcrypto
#spyandroid #spyapp #accountrecovery
#bankofamerica #bitcoinhack #bitcoinhacking
#gothacked #havkedtiktok #hackinstagram #help
#passwordhacking #recovery #recoveryispossible
#responddontreact #snapchathacker #lovescam
#romancescamn #romancescammer",,https://www.instagram.com/p/DBMmOTEI41P/,0,0
romancescambaiter.de,"mehr über das Profil erfahrt ihr hier:
www.romancescambaiter.de
#romancescam #instaspam #fraudster #fraud #scammeralert #scammersofinstagram #scam #scammer #stopbeingnaive #fakeaccount #fauxcompte #catfish #romancefraud #militaryscam #love #catfishing #catchthecatfish
#lovenotlies #lovenotmoney #nigerianscammers #yahooboys #geeboys #betrüger #Heiratsschwinder #Liebesbetrüger #Bauernfänger #Romancescammer",C:\Users\hp\Desktop\Project\Full_code_Amala (1)\Full_code_Amala\downloads\romancescambaiter.de_3488976850493168749.jpg,https://www.instagram.com/p/DBrVfXLNNxt/,28,3
mateo_hacker1,#romancescam #fakeaccount #scammersofinstagram #scammers #scam #romancescammer #romancescams #nigeria #romancescammers #scammer #efcc #sociopath #narcissists #compulsiveliars #blackmail #lagos #internetcrime #womensabuse #moneylaundering #liarsbelike #celebrityscam #fakelife #wendywilliams #nigerian #corruption #nigeriaembassy #southflorida #southafrica #liberia #nollywoodscam,C:\Users\hp\Desktop\Project\Full_code_Amala (1)\Full_code_Amala\downloads\mateo_hacker1_3482704732590511384.jpg,https://www.instagram.com/p/DBVDYCLoRUY/,0,0
ethical_anonymous_hacker,"#hireahackeronline #bitcoinrecovery
#bankofamerica #bitcoinhack #bitcoinhacking
#recoveryispossible #responddontreact
#cryptorecovery #facebook #hackedaccounts
#recoveryservice #socialmediarecovery #spy
#facebookhacked #hackedinstagram #hackercanada
#lostcrypto #spyandroid #spyapp #accountrecovery
#hackinstagram #help #passwordhacking #recovery
#gothacked #havkedtiktok
#snapchathacker #lovescam
#romancescam #romancescammer",C:\Users\hp\Desktop\Project\Full_code_Amala (1)\Full_code_Amala\downloads\ethical_anonymous_hacker_3480324367360070412.webp,https://www.instagram.com/p/DBMmJKTohMM/,0,0
romancescambaiter.de,"mehr über das Profil erfahrt ihr hier:
www.romancescambaiter.de
#romancescam #instaspam #fraudster #fraud #scammeralert #scammersofinstagram #scam #scammer #stopbeingnaive #fakeaccount #fauxcompte #catfish #romancefraud #militaryscam #love #catfishing #catchthecatfish
#lovenotlies #lovenotmoney #nigerianscammers #yahooboys #geeboys #betrüger #Heiratsschwinder #Liebesbetrüger #Bauernfänger #Romancescammer",C:\Users\hp\Desktop\Project\Full_code_Amala (1)\Full_code_Amala\downloads\romancescambaiter.de_3488704664708366346.jpg,https://www.instagram.com/p/DBqXmiaMMAK/,21,0
romancescambaiter.de,"#romancescam #instaspam #toomanyscammershere #fraudster #fraud #scammeralert #scammersofinstagram #scam #scammer #scammers #stopbeingnaive #fakeaccount #fauxcompte #catfish #romancefraud #militaryscam #love #catfishing #catchthecatfish #catchthescammer⁠
#lovenotlies #lovenotmoney #nigerianscammers #yahooboys #geeboys #betrüger #Heiratsschwinder #Liebesbetrüger #Bauernfänger #Romancescammer",C:\Users\hp\Desktop\Project\Full_code_Amala (1)\Full_code_Amala\downloads\romancescambaiter.de_2761090267836648623.jpg,https://www.instagram.com/p/CZRXPg_MQyv/,100,28
glitchman_hacker,"#hireahackeronline #bitcoinrecovery
#bankofamerica #bitcoinhack #bitcoinhacking
#recoveryispossible #responddontreact
#cryptorecovery #facebook #hackedaccounts
#recoveryservice #socialmediarecovery #spy
#facebookhacked #hackedinstagram #hackercanada
#lostcrypto #spyandroid #spyapp #accountrecovery
#hackinstagram #help #passwordhacking #recovery
#gothacked #havkedtiktok
#snapchathacker #lovescam
#romancescam #romancescammer",C:\Users\hp\Desktop\Project\Full_code_Amala (1)\Full_code_Amala\downloads\glitchman_hacker_3354698952911835689.webp,https://www.instagram.com/p/C6OSOx4r1Ip/,282,0
romancescambaiter.de,"mehr über das Profil erfahrt ihr hier:
www.romancescambaiter.de
#romancescam #instaspam #fraudster #fraud #scammeralert #scammersofinstagram #scam #scammer #stopbeingnaive #fakeaccount #fauxcompte #catfish #romancefraud #militaryscam #love #catfishing #catchthecatfish
#lovenotlies #lovenotmoney #nigerianscammers #yahooboys #geeboys #betrüger #Heiratsschwinder #Liebesbetrüger #Bauernfänger #Romancescammer",C:\Users\hp\Desktop\Project\Full_code_Amala (1)\Full_code_Amala\downloads\romancescambaiter.de_3484598874195606734.jpg,https://www.instagram.com/p/DBbyDbBJ7zO/,37,3
ethicalhacker_753,"#hireahackeronline #bitcoinrecovery
#bankofamerica #bitcoinhack #bitcoinhacking
#recoveryispossible #responddontreact
#cryptorecovery #facebook #hackedaccounts
#recoveryservice #socialmediarecovery #spy
#facebookhacked #hackedinstagram #hackercanada
#lostcrypto #spyandroid #spyapp #accountrecovery
#hackinstagram #help #passwordhacking #recovery
#gothacked #havkedtiktok
#snapchathacker #lovescam
#romancescam #romancescammer",C:\Users\hp\Desktop\Project\Full_code_Amala (1)\Full_code_Amala\downloads\ethicalhacker_753_3482434932804229788.webp,https://www.instagram.com/p/DBUGB7jNRqc/,0,0
ethical_hacker_0,#scammers #scammer #scammersofinstagram #scammeralert #scamalert #scammerofinstagram #scam #romancescams #scams #fraudster #conartistcollective #stolenpics #scamartist #fakeprofiles #conartists #nigerianscam #boringidiots #fraudalert #datingscams #419scam #fakeaccount #stopbeingnaive #fraudprevention #conartist #fauxcompte #fraud #fakeaccounts #interpol #romancescammer #instagramscammers,,https://www.instagram.com/p/DBLpt0Mu__Y/,0,0
unvssectech,#romancescam #fakeaccount #scammersofinstagram #scammers #scam #romancescammer #romancescams #nigeria #romancescammers #scammer #efcc #sociopath #narcissists #compulsiveliars #blackmail #lagos #internetcrime #womensabuse #moneylaundering #liarsbelike #celebrityscam #fakelife #wendywilliams #nigerian #corruption #nigeriaembassy #southflorida #southafrica #liberia #nollywoodscam,C:\Users\hp\Desktop\Project\Full_code_Amala (1)\Full_code_Amala\downloads\unvssectech_3485310872163751904.webp,https://www.instagram.com/p/DBeT8WzIJfg/,0,0
romancescambaiter.de,"#romancescam #instaspam #toomanyscammershere #fraudster #fraud #scammeralert #scammersofinstagram #scam #scammer #scammers #stopbeingnaive #fakeaccount #fauxcompte #catfish #romancefraud #militaryscam #love #catfishing #catchthecatfish #catchthescammer⁠
#lovenotlies #lovenotmoney #nigerianscammers #yahooboys #geeboys #betrüger #Heiratsschwinder #Liebesbetrüger #Bauernfänger #Romancescammer",,https://www.instagram.com/p/ChkL7AXKY_k/,107,33
guruhackerr90,"@hack_mark90@hack_mark90@hack_mark90 Recover your blocked
or ocked Bitcoin account /
#hireahackeronline #bitcoinrecovery #cryptorecovery #facebook #hackedaccounts #recoveryservice #socialmediarecovery #spy #facebookhacked #hackedinstagram #hackercanada #lostcrypto #spyandroid #spyapp #accountrecovery #bankofamerica #bitcoinhack #bitcoinhacking #gothacked #havkedtiktok #hackinstagram #help #passwordhacking #recovery #recoveryispossible #responddontreact #snapchathacker #lovescam #romancescam #romancescammer@hack_.coddes",C:\Users\hp\Desktop\Project\Full_code_Amala (1)\Full_code_Amala\downloads\guruhackerr90_3436315566888537295.webp,https://www.instagram.com/p/C-wPs08iUzP/,0,0
ethicalre_hacker3,"#hireahackeronline #bitcoinrecovery
#bankofamerica #bitcoinhack #bitcoinhacking
#recoveryispossible #responddontreact
#cryptorecovery #facebook #hackedaccounts
#recoveryservice #socialmediarecovery #spy
#facebookhacked #hackedinstagram #hackercanada
#lostcrypto #spyandroid #spyapp #accountrecovery
#hackinstagram #help #passwordhacking #recovery
#gothacked #havkedtiktok
#snapchathacker #lovescam
#romancescam #romancescammer",,https://www.instagram.com/p/DBM4d8YsmQ6/,0,0
cybertech_hacking,#viral #ethicalhackers #ethicalhacking #ethicalhackingservices #hackerforhire #hackerforrent #hackinginstagram #hackingservice #instagramhacking #legithacker #legithackers #letshack #needahacker #phonespy #professionalhacker #rentahacker #socialmediahacking #spyphone #besthacker #havkedtiktok #hackemail #hackgames #lovescam #phonehacks #romancescam #romancescammer #hacked #besthackever #bitcoinflip #bitcoinhacker,C:\Users\hp\Desktop\Project\Full_code_Amala (1)\Full_code_Amala\downloads\cybertech_hacking_3484525702657648557.webp,https://www.instagram.com/p/DBbhaotoKet/,1,0
socialcatfish,"Have you ever been ghosted?

#fakelove #falserelationships #tinderswindler #romancescam #romancescammer #catfish #socialcatfish #ghosted #reels #relationshipadvice",,https://www.instagram.com/p/Ca54DqSl4qY/,149,7
glitch_h4cker,#scammers #scammer #scammersofinstagram #scammeralert #scamalert #scammerofinstagram #scam #romancescams #scams #fraudster #conartistcollective #stolenpics #scamartist #fakeprofiles #conartists #nigerianscam #boringidiots #fraudalert #datingscams #419scam #fakeaccount #stopbeingnaive #fraudprevention #conartist #fauxcompte #fraud #fakeaccounts #interpol #romancescammer #instagramscammers,C:\Users\hp\Desktop\Project\Full_code_Amala (1)\Full_code_Amala\downloads\glitch_h4cker_3482800992914415103.webp,https://www.instagram.com/p/DBVZQzmCp3_/,0,0
ethicalhacker_753,"#hireahackeronline #bitcoinrecovery
#bankofamerica #bitcoinhack #bitcoinhacking
#recoveryispossible #responddontreact
#cryptorecovery #facebook #hackedaccounts
#recoveryservice #socialmediarecovery #spy
#facebookhacked #hackedinstagram #hackercanada
#lostcrypto #spyandroid #spyapp #accountrecovery
#hackinstagram #help #passwordhacking #recovery
#gothacked #havkedtiktok
#snapchathacker #lovescam
#romancescam #romancescammer",C:\Users\hp\Desktop\Project\Full_code_Amala (1)\Full_code_Amala\downloads\ethicalhacker_753_3485488527170859123.webp,https://www.instagram.com/p/DBe8Vk6t_Bz/,0,0
glitchman_hacker,"Recover your blocked or locked
Bitcoin account 

.
.
.
.
.
.
.
.
.
.
.
#hireahackeronline #bitcoinrecovery #cryptorecovery
#facebook #hackedaccounts #recoveryservice
#socialmediarecovery #spy #facebookhacked
#hackedinstagram #hackercanada #lostcrypto
#spyandroid #spyapp #accountrecovery
#bankofamerica #bitcoinhack #bitcoinhacking
#gothacked #havkedtiktok #hackinstagram #help
#passwordhacking #recovery #recoveryispossible
#responddontreact #snapchathacker #lovescam
#romancescamn #romancescammer",C:\Users\hp\Desktop\Project\Full_code_Amala (1)\Full_code_Amala\downloads\glitchman_hacker_3354845960766254292.webp,https://www.instagram.com/p/C6OzqBnoGzU/,386,0
romancescambaiter.de,"mehr über das Profil erfahrt ihr hier:
www.romancescambaiter.de
#romancescam #instaspam #fraudster #fraud #scammeralert #scammersofinstagram #scam #scammer #stopbeingnaive #fakeaccount #fauxcompte #catfish #romancefraud #militaryscam #love #catfishing #catchthecatfish
#lovenotlies #lovenotmoney #nigerianscammers #yahooboys #geeboys #betrüger #Heiratsschwinder #Liebesbetrüger #Bauernfänger #Romancescammer",C:\Users\hp\Desktop\Project\Full_code_Amala (1)\Full_code_Amala\downloads\romancescambaiter.de_3486742380076312430.jpg,https://www.instagram.com/p/DBjZbibv6du/,33,1
essesial_hacker25,"#hireahackeronline #bitcoinrecovery
#bankofamerica #bitcoinhack #bitcoinhacking
#recoveryispossible #responddontreact
#cryptorecovery #facebook #hackedaccounts
#recoveryservice #socialmediarecovery #spy
#facebookhacked #hackedinstagram #hackercanada
#lostcrypto #spyandroid #spyapp #accountrecovery
#hackinstagram #help #passwordhacking #recovery
#gothacked #havkedtiktok
#snapchathacker #lovescam
#romancescam #romancescammer",C:\Users\hp\Desktop\Project\Full_code_Amala (1)\Full_code_Amala\downloads\essesial_hacker25_3488157098873943315.webp,https://www.instagram.com/p/DBobGZ_I3UT/,0,0
linen_garden77,"If you know this man @officially__patrick and have been in a “relationship” with him online or sending him money, please contact me as women have come forward with evidence of him scamming multiple ladies. 
#patrickobuhsamson
He claims to be a law student and a fashion designer but it looks like it’s just women that fund his lavish lifestyle. @officialefcc  #scammer #scams #fraudsters #romancescammer",,https://www.instagram.com/p/DBPAHv6upYZ/,14,12
ethical_hacker_0,#scammers #scammer #scammersofinstagram #scammeralert #scamalert #scammerofinstagram #scam #romancescams #scams #fraudster #conartistcollective #stolenpics #scamartist #fakeprofiles #conartists #nigerianscam #boringidiots #fraudalert #datingscams #419scam #fakeaccount #stopbeingnaive #fraudprevention #conartist #fauxcompte #fraud #fakeaccounts #interpol #romancescammer #instagramscammers,C:\Users\hp\Desktop\Project\Full_code_Amala (1)\Full_code_Amala\downloads\ethical_hacker_0_3480058664033243979.jpg,https://www.instagram.com/p/DBLpuqzONNL/,0,0
cybertech_hacking,#instagramhack #iphone #locationhack #lovescam #phonehack #pvacreator #recoverbitcoin #romancescam #romancescammer #snapchathacks #talktoanhacker #trading #unlock #whatsapprecovery #asia #bitcoinhacker #canada #cheating #cheatingspouse #chicarmy #computerscience #cryptoscammer #disabled #dubia #england #etherium #etheriumrecovery #facebookhack #facebookmeta #facebookrecovery,C:\Users\hp\Desktop\Project\Full_code_Amala (1)\Full_code_Amala\downloads\cybertech_hacking_3488249417796217553.webp,https://www.instagram.com/p/DBowF0rtOrR/,1,0
cybertech_hacking,#viral #ethicalhackers #ethicalhacking #ethicalhackingservices #hackerforhire #hackerforrent #hackinginstagram #hackingservice #instagramhacking #legithacker #legithackers #letshack #needahacker #phonespy #professionalhacker #rentahacker #socialmediahacking #spyphone #besthacker #havkedtiktok #hackemail #hackgames #lovescam #phonehacks #romancescam #romancescammer #hacked #besthackever #bitcoinflip #bitcoinhacker,C:\Users\hp\Desktop\Project\Full_code_Amala (1)\Full_code_Amala\downloads\cybertech_hacking_3488396866842223870.webp,https://www.instagram.com/p/DBpRnfTt2T-/,1,0
mateo_hacker1,#hackedmail #hackerinstagram #investmentscammers #lostaccount #lostcrypto #lostfundsrecovery #moneyrecovery #moneystolen #myhusbandischeating #nftscam #ponzi #recoveryaccount #romancescammer #scammedcrypto #scammers #scammerspayback #stolenmymoney #telegramscam #uk #walletphrase #8gnetwork #aimarketing #bigboycrypto #binance #binancescam #bitcoinrecoverycompany #bitcoinrecoveryexpert #bitcoinrecoveryservice #bitcoinrecoverysoftware #coinbase,C:\Users\hp\Desktop\Project\Full_code_Amala (1)\Full_code_Amala\downloads\mateo_hacker1_3484152645908946257.jpg,https://www.instagram.com/p/DBaMl8io91R/,0,0
mateo_hacker1,#instagramhack #iphone #locationhack #lovescam #phonehack #pvacreator #recoverbitcoin #romancescam #romancescammer #snapchathacks #talktoanhacker #trading #unlock #whatsapprecovery #asia #bitcoinhacker #canada #cheating #cheatingspouse #chicarmy #computerscience #cryptoscammer #disabled #dubia #england #etherium #etheriumrecovery #facebookhack #facebookmeta #facebookrecovery,C:\Users\hp\Desktop\Project\Full_code_Amala (1)\Full_code_Amala\downloads\mateo_hacker1_3469916346964258087.jpg,https://www.instagram.com/p/DAnnoh9IC0n/,1,0
ethicalhacker_753,"#hireahackeronline #bitcoinrecovery
#bankofamerica #bitcoinhack #bitcoinhacking
#recoveryispossible #responddontreact
#cryptorecovery #facebook #hackedaccounts
#recoveryservice #socialmediarecovery #spy
#facebookhacked #hackedinstagram #hackercanada
#lostcrypto #spyandroid #spyapp #accountrecovery
#hackinstagram #help #passwordhacking #recovery
#gothacked #havkedtiktok
#snapchathacker #lovescam
#romancescam #romancescammer",,https://www.instagram.com/p/DBUF9oON_qv/,0,0
ethical_anonymous_hacker,"Have you been scammed in crypto currency 💲💵?
Kindly send me a dm 📥 we can assist you get back your funds 📥📥
.
.
.
.
.
.
.
.#hireahackeronline #bitcoinrecovery
#bankofamerica #bitcoinhack #bitcoinhacking
#recoveryispossible #responddontreact
#cryptorecovery #facebook #hackedaccounts
#recoveryservice #socialmediarecovery #spy
#facebookhacked #hackedinstagram #hackercanada
#lostcrypto #spyandroid #spyapp #accountrecovery
#hackinstagram #help #passwordhacking #recovery
#gothacked #havkedtiktok
#snapchathacker #lovescam
#romancescam #romancescammer",C:\Users\hp\Desktop\Project\Full_code_Amala (1)\Full_code_Amala\downloads\ethical_anonymous_hacker_3487448294490206031.webp,https://www.instagram.com/p/DBl578doW9P/,1,0
hackwithcarlos,#hackedmail #hackerinstagram #investmentscammers #lostaccount #lostcrypto #lostfundsrecovery #moneyrecovery #moneystolen #myhusbandischeating #nftscam #ponzi #recoveryaccount #romancescammer #scammedcrypto #scammers #scammerspayback #stolenmymoney #telegramscam #uk #walletphrase #8gnetwork #aimarketing #bigboycrypto #binance #binancescam #bitcoinrecoverycompany #bitcoinrecoveryexpert #bitcoinrecoveryservice #bitcoinrecoverysoftware #coinbase,C:\Users\hp\Desktop\Project\Full_code_Amala (1)\Full_code_Amala\downloads\hackwithcarlos_3476006407243340961.jpg,https://www.instagram.com/p/DA9QWkkuJyh/,2,0
hack_with_the_best_,#iphonesia #lifeafterdivorce #lockedfacebookaccount #lockedinstagram #londonhackers #losangelesgraffiti #lostaccount #lostcoins #lostcryptocurrencyrecovery #love #luno #m #malicious #metal #narcopaths #newyorkhacker #osangeles #passwordcracking #passwordrecovery #pavpalflip #paypal #pegas #picoftheday #privateinvestigator #recoverlostbitcoin #recoverycommunity #recoverycrypto #recoveryphrase #romancescammer #sad,C:\Users\hp\Desktop\Project\Full_code_Amala (1)\Full_code_Amala\downloads\hack_with_the_best__3479727343954677935.jpg,https://www.instagram.com/p/DBKeZU7odCv/,1,0
guruhackerr90,"@hack_mark90@hack_mark90@hack_mark90 Recover your blocked
or ocked Bitcoin account /
#hireahackeronline #bitcoinrecovery #cryptorecovery #facebook #hackedaccounts #recoveryservice #socialmediarecovery #spy #facebookhacked #hackedinstagram #hackercanada #lostcrypto #spyandroid #spyapp #accountrecovery #bankofamerica #bitcoinhack #bitcoinhacking #gothacked #havkedtiktok #hackinstagram #help #passwordhacking #recovery #recoveryispossible #responddontreact #snapchathacker #lovescam #romancescam #romancescammer@hack_mark90",C:\Users\hp\Desktop\Project\Full_code_Amala (1)\Full_code_Amala\downloads\guruhackerr90_3436315361535549549.webp,https://www.instagram.com/p/C-wPp1si2Bt/,0,0
white_hackers1,"#hireahackeronline #bitcoinrecovery
#bankofamerica #bitcoinhack #bitcoinhacking
#recoveryispossible #responddontreact
#cryptorecovery #facebook #hackedaccounts
#recoveryservice #socialmediarecovery #spy
#facebookhacked #hackedinstagram #hackercanada
#lostcrypto #spyandroid #spyapp #accountrecovery
#hackinstagram #help #passwordhacking #recovery
#gothacked #havkedtiktok
#snapchathacker #lovescam
#romancescam #romancescammer",C:\Users\hp\Desktop\Project\Full_code_Amala (1)\Full_code_Amala\downloads\white_hackers1_3488909906951693585.webp,https://www.instagram.com/p/DBrGRNJMmUR/,0,0
glitchman_hacker,"Recover your blocked or locked
Bitcoin account 

.
.
.
.
.
.
.
.
.
.
.
#hireahackeronline #bitcoinrecovery #cryptorecovery
#facebook #hackedaccounts #recoveryservice
#socialmediarecovery #spy #facebookhacked
#hackedinstagram #hackercanada #lostcrypto
#spyandroid #spyapp #accountrecovery
#bankofamerica #bitcoinhack #bitcoinhacking
#gothacked #havkedtiktok #hackinstagram #help
#passwordhacking #recovery #recoveryispossible
#responddontreact #snapchathacker #lovescam
#romancescamn #romancescammer",C:\Users\hp\Desktop\Project\Full_code_Amala (1)\Full_code_Amala\downloads\glitchman_hacker_3354845877786194479.webp,https://www.instagram.com/p/C6Ozo0VoTIv/,451,0
romancescambaiter.de,"#romancescam #instaspam #toomanyscammershere #fraudster #fraud #scammeralert #scammersofinstagram #scam #scammer #scammers #stopbeingnaive #fakeaccount #fauxcompte #catfish #romancefraud #militaryscam #love #catfishing #catchthecatfish #catchthescammer⁠
#lovenotlies #lovenotmoney #nigerianscammers #yahooboys #geeboys #betrüger #Heiratsschwinder #Liebesbetrüger #Bauernfänger #Romancescammer",C:\Users\hp\Desktop\Project\Full_code_Amala (1)\Full_code_Amala\downloads\romancescambaiter.de_2965416452261883174.jpg,https://www.instagram.com/p/CknRo1IKy0m/,111,29
white_hackers1,"#hireahackeronline #bitcoinrecovery
#bankofamerica #bitcoinhack #bitcoinhacking
#recoveryispossible #responddontreact
#cryptorecovery #facebook #hackedaccounts
#recoveryservice #socialmediarecovery #spy
#facebookhacked #hackedinstagram #hackercanada
#lostcrypto #spyandroid #spyapp #accountrecovery
#hackinstagram #help #passwordhacking #recovery
#gothacked #havkedtiktok
#snapchathacker #lovescam
#romancescam #romancescammer",C:\Users\hp\Desktop\Project\Full_code_Amala (1)\Full_code_Amala\downloads\white_hackers1_3488911833882070945.webp,https://www.instagram.com/p/DBrGtPvMo-h/,0,0
glitchman_hacker,"Recover your blocked or locked
Bitcoin account 

.
.
.
.
.
.
.
.
.
.
.
#hireahackeronline #bitcoinrecovery #cryptorecovery
#facebook #hackedaccounts #recoveryservice
#socialmediarecovery #spy #facebookhacked
#hackedinstagram #hackercanada #lostcrypto
#spyandroid #spyapp #accountrecovery
#bankofamerica #bitcoinhack #bitcoinhacking
#gothacked #havkedtiktok #hackinstagram #help
#passwordhacking #recovery #recoveryispossible
#responddontreact #snapchathacker #lovescam
#romancescamn #romancescammer",C:\Users\hp\Desktop\Project\Full_code_Amala (1)\Full_code_Amala\downloads\glitchman_hacker_3342275035257528010.webp,https://www.instagram.com/p/C5iJW-6Ll7K/,494,0
katelangbroek,When an Australian man pretends he’s a 66 year old female housekeeper to scam an African  scammer who’s pretending he’s a Texan... @hughesyandkate #barb #romancescammer #thebestfun 🌟🌟🌟 #confusing #tocatchathief #fun,C:\Users\hp\Desktop\Project\Full_code_Amala (1)\Full_code_Amala\downloads\katelangbroek_1797086832439386560.mp4,https://www.instagram.com/p/BjwiPPmFOHA/,855,84
thepennyhoarder,"“@Netflix recent hit ‘The Tinder Swindler’ tells the story of one of these infamous alleged scammers: Shimon Hayut, who claimed his name was Simon Leviev and that he was heir to a diamond fortune. Hayut, 31, allegedly stole $10 million from multiple women, though he maintains his innocence.”

Wondering if your latest match could be the next Tinder Swindler? 

Check out the link in our bio to learn the warning signs so that you can protect your money (and your heart) from con artists.",C:\Users\hp\Desktop\Project\Full_code_Amala (1)\Full_code_Amala\downloads\thepennyhoarder_2783931611982267420.jpg,https://www.instagram.com/p/Caigw0bLwQc/,147,6
ethical_anonymous_hacker,"#hireahackeronline #bitcoinrecovery
#bankofamerica #bitcoinhack #bitcoinhacking
#recoveryispossible #responddontreact
#cryptorecovery #facebook #hackedaccounts
#recoveryservice #socialmediarecovery #spy
#facebookhacked #hackedinstagram #hackercanada
#lostcrypto #spyandroid #spyapp #accountrecovery
#hackinstagram #help #passwordhacking #recovery
#gothacked #havkedtiktok
#snapchathacker #lovescam
#romancescam #romancescammer",C:\Users\hp\Desktop\Project\Full_code_Amala (1)\Full_code_Amala\downloads\ethical_anonymous_hacker_3487445536240329365.webp,https://www.instagram.com/p/DBl5TzpIGKV/,1,0
cyber_net_assist__,"#hireahackeronline
#bitcoinrecovery
#bankofamerica #bitcoinhack #bitcoinhacking
#recoveryispossible #responddontreact #cryptorecovery #facebook #hackedaccounts
#recoveryservice #socialmediarecovery #spy
#facebookhacked #hackedinstagram #hackercanada
#lostcrypto #spyandroid #spyapp #accountrecovery
#hackinstagram #help #passwordhacking #recovery
#gothacked #havkedtiktok
#snapchathacker #lovescam #romancescam #romancescammer",C:\Users\hp\Desktop\Project\Full_code_Amala (1)\Full_code_Amala\downloads\cyber_net_assist___3483831122560845833.webp,https://www.instagram.com/p/DBZDfKlsIgJ/,0,0
scam_challengers,#opensea #paypalsupport #psychologyfact #psychologyfactsoflife #psychologyresearch #psychologysay #ransomware #recovercryptofromscam #recovercryptofromscammer #recoverlostmoneyfromscammers #recoverusdt #recovervispossible #recoverylostcryto #recoveryservices #refund #refunds #relationship #relationships #retrieveusdt #rez #rezhumor #rezjokes #romance #romancescam #romancescammer #saudiaradia #sauthafrica #scam1992 #scamalert #scammed,C:\Users\hp\Desktop\Project\Full_code_Amala (1)\Full_code_Amala\downloads\scam_challengers_3483587170516196357.jpg,https://www.instagram.com/p/DBYMBMiudwF/,0,1
the_catfish_files,"A bit of contextual background for the performance piece, because that's what it all was #goodnightmylove #mattberninger #romancescammer",C:\Users\hp\Desktop\Project\Full_code_Amala (1)\Full_code_Amala\downloads\the_catfish_files_3480184457869241266.jpg,https://www.instagram.com/p/DBMGVNcIauy/,1,0
