username,caption,media_path,post_url,likes,comments
roothack.s,"Posted @roothack.s • @roothack.s When perpetrators of romantic scams succeed in making their victims feel emotionally invested in them, the victims have a hard time believing that they are actually communicating with a con artist, even after being warned.

Even more disturbingly, con artists can foster a genuine emotional connection with their victims, to the point where they begin to imagine a future with them.

It’s important to be cautious about sending money to someone you don’t know while doing business online. If someone tries to woo you into a relationship and the circumstances appear too good to be true, you should proceed with caution. #mostcommonscams #onlinesscam #dating scam #lovescam #romanticscam

#scammers #catfishingstory #cyberfraud #internetfraud #fraud #crime #LearnOnTik Tok #scammers #GetAnswers #security #onlinesecurity#scammeralet #scam #gofundme #victimofscam @ducanhacks #hackedaccount #igothacked #igotscammed #scamalert #scameralert #newscamalert #jobscam #newaccount #fraud #facebookmarketplacescam #lovescam#romancescam #accounthelp",C:\Users\hp\Desktop\Project\Full_code_Amala (1)\Full_code_Amala\downloads\roothack.s_3479967655504584847.webp,https://www.instagram.com/p/DBLVCUgMyCP/,0,0
goodymalaysiaofficial,"Blinded by love😢

A 34-year-old Malaysian man, identified as Xie, posed as a successful entrepreneur to deceive 14 women, swindling them out of nearly RM10 million and causing some to contract diseases. Xie's primary girlfriend, Ms. Liu, was manipulated into borrowing RM300,000 from loan sharks and covering his living expenses, totalling at least RM600,000. He also convinced her to co-invest in a company, but she received no returns and was left to handle the company's financial troubles alone when police investigated unpaid salaries. Xie’s parents were complicit in his deception, entertaining multiple girlfriends at their home. The victims, who discovered his infidelity and deceit after their breakups, have exposed his fraudulent activities, hoping to bring him to justice.

Credit: China Press, Sin Chew Daily

#love #lovescam #fakelove #scamalert #scammers #goodymy #goody","[WindowsPath('C:/Users/hp/Desktop/Project/Full_code_Amala (1)/Full_code_Amala/downloads/goodymalaysiaofficial_3400314377192974780.jpg'), WindowsPath('C:/Users/hp/Desktop/Project/Full_code_Amala (1)/Full_code_Amala/downloads/goodymalaysiaofficial_3400314376983282331.jpg'), WindowsPath('C:/Users/hp/Desktop/Project/Full_code_Amala (1)/Full_code_Amala/downloads/goodymalaysiaofficial_3400314377176321068.jpg'), WindowsPath('C:/Users/hp/Desktop/Project/Full_code_Amala (1)/Full_code_Amala/downloads/goodymalaysiaofficial_3400314377117389444.jpg'), WindowsPath('C:/Users/hp/Desktop/Project/Full_code_Amala (1)/Full_code_Amala/downloads/goodymalaysiaofficial_3400314376991761671.jpg'), WindowsPath('C:/Users/hp/Desktop/Project/Full_code_Amala (1)/Full_code_Amala/downloads/goodymalaysiaofficial_3400314377109207455.jpg'), WindowsPath('C:/Users/hp/Desktop/Project/Full_code_Amala (1)/Full_code_Amala/downloads/goodymalaysiaofficial_3400314377142658556.jpg'), WindowsPath('C:/Users/hp/Desktop/Project/Full_code_Amala (1)/Full_code_Amala/downloads/goodymalaysiaofficial_3400314377142588747.jpg'), WindowsPath('C:/Users/hp/Desktop/Project/Full_code_Amala (1)/Full_code_Amala/downloads/goodymalaysiaofficial_3400314377150951812.jpg'), WindowsPath('C:/Users/hp/Desktop/Project/Full_code_Amala (1)/Full_code_Amala/downloads/goodymalaysiaofficial_3400314376983367897.jpg')]",https://www.instagram.com/p/C8wV-sxvpmS/,501,24
hackwithcarlos,#instagramhack #iphone #locationhack #lovescam #phonehack #pvacreator #recoverbitcoin #romancescam #romancescammer #snapchathacks #talktoanhacker #trading #unlock #whatsapprecovery #asia #bitcoinhacker #canada #cheating #cheatingspouse #chicarmy #computerscience #cryptoscammer #disabled #dubia #england #etherium #etheriumrecovery #facebookhack #facebookmeta #facebookrecovery,C:\Users\hp\Desktop\Project\Full_code_Amala (1)\Full_code_Amala\downloads\hackwithcarlos_3480928581345913787.jpg,https://www.instagram.com/p/DBOvhoboKu7/,0,0
ithinkr_,"""Love feels real, but sometimes, it’s just a beautiful scam. 💔 #HeartLessons #LoveAndReality #TrustWisely #LoveScam""",C:\Users\hp\Desktop\Project\Full_code_Amala (1)\Full_code_Amala\downloads\ithinkr__3488671621928243866.mp4,https://www.instagram.com/p/DBqQFs7BNKa/,1,0
lost_funds_recovery1,Message for help it's never too late to recover what's yours  #nollywoodmovies #instascammers #fake #halloffakes #instafakes #aracajusergipebr #fidelidadextrema #southamericamemes #paixaodopovo #fakeusingstolenpictures #fidelidades #sadboy #lixeiramemes #sozinho #trechosemlivros #scamalert #explorepage #catfish #explore #solidao #fraud #alegrianasm #os #poetaemdia #lovescam #sentimentos #fakeprofile #bojack #aracaju #catfishing,C:\Users\hp\Desktop\Project\Full_code_Amala (1)\Full_code_Amala\downloads\lost_funds_recovery1_3486236054334909796.webp,https://www.instagram.com/p/DBhmTh1yq1k/,0,0
hackwithcarlos,#bitcoinhacking #cryptocommunity #gothacked #hackedaccounts #help #hireahacker #hireahackeronline #lostpassword #nodejs #passwordhacking #spyandroid #cheatingwife #havkedtiktok #lostcoin #mostether #snapchatrecovery #allrecipes #guruhacker #instagramrecovery #lovescam #romancescammer #cheatinghusband #cryptoscam #icloudunlock #romancescamn #whatsapphack #accounthacked #cryptocurrency #hackedtiktok #whatsappspy,C:\Users\hp\Desktop\Project\Full_code_Amala (1)\Full_code_Amala\downloads\hackwithcarlos_3484160032338323196.jpg,https://www.instagram.com/p/DBaORbsI6b8/,1,0
desi_chuguli,"ସଚେତନ ରୁହ ସବୁ ପୁଅ ମାନେ ନ ହେଲେ ସବୁ ଟଙ୍କା ପଇସା ସମୟ ସାଙ୍ଗ ସାଥି ପାଠ ପଢା ବର୍ବାଦ ହେଇ ଯିବ ଶେଷ କୁ ତମ ର ବି ଏଇ ଅଵସ୍ଥା ହବ

#iloveyou #scam1992 #scamalert #scammers #scammer #dhoka #dhoka💔 #heartbreak #gf #girlfriend #lover #love #bestfriend #friendshipmemes #friend #lovescam #timepass #fraudalert #fraud #memes #meme #desimemes #desimeme #funnymemes #funnymeme #odiamemes #odiameme #catlover #catmemes 

ଆହେ ମଣି ତମ ସହ ଏମିତି Scam ହେଇଚି ନା ନାଇ",C:\Users\hp\Desktop\Project\Full_code_Amala (1)\Full_code_Amala\downloads\desi_chuguli_3487783732734423068.webp,https://www.instagram.com/p/DBnGNNrBXAc/,22,20
cyberhacker_specialist,"Hire a Professional Hacker.

CONTACT US @cyberhack_expert01
#bitcoinhacking #cryptocommunity #gothacked #hackedaccounts #help #hireahacker #hireahackeronline #lostpassword #nodejs #passwordhacking #spyandroid #cheatingwife #havkedtiktok #lostcoin #mostether #snapchatrecovery #allrecipes #guruhacker #instagramrecovery #lovescam #romancescammer #cheatinghusband #cryptoscam #icloudunlock #romancescamn #whatsapphack #accounthacked #cryptocurrency #hackedtiktok #whatsappspy",C:\Users\hp\Desktop\Project\Full_code_Amala (1)\Full_code_Amala\downloads\cyberhacker_specialist_3483521810338358474.webp,https://www.instagram.com/p/DBX9KFIiyTK/,0,0
mateo_hacker1,#bitcoinhacking #cryptocommunity #gothacked #hackedaccounts #help #hireahacker #hireahackeronline #lostpassword #nodejs #passwordhacking #spyandroid #cheatingwife #havkedtiktok #lostcoin #mostether #snapchatrecovery #allrecipes #guruhacker #instagramrecovery #lovescam #romancescammer #cheatinghusband #cryptoscam #icloudunlock #romancescamn #whatsapphack #accounthacked #cryptocurrency #hackedtiktok #whatsappspy,C:\Users\hp\Desktop\Project\Full_code_Amala (1)\Full_code_Amala\downloads\mateo_hacker1_3487032918581206332.jpg,https://www.instagram.com/p/DBkbfbgIF08/,0,0
singaporelegaladvice,"A total of 9,502 scams were reported in Singapore in 2019 - a 54% increase from 2018, according to the Singapore police’s 2019 crime brief! 😱 The top 3 scams reported were:
-
🛍️ E-commerce scams
💰 Loan scams
🏩 Credit-for-sex scams
-
In total, victims lost $168 million from the top 10 types of scams in Singapore. That’s $23 million more than the amount scammed in 2018 😰 Be careful and stay safe, y’all 😠 #SingaporeLegalAdvice",C:\Users\hp\Desktop\Project\Full_code_Amala (1)\Full_code_Amala\downloads\singaporelegaladvice_2238457472506803713.jpg,https://www.instagram.com/p/B8QmTYdljYB/,886,10
hackwithcarlos,#instagramhack #iphone #locationhack #lovescam #phonehack #pvacreator #recoverbitcoin #romancescam #romancescammer #snapchathacks #talktoanhacker #trading #unlock #whatsapprecovery #asia #bitcoinhacker #canada #cheating #cheatingspouse #chicarmy #computerscience #cryptoscammer #disabled #dubia #england #etherium #etheriumrecovery #facebookhack #facebookmeta #facebookrecovery,C:\Users\hp\Desktop\Project\Full_code_Amala (1)\Full_code_Amala\downloads\hackwithcarlos_3481897026778755656.jpg,https://www.instagram.com/p/DBSLuXhovJI/,0,0
louismiller7820,#instagramhack #iphone #locationhack #lovescam #phonehack #cheatinghusband #world #romancescam #romancescammer #snapchathacks #cheatingwife #trading #unlock #whatsapprecovery #asia #bitcoinhacker #canada #cheating #cheatingspouse #fyp #usa #cryptoscammer #disabled #dubia #england #etherium #etheriumrecovery #facebookhack #facebookmeta #facebookrecovery,C:\Users\hp\Desktop\Project\Full_code_Amala (1)\Full_code_Amala\downloads\louismiller7820_3480307303757078752.heic,https://www.instagram.com/p/DBMiQ2lo2Dg/,0,0
saltandlight.sg,"He patiently courted her for months. Knowing that she would only consider a Christian for a life partner, he shared that he was willing to become one and even agreed to follow her to church.

But in a twisted turn of events, he ended up being a swindler who scammed her of $240,000 in a hybrid ""pig-butchering"" scam involving both romance and investment.

Despite her faith suffering a beating as a result, she still experienced God's miraculous hand of provision.

💡Tap our link in bio to read her story.

_______

#jesus #christianity #faithingod #faithoverfear #lovescam #inchrist #bible #trustgod #holyspirit #jesuschrist",C:\Users\hp\Desktop\Project\Full_code_Amala (1)\Full_code_Amala\downloads\saltandlight.sg_2848169359221668154.mp4,https://www.instagram.com/p/CeGuvEkjzk6/,1180,25
roothack.s,"Posted @roothack.s • @roothack.s Send me a direct message for hacking and recovery of lost funds services#fraud #crime #LearnOnTik Tok #scammers #GetAnswers #security #onlinesecurity#scammeralet #scam #gofundme #victimofscam @roothack.s #hackedaccount #igothacked #igotscammed #scamalert #scameralert #newscamalert #jobscam #jobsitescam #newaccount #fyp #fraud #facebookmarketplacescam #rentalscamalert #chargeback

#lovescam#romancescam #fakeprofile #accounthelp #viral #cryptoscamrecovery",C:\Users\hp\Desktop\Project\Full_code_Amala (1)\Full_code_Amala\downloads\roothack.s_3480115314542387818.webp,https://www.instagram.com/p/DBL2nCssiJq/,0,0
exotic_techack,#lovescam #hackwhatsapp #hanumanjayanti #eu #hashtag #europe #hackedig #helpless #howtorecoverscam #hackedrecover #hackignews #elsavador #hackingfb #hackwhatsapp #hackedmail #hacksquat #hackershelpinghackers #howtorecoverscammedbitcoin #hackingsnapchats #howtorecoverhackedbitcoinwallet #hackerinstagram #helpiwashacked #hackedaccount #hackedinstagrampassword #helpme #hackedpage #hacklife #howtorecorverhackebitcoinwallet,C:\Users\hp\Desktop\Project\Full_code_Amala (1)\Full_code_Amala\downloads\exotic_techack_3484895913630175505.jpg,https://www.instagram.com/p/DBc1l6jIxER/,0,0
mateo_hacker1,"Dm for instant help
#nollywoodmovies #instascammers #fake #halloffakes #instafakes #aracajusergipebr #fidelidadextrema #southamericamemes #paixaodopovo #fakeusingstolenpictures #fidelidades #sadboy #lixeiramemes #sozinho #trechosemlivros #scamalert #explorepage #catfish #explore #solidao #fraud #alegrianasm #os #poetaemdia #lovescam #sentimentos #fakeprofile #bojack #aracaju #catfishing",C:\Users\hp\Desktop\Project\Full_code_Amala (1)\Full_code_Amala\downloads\mateo_hacker1_3482704918389847444.jpg,https://www.instagram.com/p/DBVDavOIfWU/,1,0
weintheccc,"DON'T BE DECEIVED! He tells you he wish he had married you before his wife and you begin to blush...
Lori Iro!

👂Come let me whisper into your ear, ""You have just been scammed!""

Any married man or woman trying to flirt with you should be avoided. Run away! Japaa!

Do not let married people use you as a sex tool or flirt-mate.

It is totally unGodly and immoral!

👍 @igbagboyemi_tosin
📸 Online
#weintheccc #valentine #february14 #feb14 #feb14th #february14th #silhouettechallenge #silhouette #bussitchallange #love #deceive #deceit #lies #scam #lovescam #scammer #monthoflove #naijawedding #naijafashionista #naijafashiondaily #owambe #February #omocele #loriiro #beauty #woman #relationshipgoals #celestialchurchofchrist #loriiro #loriirochallenge",C:\Users\hp\Desktop\Project\Full_code_Amala (1)\Full_code_Amala\downloads\weintheccc_2506686052164645698.jpg,https://www.instagram.com/p/CLJia72szNC/,1316,24
roothack.s,"Posted @roothack.s • @roothack.s Send me a direct message for hacking and recovery of lost funds services#fraud #crime #LearnOnTik Tok #scammers #GetAnswers #security #onlinesecurity#scammeralet #scam #gofundme #victimofscam @roothack.s #hackedaccount #igothacked #igotscammed #scamalert #scameralert #newscamalert #jobscam #jobsitescam #newaccount #fyp #fraud #facebookmarketplacescam #rentalscamalert #chargeback

#lovescam#romancescam #fakeprofile #accounthelp #viral #cryptoscamrecovery",C:\Users\hp\Desktop\Project\Full_code_Amala (1)\Full_code_Amala\downloads\roothack.s_3480113837283284574.webp,https://www.instagram.com/p/DBL2Ri5MRZe/,0,0
essesial_hacker25,"#hireahackeronline #bitcoinrecovery
#bankofamerica #bitcoinhack #bitcoinhacking
#recoveryispossible #responddontreact
#cryptorecovery #facebook #hackedaccounts
#recoveryservice #socialmediarecovery #spy
#facebookhacked #hackedinstagram #hackercanada
#lostcrypto #spyandroid #spyapp #accountrecovery
#hackinstagram #help #passwordhacking #recovery
#gothacked #havkedtiktok
#snapchathacker #lovescam
#romancescam #romancescammer",C:\Users\hp\Desktop\Project\Full_code_Amala (1)\Full_code_Amala\downloads\essesial_hacker25_3488157098873943315.webp,https://www.instagram.com/p/DBobGZ_I3UT/,0,0
mysmartprice,"A 55-year-old man lost over Rs 14 crore after matching with a female investment broker who turned out to be a con artist.
.
.
.
#lovescam #tinder #honeytrap #Tinderscam #love #lovefraud",C:\Users\hp\Desktop\Project\Full_code_Amala (1)\Full_code_Amala\downloads\mysmartprice_3075023673958904903.jpg,https://www.instagram.com/p/Cqsrb1CPLRH/,642,1
captainthomas_official,"When you think you have seen it all…
1. I am not divorced, but still happily married to my beloved ❤️ husband, Morten for more than 9 years.
2. This is a FAKE document made by scammers to cheat money out of women.
3. A Danish divorce document would never be in English language, but in Danish🇩🇰 off course.
4. The Supreme Court would never handle a simple divorce… 😂
5. DO NOT SEND MONEY TO SOMEONE YOU HAVE NOT MET IN PERSON!
.
#fake #fakeprofile #scammer #catfish #scam #victim #women #lovescam #illusion #mirage #romancescam #419 #fraud #crime #love #gay #captain #therealcaptainthomas #document #supremecourt #højesteret #skilsmisse",C:\Users\hp\Desktop\Project\Full_code_Amala (1)\Full_code_Amala\downloads\captainthomas_official_2624447439649643470.jpg,https://www.instagram.com/p/CRr6QqcABvO/,2006,267
roothack.s,"Posted @roothack.s • @roothack.s When perpetrators of romantic scams succeed in making their victims feel emotionally invested in them, the victims have a hard time believing that they are actually communicating with a con artist, even after being warned.

Even more disturbingly, con artists can foster a genuine emotional connection with their victims, to the point where they begin to imagine a future with them.

It’s important to be cautious about sending money to someone you don’t know while doing business online. If someone tries to woo you into a relationship and the circumstances appear too good to be true, you should proceed with caution.#mostcommonscams #onlinesscam #dating scam #lovescam #romanticscam

#scammers #catfishingstory #cyberfraud #internetfraud #fraud #crime #LearnOnTik Tok #scammers #GetAnswers #security #onlinesecurity#scammeralet #scam #gofundme #victimofscam @roothack.s #hackedaccount #igothacked #igotscammed #scamalert #scameralert #newscamalert #jobscam #newaccount #fraud #facebookmarketplacescam #lovescam#romancescam #accounthelp",C:\Users\hp\Desktop\Project\Full_code_Amala (1)\Full_code_Amala\downloads\roothack.s_3480120670005917510.webp,https://www.instagram.com/p/DBL30-XMndG/,0,0
igor_tech_investigator,Posted @withregram • @igor_tech_investigator @igor_tech_investigator @igor_tech_investigator #instagramhack #iphone #locationhack #lovescam #phonehack #cheatinghusband #world #romancescam #romancescammer #snapchathacks #cheatingwife #trading #unlock #whatsapprecovery #asia #bitcoinhacker #canada #cheating #cheatingspouse #fyp #usa #cryptoscammer #disabled #dubia #england #etherium #etheriumrecovery #facebookhack #facebookmeta #facebookrecovery,C:\Users\hp\Desktop\Project\Full_code_Amala (1)\Full_code_Amala\downloads\igor_tech_investigator_3476527920651599288.webp,https://www.instagram.com/p/DA_G7lyKn24/,1,0
editor_hari_0.1,"𝘍𝘢𝘬𝘦𝘳𝘦𝘭𝘢𝘵𝘪𝘰𝘯𝘴𝘩𝘪𝘱🥀💔😩🥺 

#fakelove #toxiclove #lovescam #fakerelationship #emotionalmanipulation #heartbroken #betrayed #lovehurts #brokentrust #fakepeople #redflags #toxicbehavior #lovebombs #gaslighting #emotionalabuse #selflovejourney #movingon #healingheart #lovemyself #strongerthanyesterday #fakelove #fakefriendship #lovescam #fakepeople #truelove #editor #editor_hari_01 #editing","[WindowsPath('C:/Users/hp/Desktop/Project/Full_code_Amala (1)/Full_code_Amala/downloads/editor_hari_0.1_3467634400517752950.mp4'), WindowsPath('C:/Users/hp/Desktop/Project/Full_code_Amala (1)/Full_code_Amala/downloads/editor_hari_0.1_3467634572358549314.webp')]",https://www.instagram.com/p/DAfg0clyY7o/,3,0
roothack.s,"Posted @roothack.s • @roothack.s When perpetrators of romantic scams succeed in making their victims feel emotionally invested in them, the victims have a hard time believing that they are actually communicating with a con artist, even after being warned.

Even more disturbingly, con artists can foster a genuine emotional connection with their victims, to the point where they begin to imagine a future with them.

It’s important to be cautious about sending money to someone you don’t know while doing business online. If someone tries to woo you into a relationship and the circumstances appear too good to be true, you should proceed with caution. #mostcommonscams #onlinesscam #dating scam #lovescam #romanticscam

#scammers #catfishingstory #cyberfraud #internetfraud #fraud #crime #LearnOnTik Tok #scammers #GetAnswers #security #onlinesecurity#scammeralet #scam #gofundme #victimofscam @ducanhacks #hackedaccount #igothacked #igotscammed #scamalert #scameralert #newscamalert #jobscam #newaccount #fraud #facebookmarketplacescam #lovescam#romancescam #accounthelp",C:\Users\hp\Desktop\Project\Full_code_Amala (1)\Full_code_Amala\downloads\roothack.s_3480140971712248172.webp,https://www.instagram.com/p/DBL8cZzMPls/,0,0
thekaranedit,"Focus on goal 😈
.
.
.
.
.
#reel #instagram #instagood #cricket #cricketlovers #cricketworld #cricketedits #cricketcraze #virat #viratkholi #viratians #viratfanarmy #king #scam #loveyourself #lovescam #trending #viral #king👑",,https://www.instagram.com/p/CwznzQryjAL/,167,3
borneobulletin,"[Courts]

A 51 year-old petrol filling station manager on Wednesday pleaded guilty to 15 charges of siphoning BND163,800.11, claiming that she had been cheated in a love scam on social media.

More details on www.borneobulletin.com.bn

#brunei #bruneinews #borneobulletin #aroundthecourts #lovescam #online",C:\Users\hp\Desktop\Project\Full_code_Amala (1)\Full_code_Amala\downloads\borneobulletin_2181535557414604421.jpg,https://www.instagram.com/p/B5GXwf8lM6F/,495,10
daveblack_hacker,"Recover your blocked or locked bitcoin account
#hireahackeronline #bitcoinrecovery #cryptorecovery #facebook #hackedaccounts #recoveryservice #socialmediarecovery #spy #facebookhacked #hackedinstagram #hackercanada #lostcrypto #spyandroid #spyapp #accountrecovery #bankofamerica #bitcoinhack #bitcoinhacking #gothacked #havkedtiktok
#hackinstagram #help #passwordhacking #recovery #recoveryispossible
#responddontreact #snapchathacker #lovescam
#romancescamn #romancescammer",C:\Users\hp\Desktop\Project\Full_code_Amala (1)\Full_code_Amala\downloads\daveblack_hacker_3483667708971046922.jpg,https://www.instagram.com/p/DBYeVL0t9gK/,0,0
daveblack_hacker,"Recover your blocked or locked bitcoin account
#hireahackeronline #bitcoinrecovery #cryptorecovery #facebook #hackedaccounts #recoveryservice #socialmediarecovery #spy #facebookhacked #hackedinstagram #hackercanada #lostcrypto #spyandroid #spyapp #accountrecovery #bankofamerica #bitcoinhack #bitcoinhacking #gothacked #havkedtiktok
#hackinstagram #help #passwordhacking #recovery #recoveryispossible
#responddontreact #snapchathacker #lovescam
#romancescamn #romancescammer",C:\Users\hp\Desktop\Project\Full_code_Amala (1)\Full_code_Amala\downloads\daveblack_hacker_3483667563654972951.jpg,https://www.instagram.com/p/DBYeTEfNIYX/,0,0
louismiller7820,#instagramhack #iphone #locationhack #lovescam #phonehack #cheatinghusband #world #romancescam #romancescammer #snapchathacks #cheatingwife #trading #unlock #whatsapprecovery #asia #bitcoinhacker #canada #cheating #cheatingspouse #fyp #usa #cryptoscammer #disabled #dubia #england #etherium #etheriumrecovery #facebookhack #facebookmeta #facebookrecovery,C:\Users\hp\Desktop\Project\Full_code_Amala (1)\Full_code_Amala\downloads\louismiller7820_3480307370916292957.heic,https://www.instagram.com/p/DBMiR1Io6ld/,0,0
calegendsofficial,"Pyaar china ka maal hai aur ICAI india ka, time lega pr lifetime chlega...
.
.
.
#love #lovescam #icai_students_group #loveschool",C:\Users\hp\Desktop\Project\Full_code_Amala (1)\Full_code_Amala\downloads\calegendsofficial_2187831680215911653.jpg,https://www.instagram.com/p/B5cvVJPnYzl/,1598,7
mahameru706,"#waspadascam
#scammer
#scamming
#lovescam",C:\Users\hp\Desktop\Project\Full_code_Amala (1)\Full_code_Amala\downloads\mahameru706_3488560023857306675.mp4,https://www.instagram.com/p/DBp2tvHpJwz/,2,0
kimpercent,The fake love is REAL.#narcissistsbelike #staywoke #fakelove #theloveisfake #lovefraud #lovescam #tempertantrums #truelove #howwilliknow,,https://www.instagram.com/p/C4TNHj6LC9k/,150,0
clifford_wirespy,#instagramhack #iphone #locationhack #lovescam #phonehack #pvacreator #recoverbitcoin #romancescam #romancescammer #snapchathacks #talktoanhacker #trading #unlock #whatsapprecovery #asia #bitcoinhacker #canada #cheating #cheatingspouse #chicarmy #computerscience #cryptoscammer #disabled #dubia #england #etherium #etheriumrecovery #facebookhack #facebookmeta #facebookrecovery,C:\Users\hp\Desktop\Project\Full_code_Amala (1)\Full_code_Amala\downloads\clifford_wirespy_3485630567602062559.webp,https://www.instagram.com/p/DBfcoiYKgTf/,0,0
businesskro1m,"love is a scam 💔💔

.

.

.

.
#love #scams #lovebreakup #broke #lovescam #business #entrepreneur #success #carrier #businesslion_hindi #businesskro1m #entrepreneur #life #lifelessons @instagram",C:\Users\hp\Desktop\Project\Full_code_Amala (1)\Full_code_Amala\downloads\businesskro1m_3408461180397262413.mp4,https://www.instagram.com/p/C9NSWKASZZN/,25,0
louismiller7820,"Recover your blocked or locked Bitcoin account 

#hireahackeronline #bitcoinrecovery #cryptorecovery #facebook #hackedaccounts #recoveryservice #socialmediarecovery #spy
#Tacebookhacked #hackedinstagram #hackercanada #lostcrypto #spyandroid #spyapp #accountrecovery #bankofamerica #bitcoinhack #bitcoinhacking #gothacked #havkedtiktok #hackinstagram #help #passwordhacking #recovery #recoveryispossible #responddontreact #snapchathacker #lovescam #romancescam #romancescammer",C:\Users\hp\Desktop\Project\Full_code_Amala (1)\Full_code_Amala\downloads\louismiller7820_3480310750041977333.heic,https://www.instagram.com/p/DBMjDAMObH1/,0,0
nina_esguerra_,"January 03, 2023
Mr. Han Ji-hoon 
Instagram Live Broadcast (first live broadcast I recorded)
He is not just a good dancer but a good singer as well.
#isupporthanjihoon #lovescam #awareness #dontbeavictim #bevigilant #fypspotted #fypviral #tiktok
@_han_ji_hoon  @_han_ji_hoon2  @gwangju_food_1 @gwangju_ji_hoon @jihoon_no.1",,https://www.instagram.com/p/DBdHP1CvQeV/,9,2
katie_cyber_expert,"Online dating scams – also known as romance scams or romance fraud – take place when someone believes they have made a connection or match through an online dating site or app – but the person they are talking to is, in fact, a scammer using a fake profile. The scammer manipulates or grooms the other person to gain their trust over time – ultimately so they can either ask them for money or obtain enough personal information about them to steal their identity.
Contact us now to recover your scammed money from fake profile.
.
.
#nollywoodmovies #instascammers #fake #halloffakes #instafakes #aracajusergipebr #fidelidadextrema #southamericamemes #paixaodopovo #fakeusingstolenpictures #fidelidades #sadboy #lixeiramemes #sozinho #trechosemlivros #scamalert #explorepage #catfish #explore #solidao #fraud #alegrianasm #os #poetaemdia #lovescam #sentimentos #fakeprofile #bojack #aracaju #catfishing",C:\Users\hp\Desktop\Project\Full_code_Amala (1)\Full_code_Amala\downloads\katie_cyber_expert_3487968609888801277.webp,https://www.instagram.com/p/DBnwPh8IpH9/,0,0
mackinon_hackers,#moneyscam #scammer #betrug #scammerofinstagram #fakeaccounts #scambaiter #lovescam #fakeprofile #instascammerwarning #scammers #scammeralert #fakeprofil #romancescammer #fakeprofiles #betr #fakeprofilealert #itunescards #thismanonlywantsmoneyfromyou #ger #scam #fakeaccount #fake #scamalert #scammersofinstagram #fraud #spam #romancescam #scamming #scams #romancescams,C:\Users\hp\Desktop\Project\Full_code_Amala (1)\Full_code_Amala\downloads\mackinon_hackers_3428311785191724820.jpg,https://www.instagram.com/p/C-Tz2eXo1cU/,1,0
thestaronline,"A 44-year-old woman lost about RM2.7mil of her savings after she was duped by an ""American #pilot"" in a #LoveScam.

Kuala Lumpur Commercial Crime Investigation Department acting chief Supt Mohd Mahidisham Ishak said the woman lodged a police report on Thursday (April 15).

""She claimed that she got to know a foreign man, who is supposedly an American pilot, in November last year via the dating app, #Tinder.

""Throughout their five-month relationship, she was asked to make various payments to a local company, purportedly for flying courses,"" he said.

Full report in our Bio.

#TheStar #News #ScamAlert",C:\Users\hp\Desktop\Project\Full_code_Amala (1)\Full_code_Amala\downloads\thestaronline_2553155304239816651.jpg,https://www.instagram.com/p/CNuoTjVnl_L/,591,14
louismiller7820,"Recover your blocked or locked Bitcoin account 

#hireahackeronline #bitcoinrecovery #cryptorecovery #facebook #hackedaccounts #recoveryservice #socialmediarecovery #spy
#Tacebookhacked #hackedinstagram #hackercanada #lostcrypto #spyandroid #spyapp #accountrecovery #bankofamerica #bitcoinhack #bitcoinhacking #gothacked #havkedtiktok #hackinstagram #help #passwordhacking #recovery #recoveryispossible #responddontreact #snapchathacker #lovescam #romancescam #romancescammer",C:\Users\hp\Desktop\Project\Full_code_Amala (1)\Full_code_Amala\downloads\louismiller7820_3480310799096906232.heic,https://www.instagram.com/p/DBMjDt4IIH4/,0,0
thestaronline,"Love scammers have struck again, this time cheating a single mother here of more than RM900,000.

Central Seberang Prai OCPD Asst Comm Shafee Samad said the woman, an accounts clerk at a shopping centre in Butterworth, parted with RM927,400 between April 9, 2019 and Feb 12 this year after falling victim to a syndicate.

The victim conducted 50 transactions with five different bank accounts totalling RM927,400.

Full story via link in bio.

#TheStar #Malaysia #Scam #Lovescam #Syndicate",C:\Users\hp\Desktop\Project\Full_code_Amala (1)\Full_code_Amala\downloads\thestaronline_2601035585997501006.jpg,https://www.instagram.com/p/CQYvBWnh_JO/,1047,19
ray_hackers,#instagramhack #iphone #locationhack #lovescam #phonehack #pvacreator #recoverbitcoin #romancescam #romancescammer #snapchathacks #talktoanhacker #trading #unlock #whatsapprecovery #asia #bitcoinhacker #canada #cheating #cheatingspouse #chicarmy #computerscience #cryptoscammer #disabled #dubia #england #etherium #etheriumrecovery #facebookhack #facebookmeta #facebookrecovery,C:\Users\hp\Desktop\Project\Full_code_Amala (1)\Full_code_Amala\downloads\ray_hackers_3481094720110931076.webp,https://www.instagram.com/p/DBPVTRNsyyE/,0,0
captainthomas_official,"Write “Captain Thomas” in any search field on the internet and social media and you will see…
.
#pandorasbox #captainthomas #fakeprofiles #internet #socialmedia #fake #profile #scam #lovescam #deceit  #fate #curse #evil #doomed #darkness #captain",C:\Users\hp\Desktop\Project\Full_code_Amala (1)\Full_code_Amala\downloads\captainthomas_official_3476305072873340014.jpg,https://www.instagram.com/p/DA-UQungPxu/,843,85
ethicalre_hacker3,"#hireahackeronline #bitcoinrecovery
#bankofamerica #bitcoinhack #bitcoinhacking
#recoveryispossible #responddontreact
#cryptorecovery #facebook #hackedaccounts
#recoveryservice #socialmediarecovery #spy
#facebookhacked #hackedinstagram #hackercanada
#lostcrypto #spyandroid #spyapp #accountrecovery
#hackinstagram #help #passwordhacking #recovery
#gothacked #havkedtiktok
#snapchathacker #lovescam
#romancescam #romancescammer",C:\Users\hp\Desktop\Project\Full_code_Amala (1)\Full_code_Amala\downloads\ethicalre_hacker3_3483813717499470398.webp,https://www.instagram.com/p/DBY_h43MGI-/,0,0
astrosigns7,"I am sending this with an open heart, may you receive it with an open mind 🍀🧿✨🌝💫

#astrology #important #con #scamalert #relationshipscam #lovescam #relationshipguidance #loveguidance #tarot #astrology #spells #ritual #manifestation #healing #lawofattraction #news #attention #viralpost #goviral #viralaudio #trending #trendingreel #trendingaudio #badnewz",,https://www.instagram.com/p/C9m_IWOgs6V/,21,2
todayonline,"2 Nigerians have been remanded in Singapore for further investigation into their involvement in a series of Internet love scams.

This is the first time that love scam suspects based overseas have been arrested and sent to Singapore for prosecution.

Tap on the link in our bio to read more.
Photos: Najeer Yusof/TODAY
#nigerians #lovescam #scam #crime @singaporepoliceforce",C:\Users\hp\Desktop\Project\Full_code_Amala (1)\Full_code_Amala\downloads\todayonline_2043458834365969418.jpg,https://www.instagram.com/p/Bxb0vuvhHQK/,1097,32
officialefcc,"EFCC Arrests 18 Suspected Internet Fraudsters In Lagos .
.
The Economic and Financial Crimes Commission, EFCC, Lagos Zonal Office, has arrested 18 (Eighteen) suspected internet fraudsters in Lagos.
.
.
The suspects are:  Abass Mukhtar, Enitan Adekunle, Olakunle Araoyinbo, Korede Adetule, Christmas Gabriel, Christmas Yole, Christmas Emmanuel and Harrison Obayogbono.
.
.
Others are: Victor Kenneth, Adewale Musibau, Oluwajuwon Shofuyi, Idris Abdulazeez, Oyeku Adeoye, Omilana Adeleke, Okeke Chucks, Peters Olamide, Abayomi Jones and Usman Olalekan.
.
.
The suspects were arrested during a sting operation in the early hours of Friday, September 27, 2019 at three different locations in the Alagbado area of Lagos State, following intelligence reports received by the Commission from concerned members of the public about their alleged involvement in the criminal activities.
.
.
During the raid, about five of the suspects attempted to escape arrest by taking refuge inside the ceiling of their apartments. They were, however, immediately apprehended by operatives of the EFCC.
.
.
Items recovered from the suspects at the point of arrest include charms, phones, laptops and five cars-Hyundai Sonata, Toyota Camry 2004 model, Toyota Camry 2007 model, Toyota Camry 1999 model and Honda Pilot.
.
.
The suspects will soon be charged to court.
.
.
#InternetFraudsters #YahooBoys #YahooYahoo #Scam #Fraud #Corruption #Crime #LoveScam #RomanceScam #LandScam #CyberCrime #EFCC #TheFightAgainstCorruption #FightingForYou",C:\Users\hp\Desktop\Project\Full_code_Amala (1)\Full_code_Amala\downloads\officialefcc_2150108727842242645.jpg,https://www.instagram.com/p/B3WuH8HgQBV/,5734,377
mothershipsg,"Suhaili was dealt 15 months' jail on Feb. 21 after pleading guilty to two counts of helping to retain benefits from criminal conduct, under the Corruption, Drug Trafficking and Other Serious Crimes (Confiscation of Benefits) Act.

#linkinbio 

Photo via Unsplash","[WindowsPath('C:/Users/hp/Desktop/Project/Full_code_Amala (1)/Full_code_Amala/downloads/mothershipsg_3045046936310406376.jpg'), WindowsPath('C:/Users/hp/Desktop/Project/Full_code_Amala (1)/Full_code_Amala/downloads/mothershipsg_3045046936327169140.jpg'), WindowsPath('C:/Users/hp/Desktop/Project/Full_code_Amala (1)/Full_code_Amala/downloads/mothershipsg_3045046936310518316.jpg')]",https://www.instagram.com/p/CpCLg9bLHKo/,22693,112
muscletropin,"Hello? Yes? You are being held at immigration and they will only release you upon $5k bail?! Kthxbye 👋

#truestory #lovescam #alwaysbevigilant","[WindowsPath('C:/Users/hp/Desktop/Project/Full_code_Amala (1)/Full_code_Amala/downloads/muscletropin_3205045789806609908.jpg'), WindowsPath('C:/Users/hp/Desktop/Project/Full_code_Amala (1)/Full_code_Amala/downloads/muscletropin_3205045789806751733.jpg'), WindowsPath('C:/Users/hp/Desktop/Project/Full_code_Amala (1)/Full_code_Amala/downloads/muscletropin_3205045789798251163.jpg'), WindowsPath('C:/Users/hp/Desktop/Project/Full_code_Amala (1)/Full_code_Amala/downloads/muscletropin_3205045790016503605.jpg'), WindowsPath('C:/Users/hp/Desktop/Project/Full_code_Amala (1)/Full_code_Amala/downloads/muscletropin_3205045789806711236.jpg')]",https://www.instagram.com/p/Cx6nCvJSQzA/,3,4
ethical_anonymous_hacker,"#hireahackeronline #bitcoinrecovery
#bankofamerica #bitcoinhack #bitcoinhacking
#recoveryispossible #responddontreact
#cryptorecovery #facebook #hackedaccounts
#recoveryservice #socialmediarecovery #spy
#facebookhacked #hackedinstagram #hackercanada
#lostcrypto #spyandroid #spyapp #accountrecovery
#hackinstagram #help #passwordhacking #recovery
#gothacked #havkedtiktok
#snapchathacker #lovescam
#romancescam #romancescammer",C:\Users\hp\Desktop\Project\Full_code_Amala (1)\Full_code_Amala\downloads\ethical_anonymous_hacker_3480324460465229319.webp,https://www.instagram.com/p/DBMmKhBIg4H/,0,0
unthoughtful.quotes,"Double Tap ❤️ & Comment (YES) letter by letter If you agree🔥‼️
.
.
Share 📲 with your Friends & Family 💯💯
-
Follow ( @unthoughtful.quotes )

----------------------------------------------------
Like❣️ Comment✍️ Tag📌
----------------------------------------------------

For more Motivational,Inspirational & Relatable Quotes 
👉 Follow @unthoughtful.quotes

👉 Follow @unthoughtful.quotes

👉 Follow @unthoughtful.quotes

----------------------------------------------------

⭕""TURN ON MY POST NOTIFICATION TO GET THE POST INSTANTLY""⭕
-
Background photo belongs to the Respective Owner 🙏🏻
-
-
#unthoughtfulquotes 
-
-
#lifequotesdaily #donttrustanyone #lovescam #championmindset #trend #avoidtoxicpeople #reachyourgoals #go2words  #thesuccessclub #perfectsayings #lifechangingquotes #realisrare #fuckfakepeople #girlyquote #lessonslearnedinlife #entrepreneurquote #millionairequotes #beawareofyoursurroundings #neverstoptrying #instasuccess #mindsetmattersmost #motivationalpage #bedifferent💪 #failureisnotanoption #quoteoftheday✏️",C:\Users\hp\Desktop\Project\Full_code_Amala (1)\Full_code_Amala\downloads\unthoughtful.quotes_2669559547618982840.webp,https://www.instagram.com/p/CUMLkO-lPu4/,3,59
unvssectech,"RECOVER YOUR BLOCKED OR LOCKED
BITCOIN ACCOUNT

#hireahackeronline #bitcoinrecovery #cryptorecovery #hackedaccounts #recoveryservice #socialmediarecovery #spy #facebookhacked #hackedinstagram #hackercanada #lostcrypto #spyandroid #spyapp #accountrecovery #bankofamerica #bitcoinhack #bitcoinhacking #gothacked #havkedtiktok #hackinstagram #help #passwordhacking #recovery #recoveryispossible #responddontreact #snapchathacker #lovescam #romancescam #romancescammer",C:\Users\hp\Desktop\Project\Full_code_Amala (1)\Full_code_Amala\downloads\unvssectech_3488626955964669071.webp,https://www.instagram.com/p/DBqF7ugIFyP/,0,0
ethical_anonymous_hacker,"Recover your blocked or locked
Bitcoin account 

.
.
.
.
.
.
.
.
.
.
.
#hireahackeronline #bitcoinrecovery #cryptorecovery
#facebook #hackedaccounts #recoveryservice
#socialmediarecovery #spy #facebookhacked
#hackedinstagram #hackercanada #lostcrypto
#spyandroid #spyapp #accountrecovery
#bankofamerica #bitcoinhack #bitcoinhacking
#gothacked #havkedtiktok #hackinstagram #help
#passwordhacking #recovery #recoveryispossible
#responddontreact #snapchathacker #lovescam
#romancescamn #romancescammer",C:\Users\hp\Desktop\Project\Full_code_Amala (1)\Full_code_Amala\downloads\ethical_anonymous_hacker_3480324872178090016.webp,https://www.instagram.com/p/DBMmQgdIcAg/,0,0
karann___jatav___09,"Check ✅ Bio Link👇👇
Follow for more :- @motiveselff
Follow for more :- @motiveselff
Follow for more :- @motiveselff
.
.
.
Background credits to respected owner 
Dm for credits
 
Credits (unknown)

Don't own the audio and picture. The credits go to the respective owners. This video is purely fan-made, and will not be used for profit or illegal sharing.
.
.
.
Fair Use: ""Copyright Disclaimer Under Section 107 of the 
Copyright Act 1976, allowance is made for ""fair use"" for
 purposes such as criticism, comment, news reporting, teaching, #motiveselff ,and research. Fair use is a use permitted by
 copyright.

Any copyright issue DM me
.
.
..
.
#motivation #newmotivation #foryoupage #explorepage #billonairemindset #millionairemindset #attitudemotivation #lovescam #focus #carrer #motivationalvideos #inspirationquotes #quotes #newquote #positivity #thougtmotivation #successmotivation #successmindset #bussinesspost #reelsmotivational #quotesvideos",,https://www.instagram.com/p/CqMmsqTrutI/,1716,1
nina_esguerra_,"Mr. Han Ji-hoon
TikTok Live Broadcast
on October 20, 2024
@5:46 PM
#isupporthanjihoon #lovescam #awareness #bevigilant #dontbeavictim #mybestfriend #friendsforkeep #grateful #thankful #respectingeachother #trusteachother #understandeachother
@_han_ji_hoon @_han_ji_hoon2 @gwangju_ji_hoon @gwangju_food_1 @jihoon_no.1",,https://www.instagram.com/p/DBYLNsGRsly/,11,0
ethical_anonymous_hacker,"Have you been scammed in crypto currency 💲💵?
Kindly send me a dm 📥 we can assist you get back your funds 📥📥
.
.
.
.
.
.
.
.#hireahackeronline #bitcoinrecovery
#bankofamerica #bitcoinhack #bitcoinhacking
#recoveryispossible #responddontreact
#cryptorecovery #facebook #hackedaccounts
#recoveryservice #socialmediarecovery #spy
#facebookhacked #hackedinstagram #hackercanada
#lostcrypto #spyandroid #spyapp #accountrecovery
#hackinstagram #help #passwordhacking #recovery
#gothacked #havkedtiktok
#snapchathacker #lovescam
#romancescam #romancescammer",C:\Users\hp\Desktop\Project\Full_code_Amala (1)\Full_code_Amala\downloads\ethical_anonymous_hacker_3480323479123911587.webp,https://www.instagram.com/p/DBMl8PEoeOj/,1,0
