Subreddit,Title,ID,Author,URL,Content,Image
CryptoRomanceScams,Crypto Romance Scams: Don't Fall for These Dating App Swindlers,wo67r2,hiplessAirfoil,https://youtube.com/watch?v=nKCBS9rwkE8&feature=share,No content available,
CryptoRomanceScams,Pig butchering crypto recovery scam: The worst scam there is,151mrp6,hollyhobby2004,/r/CryptoScams/comments/151mrgl/pig_butchering_crypto_recovery_scam_the_worst/,No content available,
CryptoRomanceScams,"I traced my scammer and recovered my lost coins. I got my $4,000 USDT back from crypto romance/pig butchering scam",wntf4p,CryptographerJust867,https://www.reddit.com/r/CryptoRomanceScams/comments/wntf4p/i_traced_my_scammer_and_recovered_my_lost_coins_i/,"​  $4,000 is a big loss, but actually pretty small in the world of crypto scam losses (e.g  I have read recent reports of victims losing $177K and others losing more than that in a Crypto-Romance Scheme / Pig-Butchering Scam).   ​  When I told my close friend I have been scammed, he made me realize that this is really the most common and completely obvious scam in the crypto world. The fact that I've been into crypto for a year and fell for this (as opposed to many of the far more sophisticated scams), tells him I haven't really learned the important things in that year. Anyone who reads any crypto news feeds should know about this. His fear is that I have been focusing on the wrong things (like an intense focus on ""to the moon"" attempts to get instantly wealthy).  ​  I am now learning the smart investing tools, which includes an intense focus on learning scam-avoidance (and a good start would be daily reading of r/CryptoRomanceScams ).  ​  As someone else aptly said here recently: “The best advice you'll receive in here is to stay away from cryptocurrency. It's a killing field for the naïve, desperate and the ignorant.”  ​  Any scam loss can be a great learning opportunity, so you should watch for him make the changes that indicate he will learn from this. If you do not, you might be in for much bigger financial losses down the road. For example, if he has put all of his investing eggs into the crypto basket, then he's at massive risk of having his entire net worth swiped from him by one of the many scams that are 20x more sophisticated than this one.  ​  Good luck! I hope good things come out of this bad experience for you!",
CryptoRomanceScams,ImCoinShop.com - RoyalNFT (RYN) Pig Butchering Ponzi Scheme,yw7nm1,Thaumasurge,/r/CryptoScams/comments/yvoakg/imcoinshopcom_royalnft_ryn_pig_butchering_ponzi/,No content available,
CryptoRomanceScams,How can I get my money back from lme.show scam,wwy0iu,colorfulHippo,https://www.reddit.com/r/CryptoRomanceScams/comments/wwy0iu/how_can_i_get_my_money_back_from_lmeshow_scam/,"   I was contacted by an internet based merchant who worked in twofold choices, digital money and forex exchanging of the above platform lme.show. He said his organization was on the forefront and utilized the most recent innovation and could offer ensured returns. I contributed a couple thousand and utilized their web-based stage, which appeared to function admirably. I could see my exchanges were bringing about great benefits. I contributed more at their demand and they guaranteed I would acquire much more.  Whenever I needed to withdraw I was told I would have to pay taxes before it is processed. I was rarely cautioned with regards to this yet they demanded I expected to pay charges. After I requested my cash, my exchanges began to fall flat and my aggregated benefits were beginning to diminish.  I feel extremely humiliated by this trick - they were exceptionally persuading and proficient. I don't realize How I can get my cash back now as I am extremely disappointed. Any help in the right direction will be appreciated.",
CryptoRomanceScams,New Ownership,14tjmz7,hollyhobby2004,https://www.reddit.com/r/CryptoRomanceScams/comments/14tjmz7/new_ownership/,"Hello, my name is Holly Hobby. I have just become the new owner of this sub, and some of you might know me from r/CryptoScams and even r/Scams, which I used to be on back in May. Crypto romance scams are one of the most major scams still going on today, especially in the form of a pig butchering scam. Recovering from there is hard, especially due to recovery scams in addition to unreliable law enforcement, crypto exchanges claiming all transacations are irreversible, and banks refusing to file a claim unless it was an unauthorized transaciton just cause they claim you ""willingly"" sent money to the scammer even if they know you were fooled as this is a convenient way for the bank to not lose money.",
CryptoRomanceScams,Pig butchering crypto recovery scam: The worst scam there is,151mrp6,hollyhobby2004,/r/CryptoScams/comments/151mrgl/pig_butchering_crypto_recovery_scam_the_worst/,No content available,
CryptoRomanceScams,"@Tesla2023US. Is One Of Many Accounts On YouTube That Have Been Hacked To Advertise A Crypto Doubling Scam. I've Been Reporting This Account Constantly For Almost 3 Days, And Though It Seems To Have Gone Dormant, YouTube Still Hasn't Taken The Account Down, Nor The Livestream.",14zclzi,frantzianleader,https://i.redd.it/cl708uhjpwbb1.jpg,No content available,images\14zclzi.jpg
CryptoRomanceScams,"I traced my scammer and recovered my lost coins. I got my $4,000 USDT back from crypto romance/pig butchering scam",wntf4p,CryptographerJust867,https://www.reddit.com/r/CryptoRomanceScams/comments/wntf4p/i_traced_my_scammer_and_recovered_my_lost_coins_i/,"​  $4,000 is a big loss, but actually pretty small in the world of crypto scam losses (e.g  I have read recent reports of victims losing $177K and others losing more than that in a Crypto-Romance Scheme / Pig-Butchering Scam).   ​  When I told my close friend I have been scammed, he made me realize that this is really the most common and completely obvious scam in the crypto world. The fact that I've been into crypto for a year and fell for this (as opposed to many of the far more sophisticated scams), tells him I haven't really learned the important things in that year. Anyone who reads any crypto news feeds should know about this. His fear is that I have been focusing on the wrong things (like an intense focus on ""to the moon"" attempts to get instantly wealthy).  ​  I am now learning the smart investing tools, which includes an intense focus on learning scam-avoidance (and a good start would be daily reading of r/CryptoRomanceScams ).  ​  As someone else aptly said here recently: “The best advice you'll receive in here is to stay away from cryptocurrency. It's a killing field for the naïve, desperate and the ignorant.”  ​  Any scam loss can be a great learning opportunity, so you should watch for him make the changes that indicate he will learn from this. If you do not, you might be in for much bigger financial losses down the road. For example, if he has put all of his investing eggs into the crypto basket, then he's at massive risk of having his entire net worth swiped from him by one of the many scams that are 20x more sophisticated than this one.  ​  Good luck! I hope good things come out of this bad experience for you!",
CryptoRomanceScams,Let's talk about liquidity mining scam links CryptoRom scammers are using liquidity mininig pool scams beware!,wnyfg5,dowdilyTone67,https://www.reddit.com/r/CryptoRomanceScams/comments/wnyfg5/lets_talk_about_liquidity_mining_scam_links/,"#   If you're thinking about getting involved in ETH mining, beware of a new scam that's doing the rounds. Criminals are using fake ETH mining pools to trick people into sending them money, and then disappearing with the funds.  This scam works by setting up a false ETH mining pool, and then advertising it on social media and forums. They often use attractive terms and conditions to lure people in, such as offering high payouts or no fees. Here are some tips on how to avoid this scam:  What is ETH mining and why is it so popular right now  ETH mining is the process of generating new ETH tokens by verifying transactions on the Ethereum blockchain. Ethereum is a popular platform for developing decentralized applications, and many users are willing to pay transaction fees in order to use these applications. As a result, ETH mining has become a very profitable activity, and miners are able to earn significant rewards for their efforts.  In addition, Ethereum is designed to be ASIC-resistant, which means that it can be mined using commodity hardware. This makes ETH mining accessible to a wide range of people, and it has contributed to the popularity of the Ethereum platform.  The risks of investing in ETH mining schemes  Despite the recent boom in cryptocurrency prices, ETH mining schemes remain a risky investment. For one thing, the price of ETH is highly volatile, and could drop sharply at any time. Additionally, mining difficulty is constantly increasing, which means that miners need to invest in ever-more powerful hardware just to keep up.  As a result, ETH mining schemes often involve a high level of upfront investment, with no guarantee of returns. Finally, there's always the possibility that the Ethereum network could be Forked, rendering existing mining equipment obsolete. For all these reasons, investors should approach ETH mining schemes with caution.  How to spot a scam mining operation  ETH mining scams are on the rise, preying on unsuspecting investors who are looking to cash in on the crypto craze. These schemes typically involve promises of guaranteed returns or free ETH mining equipment, neither of which are actually delivered. So how can you protect yourself from becoming a victim of an ETH mining scam? First, be sure to do your research before investing in any ETH mining operation.  If something sounds too good to be true, it probably is. Second, be wary of ETH mining operations that require you to deposit funds into a personal wallet or third-party website. These types of scams are often used to defraud investors of their ETH. Finally, only invest in ETH mining operations that have a proven track record and a solid reputation. By following these simple tips, you can help protect yourself from becoming the victim of an ETH mining scam.  Some tips for protecting yourself from fraudulent mining schemes  ETH mining scams are becoming more and more common. They often involve fake ETH mining sites that promise high returns for a small investment. However, these sites are simply stealing your money and will not actually mine ETH for you. To protect yourself from ETH mining scams, there are a few things you can do. First, be sure to do your research before investing in any ETH mining site.  Make sure the site is legitimate and has a good reputation. Secondly, be cautious of sites that promise very high returns. ETH mining is a process with a known return rate, so if a site claims to offer significantly higher returns, it is likely a scam. Finally, never give your private ETH wallet address to any ETH mining site. If you do, you risk having your ETH stolen. If you follow these simple tips, you can help protect yourself from [**ETH mining scams**](https://t.me/refund_my_coins).  The future of ETH mining and what to watch out for  ETH mining scams have been on the rise lately, and there are a few things to watch out for if you're thinking about getting involved in ETH mining. First, be sure to research the company or individual running the ETH mining operation. There are a lot of scams out there, so it's important to make sure you're dealing with a reputable source.  Second, be aware of the fees associated with ETH mining. Some companies will charge exorbitant fees, so be sure to know what you're paying before you get started.   Finally, make sure you have a good understanding of the ETH mining process before you get started. There are a lot of technical details involved, and it's important to make sure you understand what you're doing before you invest any money. ETH mining can be a great way to earn some extra money, but it's important to be aware of the risks before you get started.  How to get your money back if you have been scammed  [Allied Chargeback](mailto:alliedchargeback@swissmail.com) offers the solution of funds recovery to victims of cryptoRom and Crypto investment fraud. They are a professional with loads of experience and have helped many people to get their money back.  If you have been a victim of any kind of financial fraud, then you should definitely contact [alliedchargeback@swissmail.com](mailto:alliedchargeback@swissmail.com) for help. They have a very high success rate, consultation is free and they will work tirelessly to get your money back. They have successfully recovered funds from BTCBOX , ethfit.me , lme.show , orewallets, bitbank just to mention a few.",
CryptoRomanceScams,29M ⚠️ Watch Out For Crypto/Romance Scams!,wo6klw,hiplessAirfoil,/r/textfriends/comments/qcffjm/29m_watch_out_for_cryptoromance_scams/,No content available,
CryptoRomanceScams,Crypto Romance Scams: Don't Fall for These Dating App Swindlers,wo67r2,hiplessAirfoil,https://youtube.com/watch?v=nKCBS9rwkE8&feature=share,No content available,
CryptoRomanceScams,"defi-ned.top/h5/#/ liquidity mining is another mining pool scam , do not let them get you too.",zeeq35,currishvolvulus98,https://www.reddit.com/r/CryptoRomanceScams/comments/zeeq35/definedtoph5_liquidity_mining_is_another_mining/,"If you made the mistake of transacting with this fake mining pool, all is not lost yet. Have alliedchargeback evaluate your case and know exactly what your chances of recovery are .  If you don't take action towards getting your money back, these scammers will get away with it. As much as some people claim it is gone forever once you lose it , how come there are so much news about recovering crypto from the recovery of the crypto paid to the hackers for the pipeline ransomware hacks and even cryptocurrency traced from USA to India and they were recovered. You people that say it can't be recovered need to stop lying . It is obvious your misery loves company. If you have been fleeced in the liquidity mining scams , speak out! A problem shared is a problem solved.    You have nothing to lose from finding out where you stand .  I communicated with Allied Chargeback via [email](mailto:alliedchargeback@swissmail.com) and we he had couple phone correspondence .  Good luck",
CryptoRomanceScams,How can I get my money back from lme.show scam,wwy0iu,colorfulHippo,https://www.reddit.com/r/CryptoRomanceScams/comments/wwy0iu/how_can_i_get_my_money_back_from_lmeshow_scam/,"   I was contacted by an internet based merchant who worked in twofold choices, digital money and forex exchanging of the above platform lme.show. He said his organization was on the forefront and utilized the most recent innovation and could offer ensured returns. I contributed a couple thousand and utilized their web-based stage, which appeared to function admirably. I could see my exchanges were bringing about great benefits. I contributed more at their demand and they guaranteed I would acquire much more.  Whenever I needed to withdraw I was told I would have to pay taxes before it is processed. I was rarely cautioned with regards to this yet they demanded I expected to pay charges. After I requested my cash, my exchanges began to fall flat and my aggregated benefits were beginning to diminish.  I feel extremely humiliated by this trick - they were exceptionally persuading and proficient. I don't realize How I can get my cash back now as I am extremely disappointed. Any help in the right direction will be appreciated.",
CryptoRomanceScams,eth-trxm.com coinbase liquidity scam,wr2z28,backgorunkiwi19,https://www.reddit.com/r/CryptoRomanceScams/comments/wr2z28/ethtrxmcom_coinbase_liquidity_scam/," I lost 7500 usdt to a scammer named Polina. I signed a smart contact, and Coinbase should partially held responsible. I never gave out my recovery phrase, so this makes no sense to me. Her WhatsApp number is 949-822-5565. Please message her and let her know karma is real. Stay away from Eth-trxm.com.",
CryptoRomanceScams,"RGC liquidity mining pool is a big scam!! I lost 175k USDT to them, stay away!",x99ezt,Juicedwurld,https://www.reddit.com/r/CryptoRomanceScams/comments/x99ezt/rgc_liquidity_mining_pool_is_a_big_scam_i_lost/,No content available,
CryptoRomanceScams,"I lost over $50,000 from a DApp phishing mining pool scam in Coinbase Wallet",wpniw4,elegant_tip765,/user/elegant_tip765/comments/v7499y/i_lost_over_50000_from_a_dapp_phishing_mining/,No content available,
CryptoRomanceScams,"I recovered 288,000 USDT from LME.show",xpy6ds,gloomy_tadpole1,https://www.reddit.com/r/CryptoRomanceScams/comments/xpy6ds/i_recovered_288000_usdt_from_lmeshow/,"What to do if you think you’ve been scammed  Crypto romance scams are pretty new, but the FTC numbers show that they’re on the rise. They’re especially effective because:  Most people don’t know much about cryptocurrency.  They prey on people’s genuine desire for love and romance.  Number three is, unfortunately, the harshest reality of this kind of scam. Not dissimilar to gift cards — the current favorite payment method for romance scammers. In fact, cryptocurrency was designed specifically to be anonymous, which is great if you’re a political dissident trying to avoid a tyrannical government, but not so great if you’re a victim of a scam.   [alliedchargeback@swissmail.com](mailto:alliedchargeback@swissmail.com) will recover all your money.",
CryptoRomanceScams,New Ownership,14tjmz7,hollyhobby2004,https://www.reddit.com/r/CryptoRomanceScams/comments/14tjmz7/new_ownership/,"Hello, my name is Holly Hobby. I have just become the new owner of this sub, and some of you might know me from r/CryptoScams and even r/Scams, which I used to be on back in May. Crypto romance scams are one of the most major scams still going on today, especially in the form of a pig butchering scam. Recovering from there is hard, especially due to recovery scams in addition to unreliable law enforcement, crypto exchanges claiming all transacations are irreversible, and banks refusing to file a claim unless it was an unauthorized transaciton just cause they claim you ""willingly"" sent money to the scammer even if they know you were fooled as this is a convenient way for the bank to not lose money.",
CryptoRomanceScams,"Liquidity mining Pool Scam, hire the right service.",yf9t2m,ShortAdhere,https://www.reddit.com/r/CryptoRomanceScams/comments/yf9t2m/liquidity_mining_pool_scam_hire_the_right_service/," This is very tragic that people who have just been scammedand seek for help risk losing more money to more scammers. To hire a recovery expert, I suggest that you note the following things I observed while using the services of alliedchargeback  * He was direct and on-point (genuine hackers do not have time to waste). * He made his terms very clear. * He explained some of the things he was going to do. * He was very considerate and soft-toned. * He assured when the work will be delivered. * He has a refund policy if you find the service unsatisfactory and you feel you didn't get value for your money. Though we might have different experiences depending on the who you're hiring, but you should watch out for some of these points during your conversation as they could help you spot a red flag. In case you also need recovery services, you can connect with their email.     alliedchargeback@ swissmail.com",
CryptoRomanceScams,I-Team: Woman Warns Others After Losing $2.5M In Cryptocurrency Romance Scam,ws9l8x,Big_Bet_2958,https://www.reddit.com/r/CryptoRomanceScams/comments/ws9l8x/iteam_woman_warns_others_after_losing_25m_in/,[https://boston.cbslocal.com/2022/02/10/fbi-boston-cryptocurrency-romance-scam-investigation/?fbclid=IwAR3sgY\_jGaFmoL8KmJ6MRW\_LjIySt8hUtYnQ0Ylwzsv1TyhlVG4z-HCMPys](https://boston.cbslocal.com/2022/02/10/fbi-boston-cryptocurrency-romance-scam-investigation/?fbclid=IwAR3sgY_jGaFmoL8KmJ6MRW_LjIySt8hUtYnQ0Ylwzsv1TyhlVG4z-HCMPys),
CryptoRomanceScams,Tron liquidity mining scam on Tronlink,x5oq1n,Odd_Driver2400,https://www.reddit.com/r/CryptoRomanceScams/comments/x5oq1n/tron_liquidity_mining_scam_on_tronlink/,"https://trc.riicoin.com/?a=3&t=t  https://trx.rivicoin.com  liquidity mining scam dapps on Tronlink, verified by Tronlink customer service. Please be careful.",
CryptoRomanceScams,"@Tesla2023US. Is One Of Many Accounts On YouTube That Have Been Hacked To Advertise A Crypto Doubling Scam. I've Been Reporting This Account Constantly For Almost 3 Days, And Though It Seems To Have Gone Dormant, YouTube Still Hasn't Taken The Account Down, Nor The Livestream.",14zclzi,frantzianleader,https://i.redd.it/cl708uhjpwbb1.jpg,No content available,images\14zclzi.jpg
CryptoRomanceScams,"I traced my scammer and recovered my lost coins. I got my $4,000 USDT back from crypto romance/pig butchering scam",wntf4p,CryptographerJust867,https://www.reddit.com/r/CryptoRomanceScams/comments/wntf4p/i_traced_my_scammer_and_recovered_my_lost_coins_i/,"​  $4,000 is a big loss, but actually pretty small in the world of crypto scam losses (e.g  I have read recent reports of victims losing $177K and others losing more than that in a Crypto-Romance Scheme / Pig-Butchering Scam).   ​  When I told my close friend I have been scammed, he made me realize that this is really the most common and completely obvious scam in the crypto world. The fact that I've been into crypto for a year and fell for this (as opposed to many of the far more sophisticated scams), tells him I haven't really learned the important things in that year. Anyone who reads any crypto news feeds should know about this. His fear is that I have been focusing on the wrong things (like an intense focus on ""to the moon"" attempts to get instantly wealthy).  ​  I am now learning the smart investing tools, which includes an intense focus on learning scam-avoidance (and a good start would be daily reading of r/CryptoRomanceScams ).  ​  As someone else aptly said here recently: “The best advice you'll receive in here is to stay away from cryptocurrency. It's a killing field for the naïve, desperate and the ignorant.”  ​  Any scam loss can be a great learning opportunity, so you should watch for him make the changes that indicate he will learn from this. If you do not, you might be in for much bigger financial losses down the road. For example, if he has put all of his investing eggs into the crypto basket, then he's at massive risk of having his entire net worth swiped from him by one of the many scams that are 20x more sophisticated than this one.  ​  Good luck! I hope good things come out of this bad experience for you!",
CryptoRomanceScams,29M ⚠️ Watch Out For Crypto/Romance Scams!,wo6klw,hiplessAirfoil,/r/textfriends/comments/qcffjm/29m_watch_out_for_cryptoromance_scams/,No content available,
CryptoRomanceScams,Crypto Romance Scams: Don't Fall for These Dating App Swindlers,wo67r2,hiplessAirfoil,https://youtube.com/watch?v=nKCBS9rwkE8&feature=share,No content available,
CryptoRomanceScams,"I recovered 288,000 USDT from LME.show",xpy6ds,gloomy_tadpole1,https://www.reddit.com/r/CryptoRomanceScams/comments/xpy6ds/i_recovered_288000_usdt_from_lmeshow/,"What to do if you think you’ve been scammed  Crypto romance scams are pretty new, but the FTC numbers show that they’re on the rise. They’re especially effective because:  Most people don’t know much about cryptocurrency.  They prey on people’s genuine desire for love and romance.  Number three is, unfortunately, the harshest reality of this kind of scam. Not dissimilar to gift cards — the current favorite payment method for romance scammers. In fact, cryptocurrency was designed specifically to be anonymous, which is great if you’re a political dissident trying to avoid a tyrannical government, but not so great if you’re a victim of a scam.   [alliedchargeback@swissmail.com](mailto:alliedchargeback@swissmail.com) will recover all your money.",
CryptoRomanceScams,New Ownership,14tjmz7,hollyhobby2004,https://www.reddit.com/r/CryptoRomanceScams/comments/14tjmz7/new_ownership/,"Hello, my name is Holly Hobby. I have just become the new owner of this sub, and some of you might know me from r/CryptoScams and even r/Scams, which I used to be on back in May. Crypto romance scams are one of the most major scams still going on today, especially in the form of a pig butchering scam. Recovering from there is hard, especially due to recovery scams in addition to unreliable law enforcement, crypto exchanges claiming all transacations are irreversible, and banks refusing to file a claim unless it was an unauthorized transaciton just cause they claim you ""willingly"" sent money to the scammer even if they know you were fooled as this is a convenient way for the bank to not lose money.",
CryptoRomanceScams,Crypto Romance Scams: Don't Fall for These Dating App Swindlers,wo67r2,hiplessAirfoil,https://youtube.com/watch?v=nKCBS9rwkE8&feature=share,No content available,
CryptoRomanceScams,eth-trxm.com coinbase liquidity scam,wr2z28,backgorunkiwi19,https://www.reddit.com/r/CryptoRomanceScams/comments/wr2z28/ethtrxmcom_coinbase_liquidity_scam/," I lost 7500 usdt to a scammer named Polina. I signed a smart contact, and Coinbase should partially held responsible. I never gave out my recovery phrase, so this makes no sense to me. Her WhatsApp number is 949-822-5565. Please message her and let her know karma is real. Stay away from Eth-trxm.com.",
CryptoRomanceScams,altimates.net is a liquidity scam,xtoyhe,Kris_Paul,https://www.reddit.com/r/CryptoRomanceScams/comments/xtoyhe/altimatesnet_is_a_liquidity_scam/," A friend I met on the dating website POF introduced me to Altimates.net and walked me through setting a Coinbase wallet and the program. I started with $5k and made 0.6% daily purchasing AI robot 1. I was able to withdraw into my wallet after 5 cycles. Feeling safe, I tried to reinvest but it would not allow me since I had used 5 pledges. I then switched transferred my funds from wallet 1 to wallet 2 two as Coinbase gives you 10 free wallet addresses. I then reinvested another 5 cycles. As I tried to withdraw, it did not show up into my wallet. Instead it stated u plan verification. I reached out to the help chat (which the self-proclaimed individual named Lisa) informed me that I needed to be add $14k more to reach $20k to receive my initial investment. I asked how I was enrolled into this program and they were silent. They said I needed to deposit the funds into my wallet and it would automatically release my funds after 15 days. After reading this forum I feel like I got scammed. Does anyone have a similar experience? Anyone have any suggestions who to report this to?",
