Subreddit,Title,ID,Author,URL,Content,Image
CryptoToFuture,I lost $60k in new ‘pig butchery’ crypto scam when dating site fraudster brainwashed me into investing in fake scheme | #whatsapp | #lovescams | #phonescams | romancescams | #scams,ro1p3b,svanapps,https://nationalcybersecurity.com/i-lost-60k-in-new-pig-butchery-crypto-scam-when-dating-site-fraudster-brainwashed-me-into-investing-in-fake-scheme-whatsapp-lovescams-phonescams-romancescams-scams/,No content available,
CryptoToFuture,"Woman lost $300,000 after falling for scammer on Hinge who tricked her into investing in crypto scam #nigeria | #nigeriascams | #lovescams | romancescams | #scams",sz96qz,svanapps,https://nationalcybersecurity.com/woman-lost-300000-after-falling-for-scammer-on-hinge-who-tricked-her-into-investing-in-crypto-scam-nigeria-nigeriascams-lovescams-romancescams-scams/,No content available,
CryptoToFuture,Don’t Donate to Ukraine Through This Facebook Crypto Scam | #datingscams | #lovescams | #facebookscams | romancescams | #scams,ua0zp6,svanapps,https://nationalcybersecurity.com/dont-donate-to-ukraine-through-this-facebook-crypto-scam-datingscams-lovescams-facebookscams-romancescams-scams/,No content available,
CryptoToFuture,Don’t Donate to Ukraine Through This Facebook Crypto Scam | #datingscams | #lovescams | #facebookscams | romancescams | #scams,u9zj0i,svanapps,https://nationalcybersecurity.com/dont-donate-to-ukraine-through-this-facebook-crypto-scam-datingscams-lovescams-facebookscams-romancescams-scams/,No content available,
CryptoToFuture,Don’t Donate to Ukraine Through This Facebook Crypto Scam | #datingscams | #lovescams | #facebookscams | romancescams | #scams,u9xxse,svanapps,https://nationalcybersecurity.com/dont-donate-to-ukraine-through-this-facebook-crypto-scam-datingscams-lovescams-facebookscams-romancescams-scams/,No content available,
CryptoToFuture,Don’t Donate to Ukraine Through This Facebook Crypto Scam | #datingscams | #lovescams | #facebookscams | romancescams | #scams,u9w3el,svanapps,https://nationalcybersecurity.com/dont-donate-to-ukraine-through-this-facebook-crypto-scam-datingscams-lovescams-facebookscams-romancescams-scams/,No content available,
CryptoToFuture,Criminals adopting new methods to bypass improved defenses • The Register | #datingscams | #lovescams | #facebookscams | romancescams | #scams,u8mvxz,svanapps,https://nationalcybersecurity.com/criminals-adopting-new-methods-to-bypass-improved-defenses-the-register-datingscams-lovescams-facebookscams-romancescams-scams/,No content available,
CryptoToFuture,Leaked ‘Shill Price List’ Shows Wild World of Crypto Promos | #datingscams | #lovescams | #facebookscams | romancescams | #scams,u7qmmz,svanapps,https://nationalcybersecurity.com/leaked-shill-price-list-shows-wild-world-of-crypto-promos-datingscams-lovescams-facebookscams-romancescams-scams/,No content available,
CryptoToFuture,Man scammed out of $1.8 million in crypto romance scheme :: WRAL.com | #datingscams | #lovescams | romancescams | #scams,u6vzy5,svanapps,https://nationalcybersecurity.com/man-scammed-out-of-1-8-million-in-crypto-romance-scheme-wral-com-datingscams-lovescams-romancescams-scams/,No content available,
CryptoToFuture,In Focus: From fraud to ‘pig butchering’ – the dark side of crypto | #datingscams | #lovescams | romancescams | #scams,u5nys6,svanapps,https://nationalcybersecurity.com/in-focus-from-fraud-to-pig-butchering-the-dark-side-of-crypto-datingscams-lovescams-romancescams-scams/,No content available,
CryptoToFuture,In Focus: From fraud to ‘pig butchering’ – the dark side of crypto | #datingscams | #lovescams | romancescams | #scams,u5m4aa,svanapps,https://nationalcybersecurity.com/in-focus-from-fraud-to-pig-butchering-the-dark-side-of-crypto-datingscams-lovescams-romancescams-scams/,No content available,
CryptoToFuture,In Focus: From fraud to ‘pig butchering’ – the dark side of crypto | #datingscams | #lovescams | romancescams | #scams,u5kjs4,svanapps,https://nationalcybersecurity.com/in-focus-from-fraud-to-pig-butchering-the-dark-side-of-crypto-datingscams-lovescams-romancescams-scams/,No content available,
CryptoToFuture,In Focus: From fraud to ‘pig butchering’ – the dark side of crypto | #datingscams | #lovescams | romancescams | #scams,u5j6va,svanapps,https://nationalcybersecurity.com/in-focus-from-fraud-to-pig-butchering-the-dark-side-of-crypto-datingscams-lovescams-romancescams-scams/,No content available,
CryptoToFuture,"SBS Language | Online romance scams victimise non-English speakers, cause heartbreak, financial fraud | #whatsapp | #lovescams | #phonescams | romancescams | #scams",ro4h0v,svanapps,https://nationalcybersecurity.com/sbs-language-online-romance-scams-victimise-non-english-speakers-cause-heartbreak-financial-fraud-whatsapp-lovescams-phonescams-romancescams-scams/,No content available,
CryptoToFuture,"How a fake online romance cost one man almost $300,000 | #whatsapp | #lovescams | #phonescams | romancescams | #scams",u4vook,svanapps,https://nationalcybersecurity.com/how-a-fake-online-romance-cost-one-man-almost-300000-whatsapp-lovescams-phonescams-romancescams-scams/,No content available,
CryptoToFuture,Fraud Alert: Don’t Be Fooled by These New Scams | #datingscams | #lovescams | romancescams | #scams,uddz4b,svanapps,https://nationalcybersecurity.com/fraud-alert-dont-be-fooled-by-these-new-scams-datingscams-lovescams-romancescams-scams/,No content available,
CryptoToFuture,"Tinder, TikTok catfish cons on the rise; FBI tips help spot red flags | #datingscams | #russianliovescams | #lovescams | romancescams | #scams",ucsibe,svanapps,https://nationalcybersecurity.com/tinder-tiktok-catfish-cons-on-the-rise-fbi-tips-help-spot-red-flags-datingscams-russianliovescams-lovescams-romancescams-scams/,No content available,
CryptoToFuture,4 Things Elon Musk Wants to Change at Twitter | #datingscams | #lovescams | #facebookscams | romancescams | #scams,ubrvlx,svanapps,https://nationalcybersecurity.com/4-things-elon-musk-wants-to-change-at-twitter-datingscams-lovescams-facebookscams-romancescams-scams/,No content available,
CryptoToFuture,Cybercriminals rmade almost $7bn in 2021: FBI • The Register | #datingscams | #russianliovescams | #lovescams | romancescams | #scams,u9q2js,svanapps,https://nationalcybersecurity.com/cybercriminals-rmade-almost-7bn-in-2021-fbi-the-register-datingscams-russianliovescams-lovescams-romancescams-scams/,No content available,
CryptoToFuture,"How a fake online romance cost one man almost $300,000 | #whatsapp | #lovescams | #phonescams | romancescams | #scams",u4u1mw,svanapps,https://nationalcybersecurity.com/how-a-fake-online-romance-cost-one-man-almost-300000-whatsapp-lovescams-phonescams-romancescams-scams/,No content available,
CryptoToFuture,South African investment firm vanishes along with $3.6 billion in bitcoin | #daitngscams | #lovescams | romancescams | #scams,t90cw1,svanapps,https://nationalcybersecurity.com/south-african-investment-firm-vanishes-along-with-3-6-billion-in-bitcoin-daitngscams-lovescams-romancescams-scams/,No content available,
CryptoToFuture,5 ways you can avoid being duped by crypto scammers | #datingscams | #lovescams | romancescams | #scams,szs1b2,svanapps,https://nationalcybersecurity.com/5-ways-you-can-avoid-being-duped-by-crypto-scammers-datingscams-lovescams-romancescams-scams/,No content available,
CryptoToFuture,5 Crypto Scams Investors Should Be Aware Of #nigeria | #nigeriascams | #lovescams | romancescams | #scams,syz82d,svanapps,https://nationalcybersecurity.com/5-crypto-scams-investors-should-be-aware-of-nigeria-nigeriascams-lovescams-romancescams-scams/,No content available,
CryptoToFuture,How to Avoid Getting Scammed While Investing in Cryptocurrency | #youtubescams | #lovescams | #datingscams | romancescams | #scams,syhjtl,svanapps,https://nationalcybersecurity.com/how-to-avoid-getting-scammed-while-investing-in-cryptocurrency-youtubescams-lovescams-datingscams-romancescams-scams/,No content available,
CryptoToFuture,EPS warns of cryptocurrency investment scams on dating platforms #nigeria | #nigeriascams | #lovescams | romancescams | #scams,ssqnpf,svanapps,https://nationalcybersecurity.com/eps-warns-of-cryptocurrency-investment-scams-on-dating-platforms-nigeria-nigeriascams-lovescams-romancescams-scams/,No content available,
CryptoToFuture,Victims of online dating scams speak out on what they’ve learned | #datingscams | #russianliovescams | #lovescams | romancescams | #scams,tig8o6,svanapps,https://nationalcybersecurity.com/victims-of-online-dating-scams-speak-out-on-what-theyve-learned-datingscams-russianliovescams-lovescams-romancescams-scams-2/,No content available,
CryptoToFuture,TehCabal Daily – Interpol’s extra pull | #datingscams | #lovescams | #facebookscams | romancescams | #scams,s94s1o,svanapps,https://nationalcybersecurity.com/tehcabal-daily-interpols-extra-pull-datingscams-lovescams-facebookscams-romancescams-scams/,No content available,
CryptoToFuture,Sophisticated crypto scams targeting B.C. residents through social media and dating sites | #datingscams | #russianliovescams | #lovescams | romancescams | #scams,s5huun,svanapps,https://nationalcybersecurity.com/sophisticated-crypto-scams-targeting-b-c-residents-through-social-media-and-dating-sites-datingscams-russianliovescams-lovescams-romancescams-scams/,No content available,
CryptoToFuture,Victims of online dating scams speak out on what they’ve learned | #datingscams | #lovescams | romancescams | #scams,sz72sy,svanapps,https://nationalcybersecurity.com/victims-of-online-dating-scams-speak-out-on-what-theyve-learned-datingscams-lovescams-romancescams-scams/,No content available,
CryptoToFuture,Know About This Scam Where Fraudsters Use Romance As A Hook To Lure People Into Bogus Investments | #youtubescams | #lovescams | #datingscams | romancescams | #scams,sx0f3p,svanapps,https://nationalcybersecurity.com/know-about-this-scam-where-fraudsters-use-romance-as-a-hook-to-lure-people-into-bogus-investments-youtubescams-lovescams-datingscams-romancescams-scams/,No content available,
CryptoToFuture,Know About This Scam Where Fraudsters Use Romance As A Hook To Lure People Into Bogus Investments | #youtubescams | #lovescams | #datingscams | romancescams | #scams,swyot8,svanapps,https://nationalcybersecurity.com/know-about-this-scam-where-fraudsters-use-romance-as-a-hook-to-lure-people-into-bogus-investments-youtubescams-lovescams-datingscams-romancescams-scams/,No content available,
CryptoToFuture,Meta fires executive after ‘predator catchers’ interview video goes viral | #datingscams | #lovescams | #facebookscams | romancescams | #scams,sw3hck,svanapps,https://nationalcybersecurity.com/meta-fires-executive-after-predator-catchers-interview-video-goes-viral-datingscams-lovescams-facebookscams-romancescams-scams/,No content available,
CryptoToFuture,OPP issue warning about romance scams | #lovescams | #military | #datingscams | romancescams | #scams,subhpq,svanapps,https://nationalcybersecurity.com/opp-issue-warning-about-romance-scams-lovescams-military-datingscams-romancescams-scams/,No content available,
CryptoToFuture,Cryptocurrency Scams: A new twist on an old attempt to steal your money | #whatsapp | #lovescams | #phonescams | romancescams | #scams,ro84y5,svanapps,https://nationalcybersecurity.com/cryptocurrency-scams-a-new-twist-on-an-old-attempt-to-steal-your-money-whatsapp-lovescams-phonescams-romancescams-scams/,No content available,
CryptoToFuture,IT Security News Daily Summary 2022-02-03 | #datingscams | #russianliovescams | #lovescams | romancescams | #scams,sk2s7v,svanapps,https://nationalcybersecurity.com/it-security-news-daily-summary-2022-02-03-datingscams-russianliovescams-lovescams-romancescams-scams/,No content available,
CryptoToFuture,"Man who lost £150,000 in ‘romance fraud’ scam warns others | #datingscams | #lovescams | romancescams | #scams",s8fqgl,svanapps,https://nationalcybersecurity.com/man-who-lost-150000-in-romance-fraud-scam-warns-others-datingscams-lovescams-romancescams-scams/,No content available,
CryptoToFuture,"Ontario man out $106,000 after being blindsided by twist of two scams | #datingscams | #lovescams | romancescams | #scams",s7mnoh,svanapps,https://nationalcybersecurity.com/ontario-man-out-106000-after-being-blindsided-by-twist-of-two-scams-datingscams-lovescams-romancescams-scams/,No content available,
CryptoToFuture,$113 million lost to online romance scams this year | #datingscams | #russianliovescams | #lovescams | romancescams | #scams,s3au2d,svanapps,https://nationalcybersecurity.com/113-million-lost-to-online-romance-scams-this-year-datingscams-russianliovescams-lovescams-romancescams-scams/,No content available,
CryptoToFuture,3 Sophisticated Social Media Scams You Need to Avoid #nigeria | #nigeriascams | #lovescams | romancescams | #scams,rnzicp,svanapps,https://nationalcybersecurity.com/3-sophisticated-social-media-scams-you-need-to-avoid-nigeria-nigeriascams-lovescams-romancescams-scams/,No content available,
CryptoToFuture,"Woman swindled out of $390,000 in crypto scam by man she met on dating app Hinge",szkewa,svanapps,https://www.usatoday.com/story/tech/2022/02/23/woman-crypto-scam-online-dating-hinge/6906664001/,No content available,
CryptoToFuture,"Bitcoin scammers targeting iPhone users via dating apps: How to identify such scams, tips to stay safe",qb5hp0,svanapps,https://www.bgr.in/features/bitcoin-scammers-targeting-iphone-users-via-dating-apps-how-to-identify-such-scams-tips-to-stay-safe-1015558/,No content available,
CryptoToFuture,"Scammers stole $1.4 million through Bitcoin dating app scam, says report",q7x559,svanapps,https://www.imore.com/scammers-stole-14-million-through-apple-developer-enterprise-scam-says-report,No content available,
CryptoToFuture,International cryptocurrency scam ring targets European dating app users,q7almr,svanapps,https://www.zdnet.com/article/international-cryptocurrency-scam-ring-targets-european-dating-app-users/,No content available,
CryptoToFuture,"China-Born ""Romance Scam"" Spread Overseas: Cyber-Forensics.net Alerts Dating App Users - EIN News",qtfmto,svanapps,https://www.einnews.com/pr_news/555989873/china-born-romance-scam-spread-overseas-cyber-forensics-net-alerts-dating-app-users,No content available,
CryptoToFuture,"FBI Says Online Dating App Scams Now Results in More Than $133 Million Losses! How To Identify, Avoid, and Report Them",pq8g16,svanapps,https://www.techtimes.com/articles/265522/20210917/fbi-online-dating-app-scams-now-results-more-133-million.htm,No content available,
CryptoToFuture,I lost $60k in new ‘pig butchery’ crypto scam when dating site fraudster brainwashed me into investing in fake scheme | #whatsapp | #lovescams | #phonescams | romancescams | #scams,ro1p3b,svanapps,https://nationalcybersecurity.com/i-lost-60k-in-new-pig-butchery-crypto-scam-when-dating-site-fraudster-brainwashed-me-into-investing-in-fake-scheme-whatsapp-lovescams-phonescams-romancescams-scams/,No content available,
CryptoToFuture,Crypto scammers have a new target: Dating apps,t0w3dd,svanapps,https://indianexpress.com/article/technology/crypto/crypto-scammers-have-a-new-target-dating-apps-7790319/,No content available,
CryptoToFuture,"Woman loses $300,000 worth of bitcoin to person who posed as a Chinese architect on dating app Hinge",t01mxe,svanapps,https://news.yahoo.com/woman-loses-300-000-worth-001355911.html,No content available,
CryptoToFuture,"Woman loses $300,000 worth of bitcoin to person who posed as a Chinese architect on dating app Hinge",szzgah,svanapps,https://news.yahoo.com/woman-loses-300-000-worth-001355911.html,No content available,
CryptoToFuture,r/binance - WhatsApp scam?,szx6w9,svanapps,/r/binance/comments/szx42m/whatsapp_scam/,No content available,
CryptoToFuture,"Woman loses $390,000 in online crypto dating scam",sz4tn2,svanapps,https://www.cbsnews.com/news/crypto-dating-scam/,No content available,
CryptoToFuture,Crypto Scammers’ New Target: Dating Apps,syqsjn,svanapps,https://cacm.acm.org/news/258869-crypto-scammers-new-target-dating-apps/fulltext,No content available,
CryptoToFuture,Crypto scammers' new target: Dating apps,syj7ty,svanapps,https://economictimes.indiatimes.com/tech/tech-bytes/crypto-scammers-new-target-dating-apps/articleshow/89744244.cms,No content available,
CryptoToFuture,Crypto Scammers Target Dating Apps,sxq99e,svanapps,https://www.nytimes.com/2022/02/21/technology/crypto-scammers-new-target-dating-apps.html,No content available,
CryptoToFuture,"After the 'Tinder Swindler', the FBI is now warning about the rise in romance scams, while a survey showed 1 in 3 Americans are more likely to date someone who talks about crypto",ssgshk,svanapps,https://markets.businessinsider.com/news/currencies/crypto-scams-dating-tinder-swindler-warning-romance-scams-fbi-says-2022-2,No content available,
CryptoToFuture,EPS warns of cryptocurrency investment scams on dating platforms #nigeria | #nigeriascams | #lovescams | romancescams | #scams,ssqnpf,svanapps,https://nationalcybersecurity.com/eps-warns-of-cryptocurrency-investment-scams-on-dating-platforms-nigeria-nigeriascams-lovescams-romancescams-scams/,No content available,
CryptoToFuture,Victims of online dating scams speak out on what they’ve learned | #datingscams | #russianliovescams | #lovescams | romancescams | #scams,tig8o6,svanapps,https://nationalcybersecurity.com/victims-of-online-dating-scams-speak-out-on-what-theyve-learned-datingscams-russianliovescams-lovescams-romancescams-scams-2/,No content available,
CryptoToFuture,r/binance - Is this a scam? Also had the notification when I log onto the App?,sl01q3,svanapps,https://i.redd.it/sqd08en74xf81.jpg,No content available,
CryptoToFuture,Organized crime has infiltrated online dating with sophisticated ‘pig-butchering’ scams,t4y5je,svanapps,https://www.rawstory.com/organized-crime-has-infiltrated-online-dating-with-sophisticated-pig-butchering-scams/,No content available,
CryptoToFuture,Organized crime has infiltrated online dating with sophisticated 'pig-butchering' scams,t4c8er,svanapps,https://theconversation.com/organized-crime-has-infiltrated-online-dating-with-sophisticated-pig-butchering-scams-177445,No content available,
CryptoToFuture,6 Signs Your Dating App Match Is the Next Tinder Swindler,t3lzzc,svanapps,https://www.thepennyhoarder.com/debt/tinder-swindler/,No content available,
CryptoToFuture,Sophisticated crypto scams targeting B.C. residents through social media and dating sites | #datingscams | #russianliovescams | #lovescams | romancescams | #scams,s5huun,svanapps,https://nationalcybersecurity.com/sophisticated-crypto-scams-targeting-b-c-residents-through-social-media-and-dating-sites-datingscams-russianliovescams-lovescams-romancescams-scams/,No content available,
CryptoToFuture,Victims of online dating scams speak out on what they’ve learned | #datingscams | #lovescams | romancescams | #scams,sz72sy,svanapps,https://nationalcybersecurity.com/victims-of-online-dating-scams-speak-out-on-what-theyve-learned-datingscams-lovescams-romancescams-scams/,No content available,
CryptoToFuture,Dating app Katch to auto create profile NFTs and accepts cryptocurrency payments for dating events,r1u5hd,svanapps,https://www.prnewswire.com/news-releases/dating-app-katch-to-auto-create-profile-nfts-and-accepts-cryptocurrency-payments-for-dating-events-301432073.html,No content available,
CryptoToFuture,PayPal Could Launch Own Stablecoin as Evidence Found in iPhone App | Founding CEO Bill Harris Called Top Crypto a Scam,ryp3om,svanapps,https://www.techtimes.com/articles/270244/20220107/paypal-could-launch-own-stablecoin-as-evidence-found-in-iphone-app-founding-ceo-bill-harris-called-top-crypto-a-scam.htm,No content available,
CryptoToFuture,"Online dating scams are on the rise, FBI and FTC warn. Here are some red flags.",sttfs6,svanapps,https://www.usatoday.com/story/news/nation/2022/02/16/romance-scams-rise-cost-americans-millions-fbi-ftc/6797616001/,No content available,
CryptoToFuture,The ACCC says $56 million was lost last year to dating scams | #socialmedia | #cybersecurity | #infosecurity | #hacker,srzu4q,svanapps,https://nationalcybersecurity.com/the-accc-says-56-million-was-lost-last-year-to-dating-scams-socialmedia-cybersecurity-infosecurity-hacker/,No content available,
CryptoToFuture,Avoid These $750 Cash App Scams on Facebook and Instagram | #socialmedia | #cybersecurity | #infosecurity | #hacker,sg83vo,svanapps,https://nationalcybersecurity.com/avoid-these-750-cash-app-scams-on-facebook-and-instagram-socialmedia-cybersecurity-infosecurity-hacker/,No content available,
CryptoToFuture,Avoid These $750 Cash App Scams on Facebook and Instagram | #socialmedia | #cybersecurity | #infosecurity | #hacker,sg6cpr,svanapps,https://nationalcybersecurity.com/avoid-these-750-cash-app-scams-on-facebook-and-instagram-socialmedia-cybersecurity-infosecurity-hacker/,No content available,
CryptoToFuture,The Tinder Swindler trailer will make you think twice about using dating apps,s1io1z,svanapps,https://www.techradar.com/news/the-tinder-swindler-trailer-will-make-you-think-twice-about-using-dating-apps,No content available,
CryptoToFuture,APP scam measures ‘risk cottage industry for fraud’,s12j15,svanapps,https://www.pinsentmasons.com/out-law/news/app-scam-cottage-industry-fraud,No content available,
CryptoToFuture,At least 11 people in SG lose S$53K to job scam involving fake mobile app Shopee Pay,ryy37a,svanapps,https://www.thestar.com.my/tech/tech-news/2022/01/08/at-least-11-people-in-sg-lose-s53k-to-job-scam-involving-fake-mobile-app-shopee-pay,No content available,
CryptoToFuture,At least 11 people in SG lose S$53K to job scam involving fake mobile app Shopee Pay,rywaep,svanapps,https://www.thestar.com.my/tech/tech-news/2022/01/08/at-least-11-people-in-sg-lose-s53k-to-job-scam-involving-fake-mobile-app-shopee-pay,No content available,
CryptoToFuture,"Crypto Scammers Target iPhone Users On Tinder, Bumble Dating Apps",qb9tza,svanapps,https://www.indiatimes.com/technology/news/crypto-scammers-dating-apps-552014.html,No content available,
CryptoToFuture,Crypto Scammers Take Over Dating Apps Users’ iPhones,qb34vx,svanapps,https://bitcoinist.com/crypto-scammers-take-over-dating-apps-users-iphones/,No content available,
CryptoToFuture,"Cryptocurrency hackers are now targeting iPhone users via dating apps like Bumble, Tinder: Sophos",qaork3,svanapps,https://indianexpress.com/article/technology/tech-news-technology/cryptocurrency-hackers-are-now-targeting-iphone-users-via-dating-apps-like-bumble-tinder-sophos-7578565/,No content available,
CryptoToFuture,"Bitcoin Scammers Targeting iPhone Users via Dating Apps Like Tinder, Bumble: Report",qanmr8,svanapps,https://gadgets.ndtv.com/cryptocurrency/news/bitcoin-scammers-cryptocurrency-iphone-users-bumble-tinder-sophos-cybersecurity-2579581,No content available,
CryptoToFuture,r/cardano - Scam warning - Fake Daedalus App,q7a99e,svanapps,/r/cardano/comments/q77ola/scam_warning_fake_daedalus_app/,No content available,
CryptoToFuture,Malicious Phone App Becomes Latest Social Security Scam,qx0m0a,svanapps,https://nationalinterest.org/blog/techland/malicious-phone-app-becomes-latest-social-security-scam-196695,No content available,
CryptoToFuture,Crypto scams: fake apps and software,psia48,svanapps,https://blog.trezor.io/crypto-scams-fake-apps-and-software-f2960209b5e5,No content available,
CryptoToFuture,r/cardano - Dating App For The New Age On Cardano [Is This A Good Idea?],pjqkwr,svanapps,/r/cardano/comments/pjpnlc/dating_app_for_the_new_age_on_cardano_is_this_a/,No content available,
CryptoToFuture,"S3 Ep55: Live malware, global encryption, dating scams, and secret emanations",qctu0z,svanapps,https://soundcloud.com/sophossecurity/s3-ep55-live-malware-global-encryption-dating-scams-and-secret-emanations,No content available,
CryptoToFuture,Romance Scam: Eight Nigerian Men Charged Victimized American Women in Dating Sites,qckb7e,svanapps,https://www.techtimes.com/articles/266922/20211020/romance-scam-eight-nigerian-men-charged-victimized-american-women-dating.htm,No content available,
CryptoToFuture,"Smashing Security podcast #241: Flipping dating apps, and crypto rewards for criminals",pg79hz,svanapps,https://grahamcluley.com/smashing-security-podcast-241/,No content available,
CryptoToFuture,Tech Tuesday: Building a Digital Defense Against Dating Scams Targeting the LGBTQ+ Community - Tillamook Headlight-Herald,q2efhv,svanapps,https://www.tillamookheadlightherald.com/news/tech-tuesday-building-a-digital-defense-against-dating-scams-targeting-the-lgbtq-community/article_1b823f18-2660-11ec-90cf-536c17ad188b.html,No content available,
CryptoToFuture,Apple quietly adds an App Store feature for reporting scam apps,q1bhd7,svanapps,https://www.techspot.com/news/91559-apple-quietly-adds-app-store-feature-reporting-scam.html,No content available,
CryptoToFuture,"Fake cryptomining apps, some found on the Play Store, scam $350,000 from users",ogbt1q,svanapps,https://www.techspot.com/news/90349-fake-cryptomining-apps-found-play-store-scam-350000.html,No content available,
CryptoToFuture,These 170+ Android cryptocurrency mining apps are just scams,ofxi86,svanapps,https://www.tweaktown.com/news/80456/these-170-android-cryptocurrency-mining-apps-are-just-scams/index.html,No content available,
CryptoToFuture,Android app users targeted with cryptomining scams,oh43pe,svanapps,https://slashdot.org/submission/14147151/android-app-users-targeted-with-cryptomining-scams,No content available,
CryptoToFuture,Over 170 Android Cryptocurrency Apps are Scams,ogyrdj,svanapps,https://www.macobserver.com/link/android-crypto-apps-scams/,No content available,
CryptoToFuture,"r/CryptoCurrency - A MAN lost £278,000 in a crypto scam after he handed over his digital wallet to a hacker on a fake app. Brandon Larsen, from Utah, was left devastated after ruthless hackers wiped more than half of his £506,000 (USD$700,000) crypto fortune in minutes.",ogy0ij,svanapps,https://www.thesun.co.uk/news/15543447/man-lost-278000-in-cryptocurrency-scam-after-being-tricked/,No content available,
CryptoToFuture,All of these Android cryptocurrency mining apps are actually scams,ogmnke,svanapps,https://bgr.com/tech/all-of-these-android-cryptocurrency-mining-apps-are-actually-scams/,No content available,
CryptoToFuture,170 cryptomining Android apps identified as shell scams that do nothing,ogcwf6,svanapps,https://androidcommunity.com/170-cryptomining-android-apps-identified-as-shell-scams-that-do-nothing-20210708/,No content available,
CryptoToFuture,172 Android Cryptocurrency Mining Apps Turn Out to Be Just Scams,og68s3,svanapps,https://heimdalsecurity.com/blog/172-android-cryptocurrency-mining-apps-turn-out-to-be-just-scams/,No content available,
CryptoToFuture,Thousands of Android users scammed by fake cryptomining apps,og68bb,svanapps,https://www.techradar.com/news/android-users-scammed-in-their-thousands-by-fake-cryptomining-apps,No content available,
CryptoToFuture,Non-Malicious Android Crypto Mining Apps Scam Users at Scale,og5em3,svanapps,https://www.securityweek.com/non-malicious-android-crypto-mining-apps-scam-users-scale,No content available,
CryptoToFuture,"170 Android cryptocurrency mining scam apps have stolen $350,000 from users",og4n9v,svanapps,https://www.zdnet.com/article/170-android-cryptocurrency-mining-scam-apps-have-stolen-350000-from-users/,No content available,
CryptoToFuture,170 fraudulent Android apps scamming cryptocurrency enthusiasts,oftvrk,svanapps,https://www.hackread.com/fraudulent-android-apps-scam-cryptocurrency-users/,No content available,
CryptoToFuture,Dozens of Android Cryptocurrency Mining Apps Turn Out to Be Scams,ofposu,svanapps,https://uk.pcmag.com/security/134373/dozens-of-android-cryptocurrency-mining-apps-turn-out-to-be-scams,No content available,
CryptoToFuture,"The most successful blockchain scams have ripped off nearly $14 million from victims to date, VPN company says",ofpne2,svanapps,https://markets.businessinsider.com/currencies/news/blockchain-crypto-scams-investors-bitcoin-cryptocurrency-atlas-vpn-malware-2021-7,No content available,
CryptoToFuture,"Lookout Identifies 170 Fraudulent Apps Which Scammed 93,000+ Crypto Enthusiasts",ofl70q,svanapps,https://vmblog.com:443/archive/2021/07/07/lookout-identifies-170-fraudulent-apps-which-scammed-93-000-crypto-enthusiasts.aspx,No content available,
CryptoToFuture,Tens of thousands scammed using fake Android cryptomining apps,ofi8iv,svanapps,https://www.bleepingcomputer.com/news/security/tens-of-thousands-scammed-using-fake-android-cryptomining-apps/,No content available,
CryptoToFuture,170 Android Apps Have Been Involved In Crypto Mining Scams,ofi6du,svanapps,https://www.androidheadlines.com/2021/07/android-apps-crypto-mining-scams.html,No content available,
CryptoToFuture,Lookout Discovers Crypto Mining Scams Targeting Tens of Thousands of Victims Using Hundreds of Android Apps,ofgkd4,svanapps,https://finance.yahoo.com/news/lookout-discovers-crypto-mining-scams-100000650.html,No content available,
CryptoToFuture,Over 170 Scam Cryptomining Apps Charge for Non-Existent Services,ofgk0n,svanapps,https://www.infosecurity-magazine.com:443/news/170-scam-cryptomining-apps-charge/,No content available,
CryptoToFuture,Lookout Discovers Crypto Mining Scams Targeting Tens of Thousands of Victims Using Hundreds of Android Apps,ofgk9e,svanapps,https://www.prnewswire.com/news-releases/lookout-discovers-crypto-mining-scams-targeting-tens-of-thousands-of-victims-using-hundreds-of-android-apps-301326700.html,No content available,
CryptoToFuture,"25 bogus Google Play store apps promised to mine cryptocurrency for a fee, scamming wannabe investors",ofgjfl,svanapps,https://www.cyberscoop.com/?p=57545,No content available,
CryptoToFuture,r/BitcoinBeginners - Emergency : is this app a scam (ideex VIP),oevkcs,svanapps,/r/BitcoinBeginners/comments/oevfpy/emergency_is_this_app_a_scam_ideex_vip/,No content available,
CryptoToFuture,"Cryptocurrency scam costs online dating user £20,000",ocugy4,svanapps,https://amp.theguardian.com/technology/2021/jul/03/cryptocurrency-scam-online-dating-covid-binance-grindr,No content available,
CryptoToFuture,"Crypto Threats Surge by 500%, and It’s All About the Money | #relationshipscams | #dating | romancescams | #scams",o63t3f,svanapps,https://nationalcybersecurity.com/crypto-threats-surge-by-500-and-its-all-about-the-money-relationshipscams-dating-romancescams-scams/,No content available,
CryptoToFuture,"Crypto Scam Victim Loses $384,006 to Fake App: 'I've Shed a Lot of Tears'",o22xep,svanapps,https://www.newsweek.com/crypto-scam-victim-loses-384006-fake-app-shed-lot-tears-1601607,No content available,
CryptoToFuture,Romance Scams – Alliance Times-Herald | #relationshipscams | #dating | romancescams | #scams,oxybcr,svanapps,https://nationalcybersecurity.com/romance-scams-alliance-times-herald-relationshipscams-dating-romancescams-scams/,No content available,
CryptoToFuture,Scam at first sight: Criminals using dating websites to offer bogus investments | #relationshipscams | #dating | romancescams | #scams,oojoim,svanapps,https://nationalcybersecurity.com/scam-at-first-sight-criminals-using-dating-websites-to-offer-bogus-investments-relationshipscams-dating-romancescams-scams/,No content available,
CryptoToFuture,Scam at first sight: Criminals target dating websites to promote bogus investments,oo0z3w,svanapps,https://www.cityam.com/scam-at-first-sight-criminals-target-dating-websites-to-promote-bogus-investments/,No content available,
CryptoToFuture,Scam at first sight: Criminals using dating websites to offer bogus investments,oo08pn,svanapps,https://www.independent.co.uk/money/scam-at-first-sight-criminals-using-dating-websites-to-offer-bogus-investments-b1887133.html,No content available,
CryptoToFuture,"Woman, 36, reveals how charming Happn dating app conman who called her his 'princess' tricked her into handing over her £42,600 life savings - without ever meeting her",ojmwqe,svanapps,http://www.scoopyweb.com/2021/07/woman-36-reveals-how-charming-happn.html,No content available,
CryptoToFuture,Cash App scams: Don’t fall for these tricks,ofzzkd,svanapps,https://bgr.com/tech/cash-app-scams-dont-fall-for-these-tricks/,No content available,
CryptoToFuture,Cypto Scam: 25 Google Play Store Apps Fool Rookie Investors to Pay a Fee to Mine on their Smartphones,ofi6jl,svanapps,https://www.techtimes.com/articles/262538/20210707/google-play-store-apps-scam-cryptocurrency-investors-fee-mine-smartphone-free.htm,No content available,
CryptoToFuture,"Global Investigations Review - Europe, Middle East and Africa Investigations Review 2021 | #relationshipscams | #dating | romancescams | #scams",o4srei,svanapps,https://nationalcybersecurity.com/global-investigations-review-europe-middle-east-and-africa-investigations-review-2021-relationshipscams-dating-romancescams-scams/,No content available,
CryptoToFuture,Vigilante malware versus piracy? Phishing with hardware. Commercial data breaches. A crypter is convicted. | #relationshipscams | #dating | romancescams | #scams,o2uuuy,svanapps,https://nationalcybersecurity.com/vigilante-malware-versus-piracy-phishing-with-hardware-commercial-data-breaches-a-crypter-is-convicted-relationshipscams-dating-romancescams-scams/,No content available,
CryptoToFuture,Legendary Ex-Fraudster Says Colonial Pipeline Attack Could Have Been Avoided | #relationshipscams | #dating | romancescams | #scams,o0w8xn,svanapps,https://nationalcybersecurity.com/legendary-ex-fraudster-says-colonial-pipeline-attack-could-have-been-avoided-relationshipscams-dating-romancescams-scams/,No content available,
CryptoToFuture,Troutman Pepper Weekly Consumer Financial Services COVID-19 Newsletter – Consumer Protection | #relationshipscams | #dating | romancescams | #scams,nss64q,svanapps,https://nationalcybersecurity.com/troutman-pepper-weekly-consumer-financial-services-covid-19-newsletter-consumer-protection-relationshipscams-dating-romancescams-scams/,No content available,
CryptoToFuture,167 fake cryptocurrency and trading apps used by hackers to steal money: sophos exposes | #datingscams | romancescams | #scams,npq9jh,svanapps,https://nationalcybersecurity.com/167-fake-cryptocurrency-and-trading-apps-used-by-hackers-to-steal-money-sophos-exposes-datingscams-romancescams-scams/,No content available,
CryptoToFuture,Cryptocurrency scam attack on Twitter reminds users to check their app connections,nm8fqw,svanapps,https://www.tripwire.com/state-of-security/featured/cryptocurrency-scam-attack-twitter-check-app-connections/,No content available,
CryptoToFuture,"WooPlus, the Largest Dating App for Curvy People, Actively Responds to the President's Call to Action to Boost COVID-19 Vaccinations",nm7ah7,svanapps,https://finance.yahoo.com/news/wooplus-largest-dating-app-curvy-123800400.html,No content available,
CryptoToFuture,"Nothing ever was, every investment has its risks",uzrpr9,Thin_Environment6114,https://www.reddit.com/r/CryptoToFuture/comments/uzrpr9/nothing_ever_was_every_investment_has_its_risks/,"Here are a few of the key dates in cryptocurrency history plus some of the Gems that you probably missed!! What do you think will be the next top tier crypto!

Jan 3, 2009 Bitcoin’s Genesis block was mined

May 10, 2010 Bitcoin ‘Pizza Day”: Two pizzas traded for 10,000 BTC

Oct 2011 Litecoin launches

Oct 2013 Bitcoin hits $100 for the first time

Dec 2013 Dogecoin (a key memecoin) launches

Feb 2014 MT. GOX exit scam, the first Bitcoin bubble “pops”

July 2015 Etherium launches

Sept 2017 Cardano (one of the first proof-of-stake coins) launches end of 2017 Bitcoin sees a massive 20x run-up at the end of the year

Oct 2021 Bitcoin recovers, hits an all time high of $61374.28

This year, I wouldn't want to miss out on ETH and [**Epidaurus (EPID)**](https://www.epidaurus.io/) . Epidaurus among few other altcoins has the potential for massive turnover because of its growth potential and partnerships.",
CryptoToFuture,Remember to be careful in the crypto world and beware of scams. Here is the list of the most common scams and how to avoid them,uqab6o,SimpleSwapExchange,https://www.reddit.com/r/CryptoToFuture/comments/uqab6o/remember_to_be_careful_in_the_crypto_world_and/,"**Imposter scam**

Scammers pretend to be moderators, admins or developers, message you and ask for your private key. *Remember to never share your private key to anyone. Always check whether you’re talking to the real admin.*

**Phishing & fake website**

Scammers create fake websites of exchange platforms or crypto wallets. *Always carefully check the URL, domain, quality of the website, design etc.*

**Fake app**

Fake apps can be placed in Google Play and the App Store. *Always check the reviews and number of downloads, research the developer.*

**Giveaway scam**

Scammers promise to multiply the cryptocurrency sent to them. *Never send money to an unknown person or project. Always research a project.*

**Trader scam**

Scammers can tell you about their return and ask to follow their advice. *Do not believe in unrealistic guaranteed returns, always do your own research. Avoid poorly written, incomplete or non-existent whitepaper.*",
CryptoToFuture,Chainlist.finance PRESALE IS CLOSED in 4 Minutes! Listing on CG - 3x Coming,qzk26r,giolla11,https://www.reddit.com/r/CryptoToFuture/comments/qzk26r/chainlistfinance_presale_is_closed_in_4_minutes/,"Introducing the CLIST Public Token Sale!

The CLIST team has scheduled the presale of its native BEP-20 

Holders of CLIST will soon be able to use the token to stake and earn APY of 509,555.25% on staking platform

They can also submit proposal and vote on proposal to enforce changes they want to see in the underlying protocol through Governance platform.

All of the smart contracts on CLIST, including the token sale and token smart contracts, have been fully audited by two different audit firms for transparency as following: SolidProof , TechRate.

Investors will soon be able to participate in the presale over the [PinkSale.finance](https://PinkSale.finance), which will occur in the form of an Initial Liquidity Offering (ILO) on the Pinksale website. The CLIST team looks forward to seeing all interested participants at the presale on PinkSale Launchpad!

Other Upcoming Developments on CLIST

CLIST users can also look forward to a socialmedia NFTs listing platform in Q1 of 2022, where they can list NFTs, buy/sell art work through our Crosschain NFTs bridge.

Furthermore, CLIST Roadmap contains many more exciting products for the future, including metaverse for buy/sell concert tickets using CLIST tokens via a NFTs. The staking platform will allow early adaptors and stakers to earn lucrative APY rewards for holding CLIST tokens.

Governance platform to share future of decentralized communication.

CEX listing to bring CLIST token and message to masses.

🏆 Already Achieved 🏆

Media Coverage

✔️ Yahoo Finance Coverage: [https://finance.yahoo.com/](https://finance.yahoo.com/)

✔️ Marketwatch Coverage: [https://www.marketwatch.com](https://www.marketwatch.com)

✔️ AP News Coverage: [https://apnews.com](https://apnews.com)

✔️ Financial Post Coverage: [https://financialpost.com](https://financialpost.com)

✔️ Benzinga Coverage: [https://www.benzinga.com](https://www.benzinga.com)

Social Media Engagement

✔️ Twitter 22k Followers✔️ Discord 12k Followers✔️ Instagram 5k✔️ Telegram 22k Members

Development Deliverables

✔️ Staking

✔️ Governance

✔️ Mint NFTs User Interface

✔️ App interface

✔️Audit (Solidproof & Techrate) [https://chainlist.finance/Full\_Smart%20\_Contract%20\_Security\_Audit.pdf](https://chainlist.finance/Full_Smart%20_Contract%20_Security_Audit.pdf) [https://github.com/solidproof/smart-contract-audits/blob/main/SmartContract\_Audit\_Solidproof\_Chainlist.pdf](https://github.com/solidproof/smart-contract-audits/blob/main/SmartContract_Audit_Solidproof_Chainlist.pdf)

&#x200B;

🎊 Future Plans 🎊

📌 Mobile App Platform:

📌 Social media integration Platform:

📌 CEX Listing ([Gate.io/Binance](https://Gate.io/Binance))

📌 Banner Ads ( BSCScan)

📌 Dextools Premium banner

📌 Strategic Partnerships

🎯 CEX Listing 🎯

Date: 1 week after Market Initialization

Possible Exchanges:

KuCoin

Huobi

[Gate.io](https://Gate.io)

Hotbit

[Xt.com](https://Xt.com)

[Zb.com](https://Zb.com)

Social Media

Website: [https://chainlist.finance/](https://chainlist.finance/)

Application: [https://app.chainlist.finance/](https://app.chainlist.finance/)

Whitepaper: [https://chainlist.finance/whitepaper.pdf](https://chainlist.finance/whitepaper.pdf)

Medium: [https://chainlist.medium.com/](https://chainlist.medium.com/)

Github: [https://github.com/ChainlistNFTs](https://github.com/ChainlistNFTs)

Telegram: [https://t.me/ChainlistNFTs](https://t.me/ChainlistNFTs)

Twitter: [https://twitter.com/chainlistnfts](https://twitter.com/chainlistnfts)

Facebook: [https://www.facebook.com/chainlistnfts](https://www.facebook.com/chainlistnfts)

YouTube: [https://www.youtube.com/channel/UCgMvLtzPMd4JTXdqO8CPEwQ](https://www.youtube.com/channel/UCgMvLtzPMd4JTXdqO8CPEwQ)

Reddit: [https://www.reddit.com/r/chainlistnfts/](https://www.reddit.com/r/chainlistnfts/)

Buy now on pancakeswap: [https://pancakeswap.finance/swap?outputCurrency=0x7a685c6dbd6c15e6d600f7c713f9252ebb3c472a](https://pancakeswap.finance/swap?outputCurrency=0x7a685c6dbd6c15e6d600f7c713f9252ebb3c472a)

Contact: [info@chainlist.finance](mailto:info@chainlist.finance)",
CryptoToFuture,r/binance - $4STC a coin with a company behind it. 4-SOFT Encryption Systems. Safe and secure data transferal through the use of blockchain technology.,o7ninb,svanapps,/r/binance/comments/o7m5tv/4stc_a_coin_with_a_company_behind_it_4soft/,No content available,
CryptoToFuture,"r/binance - $4STC, an existing company, real team, ready to join crypto world, and looking for the feedbacks",o0j8a2,svanapps,/r/binance/comments/o0iwaf/4stc_an_existing_company_real_team_ready_to_join/,No content available,
