Subreddit,Title,ID,Author,URL,Content,Image
technology,"Tinder tells users to report ""crypto experts"" as part of scam alerts",10eg8vi,OneHeapedAndStir,https://www.standard.co.uk/tech/tinder-swindler-dating-apps-scam-alert-b1052903.html,No content available,
technology,The dots do matter: how to scam a Gmail user,8and9v,PrestigiousProof,https://jameshfisher.com/2018/04/07/the-dots-do-matter-how-to-scam-a-gmail-user,No content available,
technology,Dating app maker Match sued by FTC for fraud,d9oo76,RO9a0TON,https://techcrunch.com/2019/09/26/dating-app-maker-match-sued-by-ftc-for-fraud/,No content available,
technology,Dating app Bumble will no longer require women to make the first move,1ci3hpc,esporx,https://www.cnn.com/2024/04/30/tech/bumble-relaunch-men-make-first-move/index.html,No content available,
technology,Young women fall out of love with dating apps,1d108lx,Constant-Source581,https://archive.is/IqpWD,No content available,
technology,Grindr dating app crashes in Milwaukee on Tuesday during Republican National Convention — App also allegedly experienced problems in the Cream City on Thursday (the final day of the RNC),1e7qgwf,marketrent,https://www.newsweek.com/grindr-app-crashes-milwaukee-rnc-1927750,No content available,
technology,Gen Z Is Leaving Dating Apps Behind,17y5zqg,Sorin61,https://archive.ph/93nr3,No content available,
technology,"Pentagon Staffers Found Installing Dating Apps, Games on Government Phones",10zp0zp,Sorin61,https://uk.pcmag.com/security/145380/pentagon-staffers-found-installing-dating-apps-games-on-government-phones,No content available,
technology,The Dating App Paradox: Why dating apps may be 'worse than ever',1apzde1,digital-didgeridoo,https://www.npr.org/sections/money/2024/02/13/1228749143/the-dating-app-paradox-why-dating-apps-may-be-worse-than-ever,No content available,
technology,Dating apps lose their luster with college students,17oitzj,nosotros_road_sodium,https://www.axios.com/2023/11/05/dating-apps-college-students-tinder-bumble,No content available,
technology,Apple removes anti-vaxx dating app Unjected from the App Store for 'inappropriately' referring to the pandemic. The app's owners say it's censorship.,owfqfn,mepper,https://www.businessinsider.com/apple-removes-anti-vaxx-covid-dating-app-unjected-app-store-2021-8,No content available,
technology,Facebook attacked over app that reveals period dates of its users | Technology,au6wjb,PrivacyReporter,https://www.theguardian.com/technology/2019/feb/23/facebook-app-data-leaks,No content available,
technology,Google removes 17 Android apps caught engaging in WAP billing fraud,j16mpv,g33xter,https://www.zdnet.com/article/google-removes-17-android-apps-doing-wap-billing-fraud-from-the-play-store/,No content available,
technology,Majority of Japanese support government-run dating apps,1dig7o1,Saltedline,https://www.asahi.com/sp/ajw/articles/15308525,No content available,
technology,Cryptocracy: A Discussion of how Crypto Could Affect Governance,cdvp5k,guy_who_works,https://www.reddit.com/r/technology/comments/cdvp5k/cryptocracy_a_discussion_of_how_crypto_could/,"Forget the hype surrounding cryptocurrencies and bear with me through a brainstorm on what we could do with blockchain tech in governance.  Imagine an application you could run on your home computer or at a public library or internet cafe, we'll just call it the terminal.  It's similar to a web browser or social media platform. You log in, and access your preferences, records, communications, and transactions.  However, it's a decentralized blockchain app used to aggregate citizen data, facilitate productive social contracts, and even legislate local, state, and federal policy.  Let's start with the preferences menu.  Here, you specify several options. Some examples:  >I support ______ to represent me on the city council.  >I support ______ to represent me in congress.  >I think people in my town should pay __ percentage of their income as tax.  >__% of that tax should go to education.  >__% of that tax should go to the police.  >I think proposition <link to citizen-proposed bill submitted in forums> should become law.  These settings could be polled in real time, creating a public, accurate, up-to-date database of what we'll call a kind of dynamic 'voting.'  This data could be used to instantly tap into the will of the people, where ideas proposed by anyone could garner support on the forums and be forced to a vote on whether they become law.  Terminal ID fraud would be difficult as all of these preferences would be tied to a cryptographic identity with a public transactional history that could be audited and verified. Security would be a major consideration, of course. Multifactor auth would be needed, perhaps biometrics, passwords, facial recognition, and/or other factors.  My education, work, medical, criminal and other history would remain private unless specified public and could be verified by issuing signing requests to both parties.  Examples:  >I want to work at company A.  >Company A issues a request to both my ID and a previous employer/school ID.  >Our IDs respond with a signed transaction hash saying 'I have degree X' or 'I worked at company B for five years.' Hashes are compared, verified, and trust is established.  >I go to doctor A.  >Signing requests issued to me, previous doctor, or insurance company, etc.  >Relevant, approved portions of my medical transaction history are supplied to my new doctor. No paperwork. Accurate, verifiable data is provided quickly.  Social programs could be transformed.  Examples:  >I wish to make $______ of my spare cash available as a hardship loan at the interest rate of ___ to be issued to an individual with no more than ___ failed-to-repay statuses in their loan history to be repaid by date ______.  >I would like to mentor a citizen with failed-to-repay statuses to help them get back on their feet.  >I am offering $______ to anyone who can mentor a person with over __ failed-to-repay statuses to be delivered after two years of a clean record by the mentoree.  You can possibly imagine where this could go. We invest in each other through the use of this terminal to create incentives to foster growth and acceptable behavior.  How about an insurance group?  >I agree to put $___ into insurance fund group ______ each month, where members can request withdrawal claims subject to the community's review.  >I agree that each claim review I participate in credits $__ on my behalf to the fund if I cast my withdrawal/deny vote with the majority.  Again, a brainstorm here, but you can see how it may be possible to create incentives for performing duties like claim administration.  The overall goal of this system would be to amplify, empower, serve, and protect the will of the people and to create a system of trust, transparency, and efficiency that works to consistently improve the community.  When people violate laws, depending on the crimes, they could be offered opportunities for redemption by agreeing to be coached by someone who is again, rewarded by the community for successful results.  Kid gets into a lot of fights? Let's say you used to as well, but found a way to manage your temper. Get paid to help the kid learn your tricks. Get paid again if he gets a job or helps another kid stop fighting later.  Drug addict? Same stories. Use the public blockchain data in the terminal to match people with the right skills to the places they are needed.  Job interviews? Resumes? Certifications? All available instantly. No HR paperwork nightmares, just a contractual transaction on the chain.  What about these more controversial incentives for anti-drug or anti-gay communities:  >I am willing to pay $____ to assist in moving individuals with ______ characteristic to a town where that is legal and accepted.  Or:  >I am willing to pay $____ to assist in moving individuals who want to pay higher/lower taxes into education to a town where they match.  Or the opposite:  >I want to relocate to a town who values ______, and am open to offers of assistance.  I'll stop for now, but I wanted to pose some questions to the community here.  What other uses of this imagined decentralized governance application come to your mind?  What are the serious dangers or challenges you see in the adoption of this or similar technologies to the governance space?  Do you think this kind of technologizing governance would be a net positive, do you forsee disaster?",
technology,"Score, the dating app for people with good to excellent credit, quietly shuts down",1erlzra,Nexusyak,https://techcrunch.com/2024/08/12/score-the-dating-app-for-people-with-good-to-excellent-credit-quietly-shuts-down/,No content available,
technology,"IRS, Department of Homeland Security Contracted Firm That Sells Location Data Harvested From Dating Apps | The company formerly known as X-Mode is now part of a federal government contractor that sells location data quietly harvested from apps.",sw59fe,Hrmbee,https://theintercept.com/2022/02/18/location-data-tracking-irs-dhs-digital-envoy/,No content available,
technology,A new facial recognition app that allows anyone to instantly look up social media and dating profiles of someone whose photo they snap has been denounced by Canadian privacy watchdogs as “creepy” and “dangerous.”,1v0pzh,Darnobar,http://metronews.ca/news/vancouver/905606/new-facial-recognition-app-creepy-says-kids-entertainer-raffi/,No content available,
technology,"Dating apps most common way to meet a spouse in Japan, study finds",1fh33bb,Saltedline,https://english.kyodonews.net/news/2024/09/992e23d8a9f0-dating-apps-most-common-way-to-meet-a-spouse-in-japan-study-finds.html,No content available,
technology,"Tokyo gov't launches AI dating app to match couples, boost births",1fshfvy,Saltedline,https://mainichi.jp/english/articles/20240929/p2g/00m/0li/020000c#cxrecs_s,No content available,
technology,"Fed Up, Singles Are DIYing Their Own Dating Apps",1efvcd2,Jojuj,https://www.bustle.com/wellness/meeting-online-without-dating-apps,No content available,
technology,"Gen Z is ready to break up with Tinder, and these new dating apps are here for the rebound",sxhubj,vancouver_reader,https://www.latimes.com/business/story/2022-02-11/these-dating-apps-are-trying-to-capture-gen-zs-attention,No content available,
technology,"With Marriages Declining in Japan, Tokyo’s Government Is Building Its Own Dating App",1dahkwk,giuliomagnifico,https://time.com/6986142/japan-tokyo-government-dating-app-marriage/,No content available,
technology,'Swipe left for unvaxxed’: Vaccine status complicates the scene on dating apps,sfqj4g,geoxol,https://www.france24.com/en/europe/20220129-swipe-left-for-unvaxxed-vaccine-status-complicates-the-scene-on-dating-apps,No content available,
technology,Two-thirds of all Android antivirus apps are frauds,b1t8i8,Kilroy2,https://www.zdnet.com/article/two-thirds-of-all-android-antivirus-apps-are-frauds/,No content available,
technology,"Leak: Elon Musk said he wants X to be a dating app, too, in an all-hands meeting on the anniversary of his Twitter takeover",17i4a27,dreamcastfanboy34,https://www.businessinsider.com/elon-musk-wants-x-to-be-dating-app-leaked-meeting-2023-10,No content available,
technology,"Gambling, Sex, and Red Pills: The Worst Ads We've Seen in Apple's App Store (so Far) | Apple's new App Store ads are less than three days old, but if ads for gambling, dating, and right-wing videos are any indication, it could be going better.",yfnmh0,chrisdh79,https://gizmodo.com/apple-app-store-worst-ads-gambling-porn-propaganda-1849711515,No content available,
technology,Addicted to love: how dating apps ‘exploit’ their users | Online services that promise to find people romantic matches have been likened to gambling products designed to keep customers hooked,1gj53ak,Hashirama4AP,https://www.theguardian.com/lifeandstyle/2024/nov/03/addicted-to-love-how-dating-apps-exploit-their-users,No content available,
technology,Women Turned Off by Billionaire’s Conservative Dating App,xinxv5,esporx,https://www.thedailybeast.com/women-turned-off-by-billionaire-peter-thiels-conservative-dating-app-the-right-stuff,No content available,
technology,‘Some men tend to jump straight to innuendoes’: Dating app users on why they quit | Online dating  ,1focmp6,Admirable-Spite3148,https://www.theguardian.com/lifeandstyle/2024/sep/24/some-men-tend-to-jump-straight-to-innuendoes-dating-app-users-on-why-they-quit,No content available,
technology,Galaxy S7 Release Date March 16 - Removable Micro SD Storage (but not adaptable (no apps)) + No Access To Battery,483ett,ringingbells,http://www.techradar.com/us/news/phone-and-communications/mobile-phones/samsung-galaxy-s7-what-we-want-to-see-1293401,No content available,
technology,Grindr reportedly disappears from app stores in China | The LGBTQ dating app has been removed from Apple and popular Android app stores,sgze5l,chrisdh79,https://www.theverge.com/2022/1/31/22910129/grindr-china-app-store-removal-ios-android,No content available,
technology,Dating apps accused of ignoring sexual assault,t7r0md,Hrmbee,https://www.bbc.co.uk/bbcthree/article/aeadcc6c-3d3a-4c75-9316-079c1d70b2d3,No content available,
technology,Dating app users are disclosing STI and vaccine status for safer encounters and queer apps are leading the way,ri3pve,Hrmbee,https://theconversation.com/dating-app-users-are-disclosing-sti-and-vaccine-status-for-safer-encounters-and-queer-apps-are-leading-the-way-172686,No content available,
technology,Dating apps develop AI ‘wingmen’ to generate better chat-up lines,1f5op5v,polimeema,https://www.ft.com/content/7df96597-8761-4315-8ac5-0d287c455de4,No content available,
technology,"Ohlala, An Uber For Escorts, Launches Its ‘Paid Dating’ App In NYC",4b39gj,Bkeeneme,http://techcrunch.com/2016/02/03/i-only-downloaded-it-as-a-joke-honey/,No content available,
technology,Users of ‘throuples’ dating app Feeld may have had intimate photos accessed,1fp64lm,ThatPortraitGuy,https://www.theguardian.com/business/2024/sep/17/dating-app-feeld-personal-data-cybersecurity,No content available,
technology,Men found a surprising new way to lie on dating apps,1dio6nf,ThriftyStrongman,https://mashable.com/article/men-gaming-dating-app-algorithms-by-switching-sexualities,No content available,
technology,Tokyo government to launch dating app in bid to boost birth rate,1dig3k4,raj0230,https://www.japantimes.co.jp/news/2024/06/05/japan/society/tokyo-dating-app/,No content available,
technology,Apple Fined Another 5 Million Euros by Dutch Competition Regulator Over Dating App Payment Requirements,sn0h25,LordofWhore,https://www.macrumors.com/2022/02/07/dutch-acm-fines-apple-5-million-euros-third-time/,No content available,
technology,"As Dating App Usage Increases, Bumble and Tinder Compete for Americans Seeking Love on Demand",1d52yky,ubcstaffer123,https://civicscience.com/as-dating-app-usage-increases-bumble-and-tinder-compete-for-americans-seeking-love-on-demand/,No content available,
technology,Call for dating apps to require criminal checks as Australian government plans summit on safety,ztxja0,ihavestrings,https://www.theguardian.com/australia-news/2022/dec/24/call-for-dating-apps-to-require-criminal-checks-as-australian-government-plans-summit-on-safety,No content available,
technology,Founder behind social media app IRL charged with fraud,1ehf3dy,AdSpecialist6598,https://techcrunch.com/2024/07/31/founder-behind-social-media-app-irl-charged-with-fraud/,No content available,
technology,Neurodiverse dating app founder was date 'addict',1d50l1y,Apprehensive-Mark607,https://www.bbc.com/news/uk-england-london-68851058,No content available,
technology,"Apple Must Let Dating Apps Offer Alternative Payment Options in the App Store, Dutch Regulator Says | If Apple doesn't comply with the regulator's decision within two months, it could face a fine of up to $56.5 million.",rpmvub,chrisdh79,https://gizmodo.com/apple-must-let-dating-apps-offer-alternative-payment-op-1848272605,No content available,
technology,"Victims speak out over ‘tsunami’ of fraud on Instagram, Facebook and WhatsApp",14bj7lh,davster39,https://www.theguardian.com/technology/2023/jun/16/victims-speak-out-over-fraud-on-instagram-facebook-and-whatsapp?CMP=Share_AndroidApp_Other,No content available,
technology,"Apple Would Rather Pay Up to €50 Million in Fines Than Address 'Gatekeeper' App Store Behavior, Says EU Chief",szitc4,Sorin61,https://www.macrumors.com/2022/02/23/apple-rather-pay-fines-than-address-app-store/,No content available,
technology,"In the most extensive evaluation of the privacy practices of female health apps to date, researchers found apps which handle medical and fertility data are coercing users into entering sensitive information that could put them at risk",1cr56mh,giuliomagnifico,https://www.kcl.ac.uk/news/female-health-apps-misuse-highly-sensitive-data-study-finds,No content available,
technology,Tinder was once the hottest dating app on the market. Can it rekindle old flames in 2023?,10uyu9d,Ok_Copy5217,https://fortune.com/2023/02/01/tinder-match-group-earnings-dating-app-bumble-hinge-renate-nyborg/,No content available,
technology,Organized crime has infiltrated online dating with sophisticated 'pig-butchering' scams,t4g0pe,Hrmbee,https://theconversation.com/organized-crime-has-infiltrated-online-dating-with-sophisticated-pig-butchering-scams-177445,No content available,
technology,Pew Survey: One in ten Americans have used an online dating site or mobile dating app; 23% of online daters have met a spouse or long term partner through these sites.,1owdjp,Beaglesworth,http://pewinternet.org/Reports/2013/Online-Dating.aspx,No content available,
technology,Dating Apps Are Making It Easier To Swipe Right For A Match Who's Vaccinated,ni6zlr,geoxol,https://www.npr.org/2021/05/21/999178100/single-dating-apps-are-making-it-easier-to-swipe-right-for-a-match-whos-vaccinat,No content available,
technology,Dutch regulator rejects Apple's appeal over App Store dating app fines,16xsf7l,chrisdh79,https://appleinsider.com/articles/23/10/02/dutch-regulator-rejects-apples-appeal-over-app-store-fines,No content available,
technology,Dating Apps Have a Filter Bubble Problem,116l34x,Kamelasa,https://www.wired.com/story/dating-algorithms-filter-bubble/,No content available,
technology,Dating Apps Kick Off Rioters,kz394t,wewewawa,https://www.newser.com/story/301393/amateur-investigators-search-dating-apps-for-rioters-to-turn-in.html,No content available,
technology,The White House Is Partnering With Dating Apps To Get Horny People Vaccinated,nhxkxw,westondeboer,https://www.buzzfeednews.com/article/clarissajanlim/dating-apps-covid-vaccine,No content available,
technology,Dating apps need women. Advertisers need diversity. AI companies offer a solution: Fake people,elfqqr,textdog,https://www.washingtonpost.com/technology/2020/01/07/dating-apps-need-women-advertisers-need-diversity-ai-companies-offer-solution-fake-people/,No content available,
technology,"Women use dating apps like Tinder to confirm attractiveness, men use it for casual sex: Study",8krk4m,MatthewPatttel,https://www.firstpost.com/tech/news-analysis/women-use-dating-apps-like-tinder-to-confirm-attractiveness-men-use-it-for-casual-sex-study-4475895.html,No content available,
technology,"This app Lulu, lets women rate guys they've dated. It is strictly female-only, and 3 million already use it.",1swevg,heykostar,http://www.cbc.ca/news/technology/lulu-app-lets-women-rate-men-they-ve-dated-1.2463269,No content available,
technology,Singles are trying to 'game' dating app algorithms with elaborate tactics. It's a huge waste of time.,1411pgp,esporx,https://www.insider.com/dating-app-algorithms-hard-to-manipulate-2023-6,No content available,
technology,White House cracks down on deceptive online practices,1esgd67,barweis,https://www.theregister.com/2024/08/13/biden_administration_time_is_money/,No content available,
technology,Dutch Regulator Says Apple Shouldn't Force Dating Apps to Offer Separate App for Alternative Payments,stclo2,Mcnst,https://www.macrumors.com/2022/02/14/apple-now-fined-20-million-euros-in-netherlands/,No content available,
technology,Grindr dating app removes ethnicity filter to support Black Lives Matter,gvt60b,JanjaKa,https://www.theguardian.com/technology/2020/jun/02/grindr-dating-app-removes-ethnicity-filter-to-support-black-lives-matter,No content available,
technology,Bumble buys French dating app Fruitz in its first-ever acquisition,smqtpj,Defiant_Race_7544,https://www.cnbc.com/2022/02/07/bumble-buys-french-dating-app-fruitz-in-its-first-ever-acquisition.html,No content available,
technology,Popular Apps In Google's Play Store Are Abusing Permissions And Committing Ad Fraud,bic748,plato_thyself,https://www.buzzfeednews.com/article/craigsilverman/google-play-store-ad-fraud-du-group-baidu,No content available,
technology,A Dating App for Meeting Avatars in VR Aims to Build Very Real Relationships,uhqz07,nastyjman,https://www.roadtovr.com/flirtual-vr-dating-app-tinder-for-virtual-reality/,No content available,
technology,Ghosting on this Gen Z dating app will literally make you invisible,s808x3,farcetragedy,https://www.fastcompany.com/90714232/ghosting-on-this-gen-z-dating-app-will-literally-make-you-invisible,No content available,
technology,Apple cites $1.5 billion in App Store fraud prevention in latest push against regulators,v2nsap,BirdWatcher_In,https://9to5mac.com/2022/06/01/app-store-fraud-apple/,No content available,
technology,"To survive, China’s biggest gay dating app became a pharmacy — Focusing on HIV prevention and sexual health care has helped BlueCity navigate a precarious environment for LGBTQI organizations.",pcror2,Exastiken,https://restofworld.org/2021/china-bluecity-healthcare-dating-apps/,No content available,
technology,"As a disabled person, dating apps were already tough. Then I failed Tinder’s verification test: Because of my rheumatoid arthritis, I couldn’t raise my hands to get a blue check on my profile.",lhmdez,AmericasComic,https://www.thelily.com/as-a-disabled-person-dating-apps-were-already-tough-then-i-failed-tinders-verification-test/,No content available,
technology,Iran unveils Islamic dating app to encourage marriage,oj0qh7,informationtiger,https://www.aljazeera.com/news/2021/7/12/iran-unveils-islamic-dating-app-to-encourage-marriage,No content available,
technology,SEC Charges App Annie and its Founder with Securities Fraud,pog2vc,Tenith,https://www.sec.gov/news/press-release/2021-176,No content available,
technology,Tinder and Grindr dating apps linked to more than 500 crimes including murder,5leosp,lebcas,http://www.mirror.co.uk/news/uk-news/tinder-grindr-dating-apps-linked-9537441,No content available,
technology,Popular Gay Dating App Grindr Poses Exploitation Risk To Minors,ox57ra,nosotros_road_sodium,https://www.wgbh.org/news/national-news/2021/07/12/popular-gay-dating-app-grindr-poses-exploitation-risk-to-minors,No content available,
technology,US says Chinese ownership of gay dating app Grindr is a national security risk,b72ufq,InternationalForm3,https://www.scmp.com/tech/apps-social/article/3003479/us-says-chinese-ownership-gay-dating-app-grindr-national-security,No content available,
technology,Japan's biggest dating app hit by major cyberattack,njvb5x,Sorin61,https://www.techradar.com/news/japans-biggest-dating-app-hit-by-major-cyberattack,No content available,
technology,"A major security vulnerability in dating app Grindr allowed anyone with a user's email address to reset their password, hijack their account, and access their private data.",j42jo2,g33xter,https://techcrunch.com/2020/10/02/grindr-account-hijack-flaw/,No content available,
technology,Apple must let other payment providers into the App Store for the first time this weekend. These experts explain which companies will benefit from this momentous change.,s48irp,chrisdh79,https://www.businessinsider.com/apple-must-let-outside-payment-providers-app-store-who-benefits-2022-1,No content available,
technology,"Apple confirms 'Report a Problem' button will fight App Store scams, fraud",q2q79m,kry_some_more,https://appleinsider.com/articles/21/10/06/apple-confirms-report-a-problem-button-will-fight-app-store-scams-fraud,No content available,
technology,"The $1,000 click: Google Play being flooded with one-click fraud apps",1bj88r,emhigh,http://securitywatch.pcmag.com/mobile-apps/309923-fraudulent-android-porn-apps-infesting-google-play,No content available,
technology,Facebook wants to be the hot new dating app: The company is rolling out its dating service in the U.S. today—and it’s using Instagram as its Trojan horse.,d09nxc,-AMARYANA-,https://www.fastcompany.com/90399185/facebook-wants-to-be-the-hot-new-dating-app?partner=rss&utm_source=twitter.com&utm_medium=social&utm_campaign=rss+fastcompany&utm_content=rss,No content available,
technology,WhatsApp pushes back date to accept its new terms to May 15,l0ejef,jusper50,https://www.timesnownews.com/technology-science/article/whatsapp-pushes-back-date-to-accept-its-new-terms-to-may/707961,No content available,
technology,"Dating app Bumble went public today, and hit $76 per share",li4s0h,Ismail000vg,https://www.cnbc.com/video/2021/02/11/dating-app-bumble-announced-its-ipo-today-and-hit-76-per-share.html,No content available,
technology,When Your Last $166 Vanishes: ‘Fast Fraud’ Surges on Payment Apps,j9bypk,khayrirrw,https://www.nytimes.com/2020/10/11/technology/fraud-payment-apps.html?partner=IFTTT,No content available,
technology,"BlueCity, owner of China's biggest gay dating app, buys lesbian platform",igvnzg,mamoonsyl,https://www.reuters.com/article/us-china-bluecity/bluecity-owner-of-chinas-biggest-gay-dating-app-buys-lesbian-platform-idUSKBN25M0Z6?il=0,No content available,
technology,"Dating Apps Exposed 845GB of Explicit Photos, Chats, and More",h9hubm,MyNameIsGriffon,https://www.wired.com/story/dating-apps-leak-explicit-photos-screenshots/,No content available,
technology,"Dating and fertility apps among those snitching to “out of control” adtech, report finds",eon4c5,mattlock1984,https://techcrunch.com/2020/01/14/dating-and-fertility-apps-among-those-snitching-to-out-of-control-adtech-report-finds/,No content available,
technology,Click-fraud malware found lurking in more than 50 Play Store apps,foe2r6,WalkureARCH,https://betanews.com/2020/03/24/click-fraud-malware-play-store/,No content available,
technology,Dating apps blamed as a million new STD cases diagnosed every day amid warnings infections are becoming untreatable,bxi0lb,maxwellhill,https://www.independent.co.uk/news/health/std-superbug-gonorrhoea-treatment-sex-disease-sti-infection-sexually-transmitted-disease-who-a8947111.html,No content available,
technology,Ad Fraud Scheme Drained Users' Batteries And Data By Running Hidden Video Ads In Android Apps,b42qlw,AwayTurnip8,https://www.buzzfeednews.com/article/craigsilverman/in-banner-video-ad-fraud,No content available,
technology,China's Kunlun Tech agrees to U.S. demand to sell Grindr gay dating app,boz21h,elephantofdoom,https://www.nbcnews.com/feature/nbc-out/china-s-kunlun-tech-agrees-u-s-demand-sell-grindr-n1005386,No content available,
technology,Report reveals dating apps leak personal data to ad firms,epmw66,idarknight,https://nypost.com/2020/01/14/report-reveals-dating-apps-leak-personal-data-to-ad-firms/,No content available,
technology,"Facebook is launching a dating app, Mark Zuckerberg announces",8gauct,eyeothemastodon,http://www.businessinsider.com/facebook-f8-event-live-coverage-2018-5#1052-am-pt-more-details-on-facebooks-new-dating-app-11,No content available,
technology,Chinese firm seeks to sell Grindr dating app over US security concerns. US government panel has informed Beijing Kunlun Tech that its ownership of Grindr constitutes a national security risk.,b67qco,trai_dep,https://www.theguardian.com/technology/2019/mar/27/grindr-dating-app-sale-us-security-concerns,No content available,
technology,This Dating App Exposes the Monstrous Bias of Algorithms,bt5k4e,RO9a0TON,https://www.wired.com/story/monster-match-dating-app/,No content available,
technology,Viral robot Sophia says she’s a ‘fan’ of dating apps — and determined who should pay on first dates,d3f2k7,Kcody949,https://finance.yahoo.com/news/robot-sophia-says-shes-a-fan-of-dating-apps-and-determined-who-should-pay-on-first-dates-191940944.html,No content available,
technology,Dating app scammers spotted by AI,bvq1vp,GroodaMedia,https://www.bbc.com/news/technology-48472811?ocid=socialflow_twitter,No content available,
technology,Dating app suffers data leak exposing its entire userbase (Includes interview),dcwrj1,bevmoon,http://www.digitaljournal.com/business/dating-app-suffers-data-leak-exposing-its-entire-userbase/article/558634,No content available,
technology,"Indecent disclosure: Gay dating app left “private” images, data exposed to web",ao0q6l,GriffonsChainsaw,https://arstechnica.com/information-technology/2019/02/indecent-disclosure-gay-dating-app-left-private-exposed-to-web/,No content available,
technology,Facebook's new 'dating' feature could crush apps like tinder,8gend5,tecHindustan,https://www.wired.com/story/facebook-dating/,No content available,
technology,"Facebook Dating will be a feature, not an app; here’s a peek",94eg6h,geoxol,https://techcrunch.com/2018/08/03/facebook-dating-feature/,No content available,
technology,Apple removes three dating apps thought to violate FTC child protection act,blmswm,redhatGizmo,https://appleinsider.com/articles/19/05/06/apple-removes-three-dating-apps-thought-to-violate-ftc-child-protection-act,No content available,
technology,"Renew your service or we’ll trash your credit score, Spectrum tells ex-customer",q6owok,ourlifeintoronto,https://www.latimes.com/business/story/2021-10-12/column-spectrum-billing-threat,No content available,
technology,Classmates.com to pay up to $9.5m to settle suit over phantom friends,bd5yr,ballstein,http://www.techflash.com/seattle/2010/03/classmates_paying_up_to_95m_in_settlement_president_resigns.html,No content available,
technology,Organized crime has infiltrated online dating with sophisticated 'pig-butchering' scams,t4g0pe,Hrmbee,https://theconversation.com/organized-crime-has-infiltrated-online-dating-with-sophisticated-pig-butchering-scams-177445,No content available,
technology,"‘Pig butchering’ trading apps found on Google Play, App Store",1fvnyak,lurker_bee,https://www.bleepingcomputer.com/news/security/pig-butchering-trading-apps-found-on-google-play-app-store/,No content available,
technology,How Do Crypto Flows Finance Slavery? The Economics of Pig Butchering,1b7ifvc,rchaudhary,https://papers.ssrn.com/sol3/papers.cfm?abstract_id=4742235,No content available,
technology,"US cybercops take on 'pig butchering' org, return $9M in scammed crypto - Crims drain wallets of marks after letting them in on 'awesome crypto scheme secret'",181cnsk,Loki-L,https://www.theregister.com/2023/11/22/us_cybercops_take_on_pig/,No content available,
technology,'Pig butchering' romance scam domains seized and slaughtered by the Feds,z2hnj4,Sorin61,https://www.theregister.com/2022/11/23/pig_butchering_domains_seized/,No content available,
technology,Departing OpenAI leader says no company is ready for AGI,1gbgkmi,Logical_Welder3467,https://www.theverge.com/2024/10/24/24278694/openai-agi-readiness-miles-brundage-ai-safety,No content available,
technology,Feds seize $112m in cryptocurrency linked to 'pig-butchering' finance scams,12ce1vw,Loki-L,https://www.theregister.com/2023/04/04/fbi_pig_butchering_cryptocurrency/,No content available,
technology,MDPD investigating string of online cryptocurrency crimes coined ‘pig butchering’,wdcyjo,MiamiPower,https://wsvn.com/news/local/miami-dade/mdpd-investigating-string-of-online-cryptocurrency-crimes-coined-pig-butchering/,No content available,
technology,Organized crime has infiltrated online dating with sophisticated 'pig-butchering' scams,t4g0pe,Hrmbee,https://theconversation.com/organized-crime-has-infiltrated-online-dating-with-sophisticated-pig-butchering-scams-177445,No content available,
technology,Women Turned Off by Billionaire’s Conservative Dating App,xinxv5,esporx,https://www.thedailybeast.com/women-turned-off-by-billionaire-peter-thiels-conservative-dating-app-the-right-stuff,No content available,
technology,"Brad Pitt imposters arrested for scamming two women online out of $350,000 — ‘They thought they were chatting via WhatsApp with Brad Pitt himself, who promised them a romantic relationship’",1fpjb0v,marketrent,https://variety.com/2024/film/news/brad-pitt-imposters-arrested-scamming-women-online-1236155595/,No content available,
technology,Dating app Bumble will no longer require women to make the first move,1ci3hpc,esporx,https://www.cnn.com/2024/04/30/tech/bumble-relaunch-men-make-first-move/index.html,No content available,
technology,Young women fall out of love with dating apps,1d108lx,Constant-Source581,https://archive.is/IqpWD,No content available,
technology,Grindr dating app crashes in Milwaukee on Tuesday during Republican National Convention — App also allegedly experienced problems in the Cream City on Thursday (the final day of the RNC),1e7qgwf,marketrent,https://www.newsweek.com/grindr-app-crashes-milwaukee-rnc-1927750,No content available,
technology,Gen Z Is Leaving Dating Apps Behind,17y5zqg,Sorin61,https://archive.ph/93nr3,No content available,
technology,"Pentagon Staffers Found Installing Dating Apps, Games on Government Phones",10zp0zp,Sorin61,https://uk.pcmag.com/security/145380/pentagon-staffers-found-installing-dating-apps-games-on-government-phones,No content available,
technology,The Dating App Paradox: Why dating apps may be 'worse than ever',1apzde1,digital-didgeridoo,https://www.npr.org/sections/money/2024/02/13/1228749143/the-dating-app-paradox-why-dating-apps-may-be-worse-than-ever,No content available,
technology,Dating apps lose their luster with college students,17oitzj,nosotros_road_sodium,https://www.axios.com/2023/11/05/dating-apps-college-students-tinder-bumble,No content available,
technology,Apple removes anti-vaxx dating app Unjected from the App Store for 'inappropriately' referring to the pandemic. The app's owners say it's censorship.,owfqfn,mepper,https://www.businessinsider.com/apple-removes-anti-vaxx-covid-dating-app-unjected-app-store-2021-8,No content available,
technology,Facebook attacked over app that reveals period dates of its users | Technology,au6wjb,PrivacyReporter,https://www.theguardian.com/technology/2019/feb/23/facebook-app-data-leaks,No content available,
technology,Roe V. Wade reversal displays urgent need for firms to end abusive data practices,vp8ob8,evanFFTF,https://news.trust.org/item/20220701083929-9pubd/,No content available,
technology,Majority of Japanese support government-run dating apps,1dig7o1,Saltedline,https://www.asahi.com/sp/ajw/articles/15308525,No content available,
technology,"The #1 paid app in the Google Playstore ""Virus Shield"" is a complete scam",22f60z,kasualty,http://www.neowin.net/news/the-1-paid-app-in-the-google-playstore-virus-shield-is-a-complete-scam,No content available,
technology,Executives arrested from scam dating sites that had 2.7 million users and only one female member,3960c7,Sybles,http://en.rocketnews24.com/2015/06/08/executives-arrested-from-scam-dating-sites-that-had-2-7-million-users-and-only-one-female-member/,No content available,
technology,"Score, the dating app for people with good to excellent credit, quietly shuts down",1erlzra,Nexusyak,https://techcrunch.com/2024/08/12/score-the-dating-app-for-people-with-good-to-excellent-credit-quietly-shuts-down/,No content available,
technology,"IRS, Department of Homeland Security Contracted Firm That Sells Location Data Harvested From Dating Apps | The company formerly known as X-Mode is now part of a federal government contractor that sells location data quietly harvested from apps.",sw59fe,Hrmbee,https://theintercept.com/2022/02/18/location-data-tracking-irs-dhs-digital-envoy/,No content available,
technology,A new facial recognition app that allows anyone to instantly look up social media and dating profiles of someone whose photo they snap has been denounced by Canadian privacy watchdogs as “creepy” and “dangerous.”,1v0pzh,Darnobar,http://metronews.ca/news/vancouver/905606/new-facial-recognition-app-creepy-says-kids-entertainer-raffi/,No content available,
technology,"Dating apps most common way to meet a spouse in Japan, study finds",1fh33bb,Saltedline,https://english.kyodonews.net/news/2024/09/992e23d8a9f0-dating-apps-most-common-way-to-meet-a-spouse-in-japan-study-finds.html,No content available,
technology,"Tokyo gov't launches AI dating app to match couples, boost births",1fshfvy,Saltedline,https://mainichi.jp/english/articles/20240929/p2g/00m/0li/020000c#cxrecs_s,No content available,
technology,"Fed Up, Singles Are DIYing Their Own Dating Apps",1efvcd2,Jojuj,https://www.bustle.com/wellness/meeting-online-without-dating-apps,No content available,
technology,"Gen Z is ready to break up with Tinder, and these new dating apps are here for the rebound",sxhubj,vancouver_reader,https://www.latimes.com/business/story/2022-02-11/these-dating-apps-are-trying-to-capture-gen-zs-attention,No content available,
technology,"With Marriages Declining in Japan, Tokyo’s Government Is Building Its Own Dating App",1dahkwk,giuliomagnifico,https://time.com/6986142/japan-tokyo-government-dating-app-marriage/,No content available,
technology,'Swipe left for unvaxxed’: Vaccine status complicates the scene on dating apps,sfqj4g,geoxol,https://www.france24.com/en/europe/20220129-swipe-left-for-unvaxxed-vaccine-status-complicates-the-scene-on-dating-apps,No content available,
technology,"Leak: Elon Musk said he wants X to be a dating app, too, in an all-hands meeting on the anniversary of his Twitter takeover",17i4a27,dreamcastfanboy34,https://www.businessinsider.com/elon-musk-wants-x-to-be-dating-app-leaked-meeting-2023-10,No content available,
technology,"Gambling, Sex, and Red Pills: The Worst Ads We've Seen in Apple's App Store (so Far) | Apple's new App Store ads are less than three days old, but if ads for gambling, dating, and right-wing videos are any indication, it could be going better.",yfnmh0,chrisdh79,https://gizmodo.com/apple-app-store-worst-ads-gambling-porn-propaganda-1849711515,No content available,
technology,Addicted to love: how dating apps ‘exploit’ their users | Online services that promise to find people romantic matches have been likened to gambling products designed to keep customers hooked,1gj53ak,Hashirama4AP,https://www.theguardian.com/lifeandstyle/2024/nov/03/addicted-to-love-how-dating-apps-exploit-their-users,No content available,
technology,‘Some men tend to jump straight to innuendoes’: Dating app users on why they quit | Online dating  ,1focmp6,Admirable-Spite3148,https://www.theguardian.com/lifeandstyle/2024/sep/24/some-men-tend-to-jump-straight-to-innuendoes-dating-app-users-on-why-they-quit,No content available,
technology,Galaxy S7 Release Date March 16 - Removable Micro SD Storage (but not adaptable (no apps)) + No Access To Battery,483ett,ringingbells,http://www.techradar.com/us/news/phone-and-communications/mobile-phones/samsung-galaxy-s7-what-we-want-to-see-1293401,No content available,
technology,Grindr reportedly disappears from app stores in China | The LGBTQ dating app has been removed from Apple and popular Android app stores,sgze5l,chrisdh79,https://www.theverge.com/2022/1/31/22910129/grindr-china-app-store-removal-ios-android,No content available,
technology,Dating apps accused of ignoring sexual assault,t7r0md,Hrmbee,https://www.bbc.co.uk/bbcthree/article/aeadcc6c-3d3a-4c75-9316-079c1d70b2d3,No content available,
technology,Dating app users are disclosing STI and vaccine status for safer encounters and queer apps are leading the way,ri3pve,Hrmbee,https://theconversation.com/dating-app-users-are-disclosing-sti-and-vaccine-status-for-safer-encounters-and-queer-apps-are-leading-the-way-172686,No content available,
technology,"These Dangerous Scammers Don’t Even Bother to Hide Their Crimes • “Yahoo Boy” cybercriminals are openly running dozens of scams across Facebook, WhatsApp, Telegram, TikTok, YouTube, and more.",1cjxbsz,Naurgul,https://www.wired.com/story/yahoo-boys-scammers-facebook-telegram-tiktok-youtube/,No content available,
technology,Dating apps develop AI ‘wingmen’ to generate better chat-up lines,1f5op5v,polimeema,https://www.ft.com/content/7df96597-8761-4315-8ac5-0d287c455de4,No content available,
technology,"Ohlala, An Uber For Escorts, Launches Its ‘Paid Dating’ App In NYC",4b39gj,Bkeeneme,http://techcrunch.com/2016/02/03/i-only-downloaded-it-as-a-joke-honey/,No content available,
technology,Twitter is shutting down Vine,59ov1j,Manafort,http://www.businessinsider.com/twitter-shutting-vine-down-2016-10?IR=T,No content available,
technology,Users of ‘throuples’ dating app Feeld may have had intimate photos accessed,1fp64lm,ThatPortraitGuy,https://www.theguardian.com/business/2024/sep/17/dating-app-feeld-personal-data-cybersecurity,No content available,
technology,Men found a surprising new way to lie on dating apps,1dio6nf,ThriftyStrongman,https://mashable.com/article/men-gaming-dating-app-algorithms-by-switching-sexualities,No content available,
technology,The 'Robo Revenge' App Makes It Easy to Sue Robocallers,f4akmi,MyNameIsGriffon,https://www.wired.com/story/robo-revenge-apple-malware-security-news/,No content available,
technology,Tokyo government to launch dating app in bid to boost birth rate,1dig3k4,raj0230,https://www.japantimes.co.jp/news/2024/06/05/japan/society/tokyo-dating-app/,No content available,
technology,Apple Fined Another 5 Million Euros by Dutch Competition Regulator Over Dating App Payment Requirements,sn0h25,LordofWhore,https://www.macrumors.com/2022/02/07/dutch-acm-fines-apple-5-million-euros-third-time/,No content available,
technology,"As Dating App Usage Increases, Bumble and Tinder Compete for Americans Seeking Love on Demand",1d52yky,ubcstaffer123,https://civicscience.com/as-dating-app-usage-increases-bumble-and-tinder-compete-for-americans-seeking-love-on-demand/,No content available,
technology,Call for dating apps to require criminal checks as Australian government plans summit on safety,ztxja0,ihavestrings,https://www.theguardian.com/australia-news/2022/dec/24/call-for-dating-apps-to-require-criminal-checks-as-australian-government-plans-summit-on-safety,No content available,
technology,Neurodiverse dating app founder was date 'addict',1d50l1y,Apprehensive-Mark607,https://www.bbc.com/news/uk-england-london-68851058,No content available,
technology,"Apple Must Let Dating Apps Offer Alternative Payment Options in the App Store, Dutch Regulator Says | If Apple doesn't comply with the regulator's decision within two months, it could face a fine of up to $56.5 million.",rpmvub,chrisdh79,https://gizmodo.com/apple-must-let-dating-apps-offer-alternative-payment-op-1848272605,No content available,
technology,"Apple Would Rather Pay Up to €50 Million in Fines Than Address 'Gatekeeper' App Store Behavior, Says EU Chief",szitc4,Sorin61,https://www.macrumors.com/2022/02/23/apple-rather-pay-fines-than-address-app-store/,No content available,
technology,"In the most extensive evaluation of the privacy practices of female health apps to date, researchers found apps which handle medical and fertility data are coercing users into entering sensitive information that could put them at risk",1cr56mh,giuliomagnifico,https://www.kcl.ac.uk/news/female-health-apps-misuse-highly-sensitive-data-study-finds,No content available,
technology,"CEO of world’s biggest ad firm targeted by deepfake scam | Fraudsters impersonated WPP’s CEO using a fake WhatsApp account, a voice clone and YouTube footage used in a virtual meet",1cp80an,Maxie445,https://www.theguardian.com/technology/article/2024/may/10/ceo-wpp-deepfake-scam,No content available,
technology,Tinder was once the hottest dating app on the market. Can it rekindle old flames in 2023?,10uyu9d,Ok_Copy5217,https://fortune.com/2023/02/01/tinder-match-group-earnings-dating-app-bumble-hinge-renate-nyborg/,No content available,
technology,Clearing the Air on Ad Blocking: Why Filtering Internet Traffic is Necessary,5kindz,Kaizyx,https://www.reddit.com/r/technology/comments/5kindz/clearing_the_air_on_ad_blocking_why_filtering/,"Hello everyone,  I often see flamewars on this site about the topic of adblocking, often publishers v. users and thought I could chip in my two cents to bring up another angle: An operational/administrative one. This post may be long, but has been several days in the making.  To run a successful international communications infrastructure, be it radio, Internet, phone, or whatever there needs to be operational cooperation among all stakeholders to keep the infrastructure and all of its endpoints healthy. Communication systems are almost constantly operated on the precipice of destruction due to the precarious nature of having everyone's cooperation in ensuring that health.  The key issue is that a huge number of publishers and those in advertisement approach the Internet as a publication platform and data farm — a simple vehicle, not a multi-stakeholder communications infrastructure. They don't see an operational angle to what they're doing, just design, content, products, services and business. They just see the Internet as a vehicle to their end goal of getting their content out there and income flowing through advertisements. Doing so in an operationally responsible manner just isn't in their sights.  This is why radio communications has such strict licensing requirements because it is known that those who simply use it as a vehicle  would be negligent to the point it would become abuse and trample upon carefully engineered standards. Internet publishing and advertising proves that licensing correct for existing. It proves publishers and advertisement industry can't be left to their own devices to be responsible.  The Internet also has a mechanism to deal with negligence and abuse: Filters.  From the advent of the Internet, even before the web as a publication medium was a glimmer, there has always been selective filtering of traffic. Filtering can take place in the form of firewalls, routing rules, filtering proxy servers, mail/spam filters, killfiles, ban lists, access control lists (ACLs), and a multitude of other manners including ad blockers. It's how the Internet community seeks to regulate and marginalize bad behavior and seek to correct that behavior or at minimum reduce the impact.  In my opinion, the Internet has three unwritten operational core tenets: Stability, Security and Accountability centering around an element of Trust. If you end up in someone's filters, chances are, something you did violated at least one of the three and damaged others' trust in you.   If you dig in your heels and **refuse to cooperate with the community and that causes you to lose money in doing so, the Internet's internal methods of correcting bad behavior are working**. Legitimate mail server operators who are on spammer blacklists are losing money too, but they don't get the special treatment that publishers feel entitled to. Everyone needs to follow the same processes to earn trust and mend it after it is broken.  Publishers and AdTech companies, we need to talk:  You have broken everyone's trust in you and now you need to mend it. Stop side-stepping, stop talking about revenue. It's been talked about to death — we know you need revenue, but you need to respect the community.  The community has **begged and pleaded with you to fix issues**. Yet you chronically ignore these issues and treat them as non-existent because fixing them involves change.  You're not the only one on the Internet who gets filtered but you are making the biggest, most public scene about it. As I said, mail servers end up on blacklists all the time and lose money the longer they are filtered. Normally the operators of those servers are able to simmer their anger and contact those who blacklisted them to discuss how things can be fixed or contact mailing lists and forums for advice. **Don't lament on how ""greedy"" your users are and how they are stealing from you, your hands aren't clean enough to lament about that**.  Let me **plead** with you again with issues I've compiled from this site and other sources, excuse any overlap as some issues are complex and multi-part and some of these points bring up different angles, in no particular order:  1. Can your terms of service, privacy policy documents, contact and help sections be accessed without any third party involvement, advertisements, tracking or volunteering information? If not, why not?  2. Front-line services like your publications among others often anonymize third parties in your Terms of Service with phrases like ""Third Party Partners"", ""Associates"", ""Contractors"" or the like and people cannot make knowledgeable consent with that anonymization in place. Why can't people know who these third parties are in full detail with contact information.. addresses, email addresses, phone numbers (to actual people who work there) should they have concerns? 3. Advertising, marketing and data mining is collectively a clandestine, opaque collective of middlemen upon middlemen. How can the community trust these massive networks of ""John Does 1 through ~30,000,000"" that we don't even know? 4. Advertising, marketing and data mining isn't compartmentalized enough. This is why I said ""John Does 1 through ~30,000,000"". Once you share data with one party in advertising/marketing, you don't know who else will have access to that data or how. How can this obscure network of businesses be trusted if the travel of personal information can't be limited to a given scope and have that scope be known? 5. AdTech works only from a ""big picture"" perspective, Google and Facebook being the prime examples of this. They work based on mass-statistics, details are rendered irrelevant. They operate from an altitude where the Grand Canyon is a mere scratch. How can we trust a big picture data-driven industry to respect individual choice and not to simply render it irrelevant in their quest for becoming ubiquitous? 6. In tandem with that ""big picture"" perspective, AdTech tends not to care about malicious advertisements trying to push malware, scams and abusive code in general. They are often played off as ""minor incidents"" simply because statistically they aren't the majority of ads. How can the public trust ads at all if they are processed through organizations that aren't accountable or secure for the minority because ""it's insignificant""? It's like a police department saying since the majority of people aren't murdering that murder is irrelevant and practicing street safety is ""being paranoid"". 7. Advertisements don't seem to be about informing anymore, but rather be about psychological exploitation and a ""legitimized"" form of stalking. Have you considered that people feel personally under attack and unsafe around anything to do with AdTech? Have you considered  that people may feel that their computers are under constant attack in the quest for tracking and exploitation from unknown parties? Consider how the New York Times the had a partner that was actively using a WebRTC exploit. How can we trust that you aren't doing the same? 8. Bloated advertisements that use heavy Flash, Javascript or HTML5 advanced features can cause stability issues for people with lower-end computers and devices. As the ""Internet Is For Everyone"" RFC 3271 highlights, the Internet should be made accessible for everyone. Some people who are on fixed income can't gain access to the devices you target your sites/ads for. Why can't you be more forgiving? 9. Websites have naturally become more complex over time. However the amount of different components your website references and asks people's computers to download and execute automatically without being asked without prior disclosure or option is definitely concerning. You're asking people to sign a blank cheque to trust it all and allow any and all code to run unquestioned without first being allowed to inspect your ""product"" with all of its attachments for defects first. ""My website can't possibly do anything wrong"" is an unacceptable response. 10. You're asking people to transfer secondary content from your server they may not even want like your autoplaying videos attached to text articles — making it a pointless expense for not only your users, but yourself and other service operators too (who like you also have bills to pay). Why insist on making things pointlessly expensive for everyone? 11. By having posted third party elements on your website without their contact information for operational concerns, you are announcing that you want the buck to stop with you should accountability be required and are further announcing that you have control over the servers your those elements are served from to fix any problems. 12. The Internet has many massive hierachial systems with multiple tiers like DNS, IP address allocations and routing databases where there is accountability at all levels and the ""who's who"" of operations is public. There's no reason why the web should be an exception except but to avoid accountability. Can we ""whois"" an advertisement to discover the chain of custody? Why not? 13. AdTech routinely moves to work around filters much like spammers routinely do. How are you any better than spammers in not addressing why you are filtered? 14. Many advertisements exceed the data size of the actual media or content being accessed. It's in no way proportional. How is this acceptable in a day and age where metered Internet connections are becoming more and more prevalent?  15. With Youtube in particular among other video streaming service, if the video streaming experience is incomplete and it stops transferring due to packet loss or another network condition, users are often required to watch another advertisement to reload just to continue your singluar experience. It's understandable from a technical perspective why this happens, and may bring more income but it's wasteful and borderline abusive to people's data transfer to transfer yet another advertisement since you already have your revenue on the original view that wasn't completed. 16. Often times you run inefficient content infrastructure because it ""takes too much time"" to do things right and you feel it takes away from your business. Ergo your servers are working harder and doing less than if you were to correctly set up with appropreate caching. To put a point to this, I wager if you were in charge of Wikipedia, you'd make it require at least an entire Google or Amazon-scale  datacenter and require the appropriate ad revenue to cover it all. Why make your infrastructure cost so much to run with so little return? 17. People often do not subscribe to your websites because they see all kinds of services getting compromised and feel that perhaps with your inattention to operational and security concerns, that you may be foolish with their personal information and you may get their information stolen and when that happens you'll just say ""Oops"". 18. People often do not subscribe because likewise they may feel you don't want them to subscribe because you don't make it a valuable thing to have. Many online newspapers often don't remove their ads for subscribers for instance, wanting to double-dip. This is unacceptable. 19. Some sites completely reject the notion at all of subscription because it makes their users actual customers they have to listen to as opposed to ""mere users"" who can be pushed around with errant Terms of Service updates that seek to strip those users of rights. Your only customers and the only people you deem it acceptable to be accountable to are your advertisement partners. 20. Your collective opaqueness has given rise to those scammers who run sites that can look structurally legitimate, but are in fact abusive ad/link farms that in fact take money away from legitimate businesses like you. 21. Some advertisements can make websites completely inaccessible or unusable. For instance on mobile devices some ads proceed to abuse the notification/vibration functionality and/or cause forced redirects. Often if there are redirects, they force the device to open the app store offering an app unrelated to the site, while the user has been obstructed from their intent. This prevents the user from browsing the site and makes the user question the legitimacy, reputation and security of the website. 22. Some ads attempt to impersonate system notifications in an attempt to elicit users to download and install programs that they may not in fact need and may in fact be malicious. There's no valid reason for an ad to appear to originate from an operating system, even if they are from an operating system vendor.   Leaving my address to you in closing,  It's no wonder publishers and AdTech companies aren't trusted and as such are filtered. They don't seek trust, they seek to ""own"" ""their"" printing press and data farm that the Internet is to them. Filtration is inconvenient as it reminds them that they don't own it and need to respect others.  The Internet is not a printing press nor a data farm, it's a living, breathing complex network of networks governed by its participants that needs care in its operation. Everyone needs to do their part in that operation. That includes publishers who need to step up and start caring and addressing concerns with more than just ""Users are greedy and are stealing from us!""  Without that care publishers and AdTech operators become like the cheap ""Internet of Things"" manufacturers who create cheap, substandard products that gave rise to the Mirai botnet. The same attitude that made their own or their colleague's sites unavailable with the Dyn attack. While those manufacturers can claim ""We didn't do that"", they are indeed part of the contribution to the Mirai botnet, and likewise publishers are a part of the security and accountability problem the Internet faces as they contribute to it with self-serving practices.  The community is trying to prevent that destabilization by blocking the unaccountable, unstable, opaque ads since publishers and AdTech companies are intent on not addressing operational and privacy concerns. It is unacceptable that publishers, advertisers, data mining companies, advertisement networks, social networks and whomever else is trying to side-step the tenets that make the network great. Terms of service don't trump those tenets and it's fully in everyone's right to moderate exploitative behavior.  Publishers, AdTech and their partners: You've created this problem. Everyone else has been sitting at the table patiently waiting for you to show up, but you've been in the hallway throwing a temper tantrum about ""your revenue"", so we've held the meeting without you and ad-blockers and the like are the result. We've held many discussions since and every time your reaction has been the same. Can you actually come to the table and be civil?",
technology,Pew Survey: One in ten Americans have used an online dating site or mobile dating app; 23% of online daters have met a spouse or long term partner through these sites.,1owdjp,Beaglesworth,http://pewinternet.org/Reports/2013/Online-Dating.aspx,No content available,
technology,Hundreds of scam apps hit over 10 million Android devices — GriftHorse campaign used clever techniques to avoid detection in Google Play,pzt5ft,swingadmin,https://arstechnica.com/gadgets/2021/10/hundreds-of-scam-apps-hit-over-10-million-android-devices/,No content available,
technology,Dating Apps Are Making It Easier To Swipe Right For A Match Who's Vaccinated,ni6zlr,geoxol,https://www.npr.org/2021/05/21/999178100/single-dating-apps-are-making-it-easier-to-swipe-right-for-a-match-whos-vaccinat,No content available,
technology,Dutch regulator rejects Apple's appeal over App Store dating app fines,16xsf7l,chrisdh79,https://appleinsider.com/articles/23/10/02/dutch-regulator-rejects-apples-appeal-over-app-store-fines,No content available,
technology,ChatGPT Scams Are Infiltrating the App Store and Google Play,13k737t,FunEntersTheChat,https://www.wired.com/story/chatgpt-scams-apple-app-store-google-play/,No content available,
technology,Dating Apps Have a Filter Bubble Problem,116l34x,Kamelasa,https://www.wired.com/story/dating-algorithms-filter-bubble/,No content available,
technology,Dating Apps Kick Off Rioters,kz394t,wewewawa,https://www.newser.com/story/301393/amateur-investigators-search-dating-apps-for-rioters-to-turn-in.html,No content available,
technology,The White House Is Partnering With Dating Apps To Get Horny People Vaccinated,nhxkxw,westondeboer,https://www.buzzfeednews.com/article/clarissajanlim/dating-apps-covid-vaccine,No content available,
technology,Dating apps need women. Advertisers need diversity. AI companies offer a solution: Fake people,elfqqr,textdog,https://www.washingtonpost.com/technology/2020/01/07/dating-apps-need-women-advertisers-need-diversity-ai-companies-offer-solution-fake-people/,No content available,
technology,"Women use dating apps like Tinder to confirm attractiveness, men use it for casual sex: Study",8krk4m,MatthewPatttel,https://www.firstpost.com/tech/news-analysis/women-use-dating-apps-like-tinder-to-confirm-attractiveness-men-use-it-for-casual-sex-study-4475895.html,No content available,
technology,"This app Lulu, lets women rate guys they've dated. It is strictly female-only, and 3 million already use it.",1swevg,heykostar,http://www.cbc.ca/news/technology/lulu-app-lets-women-rate-men-they-ve-dated-1.2463269,No content available,
technology,Singles are trying to 'game' dating app algorithms with elaborate tactics. It's a huge waste of time.,1411pgp,esporx,https://www.insider.com/dating-app-algorithms-hard-to-manipulate-2023-6,No content available,
technology,Apple’s tightly controlled App Store is teeming with scams,ntvdu5,Bammy-Soy,https://www.washingtonpost.com/technology/2021/06/06/apple-app-store-scams-fraud/,No content available,
technology,WhatsApp has become a hotbed for scams,p0fylw,geoxol,https://www.techradar.com/news/whatsapp-has-become-a-hotbed-for-scams,No content available,
technology,White House cracks down on deceptive online practices,1esgd67,barweis,https://www.theregister.com/2024/08/13/biden_administration_time_is_money/,No content available,
technology,"App Scams: Sneaky 'Utility' Apps Are Stealing $260, $2500, or even $4700 Each Year ... Per User",9ln7dr,jonishanry,https://www.forbes.com/sites/johnkoetsier/2018/10/04/app-scams-cheap-utility-apps-are-stealing-260-2500-or-even-4700-each-year-per-user/#370ee7a4162a,No content available,
technology,Facebook warns 1 million users whose logins were stolen by scam mobile apps,xy79zs,bubblehack3r,https://theverge.com/2022/10/7/23392873/facebook-million-users-scam-mobile-apps-ios-android-app-stores,No content available,
technology,Dutch Regulator Says Apple Shouldn't Force Dating Apps to Offer Separate App for Alternative Payments,stclo2,Mcnst,https://www.macrumors.com/2022/02/14/apple-now-fined-20-million-euros-in-netherlands/,No content available,
technology,Grindr dating app removes ethnicity filter to support Black Lives Matter,gvt60b,JanjaKa,https://www.theguardian.com/technology/2020/jun/02/grindr-dating-app-removes-ethnicity-filter-to-support-black-lives-matter,No content available,
technology,"How to make $80,000 per month on the Apple App Store (by running a scam)",6gtehb,alexeyr,https://medium.com/@johnnylin/how-to-make-80-000-per-month-on-the-apple-app-store-bdb943862e88,No content available,
technology,Bumble buys French dating app Fruitz in its first-ever acquisition,smqtpj,Defiant_Race_7544,https://www.cnbc.com/2022/02/07/bumble-buys-french-dating-app-fruitz-in-its-first-ever-acquisition.html,No content available,
technology,A Dating App for Meeting Avatars in VR Aims to Build Very Real Relationships,uhqz07,nastyjman,https://www.roadtovr.com/flirtual-vr-dating-app-tinder-for-virtual-reality/,No content available,
technology,Ghosting on this Gen Z dating app will literally make you invisible,s808x3,farcetragedy,https://www.fastcompany.com/90714232/ghosting-on-this-gen-z-dating-app-will-literally-make-you-invisible,No content available,
technology,"To survive, China’s biggest gay dating app became a pharmacy — Focusing on HIV prevention and sexual health care has helped BlueCity navigate a precarious environment for LGBTQI organizations.",pcror2,Exastiken,https://restofworld.org/2021/china-bluecity-healthcare-dating-apps/,No content available,
technology,"Scam TikTok profiles made $500,000 pushing scam apps to underage children on both Apple and Google app stores",j5hfm9,mepper,https://www.cpomagazine.com/cyber-security/scam-tiktok-profiles-made-500000-pushing-scam-apps-to-underage-children-on-both-apple-and-google-app-stores/,No content available,
technology,"As a disabled person, dating apps were already tough. Then I failed Tinder’s verification test: Because of my rheumatoid arthritis, I couldn’t raise my hands to get a blue check on my profile.",lhmdez,AmericasComic,https://www.thelily.com/as-a-disabled-person-dating-apps-were-already-tough-then-i-failed-tinders-verification-test/,No content available,
technology,Devs slam Microsoft for injecting tech-support scam ads into their Windows Store apps,bwlbhb,RO9a0TON,https://www.theregister.co.uk/2019/06/04/scareware_ads_windows_store/,No content available,
technology,"Cryptocurrency scam costs online dating user £20,000",ocz2sa,DavidHall1,https://www.theguardian.com/technology/2021/jul/03/cryptocurrency-scam-online-dating-covid-binance-grindr,No content available,
technology,Ripple Used Bots To Manipulate XRP Price: Court Docs,1bb7az7,Wagamaga,https://bitcoinist.com/ripple-used-bots-manipulate-xrp-price/,No content available,
technology,Iran unveils Islamic dating app to encourage marriage,oj0qh7,informationtiger,https://www.aljazeera.com/news/2021/7/12/iran-unveils-islamic-dating-app-to-encourage-marriage,No content available,
technology,Tinder and Grindr dating apps linked to more than 500 crimes including murder,5leosp,lebcas,http://www.mirror.co.uk/news/uk-news/tinder-grindr-dating-apps-linked-9537441,No content available,
technology,Popular Gay Dating App Grindr Poses Exploitation Risk To Minors,ox57ra,nosotros_road_sodium,https://www.wgbh.org/news/national-news/2021/07/12/popular-gay-dating-app-grindr-poses-exploitation-risk-to-minors,No content available,
technology,iOS developer who drew attention to App Store scams is now suing Apple,m7qley,Mexicanuck,https://www.theverge.com/2021/3/18/22336380/apple-app-store-scam-lawsuit-kosta-eleftheriou-flicktype-ios-developer,No content available,
technology,US says Chinese ownership of gay dating app Grindr is a national security risk,b72ufq,InternationalForm3,https://www.scmp.com/tech/apps-social/article/3003479/us-says-chinese-ownership-gay-dating-app-grindr-national-security,No content available,
technology,Japan's biggest dating app hit by major cyberattack,njvb5x,Sorin61,https://www.techradar.com/news/japans-biggest-dating-app-hit-by-major-cyberattack,No content available,
technology,"A major security vulnerability in dating app Grindr allowed anyone with a user's email address to reset their password, hijack their account, and access their private data.",j42jo2,g33xter,https://techcrunch.com/2020/10/02/grindr-account-hijack-flaw/,No content available,
technology,Apple must let other payment providers into the App Store for the first time this weekend. These experts explain which companies will benefit from this momentous change.,s48irp,chrisdh79,https://www.businessinsider.com/apple-must-let-outside-payment-providers-app-store-who-benefits-2022-1,No content available,
technology,"Apple confirms 'Report a Problem' button will fight App Store scams, fraud",q2q79m,kry_some_more,https://appleinsider.com/articles/21/10/06/apple-confirms-report-a-problem-button-will-fight-app-store-scams-fraud,No content available,
technology,Facebook wants to be the hot new dating app: The company is rolling out its dating service in the U.S. today—and it’s using Instagram as its Trojan horse.,d09nxc,-AMARYANA-,https://www.fastcompany.com/90399185/facebook-wants-to-be-the-hot-new-dating-app?partner=rss&utm_source=twitter.com&utm_medium=social&utm_campaign=rss+fastcompany&utm_content=rss,No content available,
technology,WhatsApp pushes back date to accept its new terms to May 15,l0ejef,jusper50,https://www.timesnownews.com/technology-science/article/whatsapp-pushes-back-date-to-accept-its-new-terms-to-may/707961,No content available,
technology,"How migrant caravans are organized—and scammed—via Facebook and WhatsApp – Every year, thousands of people try to emigrate to the U.S. Not only do they have to deal with border guards and bad weather, they must also decide who to trust.",n98h7b,Exastiken,https://restofworld.org/2021/how-migrant-caravans-are-organized-and-scammed-via-facebook/,No content available,
technology,Scam App on App Store Forced Users to Give 3-Star Rating,nlpkzr,kry_some_more,https://www.iphonehacks.com/2021/05/app-store-scam-3-star-rating-upnp-xtreme.html,No content available,
technology,"Dating app Bumble went public today, and hit $76 per share",li4s0h,Ismail000vg,https://www.cnbc.com/video/2021/02/11/dating-app-bumble-announced-its-ipo-today-and-hit-76-per-share.html,No content available,
technology,Scam apps with 2.4 million downloads found on Apple and Google shelves,ixljhx,MyNameIsGriffon,https://arstechnica.com/information-technology/2020/09/scam-apps-with-2-4-million-downloads-found-on-apple-and-google-shelves/,No content available,
technology,"Apple’s App Store is hosting multimillion-dollar scams, says this iOS developer",lfoqzh,chrisdh79,https://www.theverge.com/2021/2/8/22272849/apple-app-store-scams-ios-fraud-reviews-ratings-flicktype,No content available,
technology,"Apple App charges $400 a month, scam",6gv02w,Mr_Billy,https://9to5mac.com/2017/06/12/opinion-app-store-abuse/,No content available,
technology,"BlueCity, owner of China's biggest gay dating app, buys lesbian platform",igvnzg,mamoonsyl,https://www.reuters.com/article/us-china-bluecity/bluecity-owner-of-chinas-biggest-gay-dating-app-buys-lesbian-platform-idUSKBN25M0Z6?il=0,No content available,
technology,"Dating Apps Exposed 845GB of Explicit Photos, Chats, and More",h9hubm,MyNameIsGriffon,https://www.wired.com/story/dating-apps-leak-explicit-photos-screenshots/,No content available,
technology,Dating app maker Match sued by FTC for fraud,d9oo76,RO9a0TON,https://techcrunch.com/2019/09/26/dating-app-maker-match-sued-by-ftc-for-fraud/,No content available,
