Subreddit,Title,ID,Author,URL,Content,Image
Report_scams,WATCH  OUT FOR AURORA OILS AND INC SCAM,1et04wn,ExpensiveAssist9207,https://www.reddit.com/r/Report_scams/comments/1et04wn/watch_out_for_aurora_oils_and_inc_scam/,I received a job offer letter from this “company”  aurora oils inc the “supervisors” name was Sutton Arvid. It felt iffy about it from the very beginning but since i rlly needed a job i figured ok ill give it a shot. Turns out this whole thing is a scam js to get in ur bank and i was like ok i didnt give them my card details or wtvr but i gave them my etransfer details and void check cz they said theyll send a check of 2100 for supplies etc nd i was like yeah def a scam but wts the worse they can do. So they sent me the cheque and i added it etc then money into my bank automatically. I was put off even more cz wt company gives over 2k js like that most r very stingy w their money so all i thought was they cant do much to my bank nd moved all my og money into savings js incase but didnt spend the 2k cz it was on hold nd i knew that its prob gna b fake money but yk a girl can dream. So yeah yesterday my bank got frozen cz of fraud suspicion. And after all of this they fully ghosted me nd logged me out of the app they gave me and all that. OH ALSO DO NOT DOWNLOAD THE  PROGRAM THEY WNT U TO CZ AFTER THEY SEND U THE MONEY THEYLL WANT YOU TO DOWNLOAD A PROGRAM THAT FULLY ACCESS YOUR BANK (i didnt download it),
Report_scams,Fraud Impersonating Highly Ranked Police Officer,1cuzk57,West-Thing-9315,https://www.reddit.com/r/Report_scams/comments/1cuzk57/fraud_impersonating_highly_ranked_police_officer/," Please mass report this WhatsApp number ! Some fake Nigerian guy trying to scam people for money using Respected Madhukar Pandey, Commissioner of Police, MBVV Maharashtra on WhatsApp.    +94774209775",
Report_scams,I may have fallen victim of pig butchering romance scam. ,1gm1p94,Jane_Lady,https://www.reddit.com/r/Report_scams/comments/1gm1p94/i_may_have_fallen_victim_of_pig_butchering/,"I may have fallen victim to a pig butchering romance scam. How can I find out if this website is real or fake?   https://m.dcmmarkets.cc/   Recently widowed and was looking for a connection, but now he is wanting to teach me trading. Asking to put money in for our future. I do video calls with him all the time. I just don't know.   Please help. ",
Report_scams,Noah Blackstein & Emily Lowy Whattsapp Group ,1f3w1em,Cold_Ad9368,https://www.reddit.com/r/Report_scams/comments/1f3w1em/noah_blackstein_emily_lowy_whattsapp_group/,I've read post on reddit that Noah Blackstein and Emily Lowy WhatsApp group is a scam?   Is there any evidence to support this claim?  There were several post on reddit which have now been deleted. Why?   Thanks ,
Report_scams,BEWARE OF FRIENDING UNKNOWN PEOPLE,1eta4vg,myriches2rags,https://www.reddit.com/r/Report_scams/comments/1eta4vg/beware_of_friending_unknown_people/,"RICHES TO RAGS:  Although we wouldn't really be classified as ""rich"", we certainly were living a comfortable retired life as a middle-income couple. Our house was paid for, we could live comfortably on our social security and pension,  travel, and feel our retirement was secure. All that has dramatically changed: we now have a $100,000+ mortgage,  sold a new car at a loss, had to go back to work at minimum wage and have to watch every penny.  What could possibly cause such a change? The answer--my husband friending a Chinese woman on social media. Over the course of 1 1/2 years, she gained his trust thru sob stories and introducing him to crypto trading. I didn't know this was happening for a year until he approached me about the trading.  I knew it was a scam,  but he insisted, so I allowed only $25,000 and no more thinking we could lose that much. Trading went well,  but he invested $50,000 more without my knowledge. Trading went well, supposedly earning us $525,000, but the joy was short-lived. Unbeknownst to me, in order to get the money from a bank in China, fees were paid to Forex for a total of around $150,000 for taxes and other bogus fees that made no sense, but my husband paid because he believed in this woman. She always told him to contact Forex's customer service, who ghosted us as did she after 6 months of trying to get the money.  Now the lesson: do NOT communicate with anyone that you don't know personally. We are victims of ""pig butchering"". There is no such thing as a get-rich scheme.  Beware of crypto trading, Forex, foreign banks, and outside texting methods (such as Telegram). Run as fast as you can from anyone who even suggests a way to invest your money.  Take a lesson from us--we never thought this would happen to us.",
Report_scams,Have you been scammed online? Share your story and be part of a groundbreaking documentary!,1fib1uw,Lexi_Smith_19,https://www.reddit.com/r/Report_scams/comments/1fib1uw/have_you_been_scammed_online_share_your_story_and/,"I recently came across an article about a documentary project that's looking for people who have been victims of cyber fraud. Documentary Plus, a production company known for their award-winning documentaries, is creating a film to raise awareness about the dangers of online scams.  If you've been scammed in any way, whether it's through investment scams, romance scams, cryptocurrency scams, or other online frauds, your story could be featured in this important documentary. Not only will you be sharing your experience to help others avoid falling victim, but you'll also be contributing to a film that could make a significant impact on the fight against cybercrime.  To learn more and share your story, visit:  https://techbullion.com/your-story-could-help-shape-a-new-documentary/  I think this is a fantastic opportunity for those who have been affected by online scams. By sharing your experience, you can help prevent others from falling victim to these harmful schemes. So if you're ready to make a difference, I encourage you to reach out to Documentary Plus Stories and share your story.",
Report_scams,METROCRACKS on Instagram is a RECOVERY SCAMMER. No one should contact Him!,1dqq4rp,FlakySubstance249,https://www.reddit.com/r/Report_scams/comments/1dqq4rp/metrocracks_on_instagram_is_a_recovery_scammer_no/,This recovery Scammer called **METROCRACKS** has been spamming all the subreddits where innocent scam victims post to seek help. He has scammed a lot of people. Please do not contact him on Instagram or any other platform he is trying to redirect you to. Please Stay Vigilant!! He is a total Piss of sh\*t!! Here is an example of his Spam messages with different Reddit accounts:  https://preview.redd.it/oiji4ttorc9d1.png?width=978&format=png&auto=webp&s=2e603faa8ed925d552f0a60a71f92475844e9391  ,
Report_scams,"cTrader scam - TradeTP broker called me asking to pay 500USD for trading via www.tradetp.com on cTrader, Croatia.",1g0hst6,DDDX_cro,https://www.reddit.com/r/Report_scams/comments/1g0hst6/ctrader_scam_tradetp_broker_called_me_asking_to/,"I'd like to warn everyone of a new scam.  So a supposed cTrader operater calls me from a regular, Croatian, mobile number. Speaks Serbian (which is like Croatian + a horrid accent). Name is Irena Savić.  Says she is a broker for cTrader, with a great opportunity for me. Wants me to pay 500 USD for a new initial listing of ""Tata trade"" stocks, claiming a high but not ridiculous yield, that I should expect at least 10-20% profits monthly if I let their broker handle my money on cTrader, for a 0.1% -  1% comission. Gives links to previous listings in 2023. where the shares went 160% up.  Gets me to DL the cTrader app, then to register on a web site of TradeTP.  Ok, nothing too shady yet. Says that TradeTP is a broker firm and that's how they operate on cTrader, wants me to pay ""for the smallest package"" to buy said initial offer of Tata trade, which is 500USD.  Ofc I go check everything, from the ""About us"" section of TradeTP website, says they exist since 2009 and are active on 5 different markets. Ok, cool.  Internet? Nope. No info on TradeTP. No reviews, experiences, nothing. I check for scams, only 1 web site analyzes the web and gives me a 11/100 trust rating (aka horrible), most notably due to lack of visible ownership and the fact that domain only exists for 4 months.  Ok so she informs me of everything, and that the comission is so low because they are interested in the long run, of having me permanently working with them. Cool.  Gives me payment info, just 50 USD ""to test if the payment is working"". Aaaand it's in Kenya, the bank through which payment would go. From the  ""legal terms and conditions""  Registration number, I find out the name, ADEXA ELECTRONICS LIMITED. Johhanesburg, South Africa.  Now, there's been a lot of talk how the business was being done in Cyprus - by which she meant, cTrader was in Cyprus. That it complies with all EU regulations and that it was a big deal cause my investments would be protected by EU law.  She asks me for a bunch of documents, namely a photo of my credit card (says to cover all but the last 4  digits, and the 3 digits of my CCV), then for a recent bill, and for a photo of me holding my identity card next to my face. Ok now I'm curious, because it starts to look like identity theft too.  So I ask her a few questions via Whatsapp. Namely, why is the web site only 4 months young, why there's no data on TradeTP if they've been around  since 2009., why Kenya. She calls me and starts giving me the talk about how she isn't TradeTP, she works for cTrader, and TradeTP does not matter it's just a means to pay on cTrader. That Kenya is just the location of the bank picked at random, that it could have gone through Sweden or Japan...  I ask her where I can find out more about her firm, namely - where the firm is registered, what's its track record, any feedback from previous clients, experiences, reviews...to which she becomes very defensive, accuses me of ""poaching"", literally will not let me say a full sentence while she goes on and on about protecting her clients. I hang up, she calls back thinking the line broke, I inform her that was the only way I could get her to stop talking, and inform her that she has not provided me with any info to know whom I am working with.  She insists it's cTrader. To my noticing that the payment info given to me was not to cTrader but to Adexa, she starts saying that's how it is done and that I don't understand this market.  She's being frustrated but polite the whole time. I tell her I won't be dealing with her and to not call me again.  I receive 10 Whatsapp messages regarding how she told me everything, how it's all there on the web site, and goes again about poaching. I ignore the messages.  What do you think, good people of Reddit?",
Report_scams,Noah Blackstein & Emily Lowy Whattsapp Group ,1f3w1em,Cold_Ad9368,https://www.reddit.com/r/Report_scams/comments/1f3w1em/noah_blackstein_emily_lowy_whattsapp_group/,I've read post on reddit that Noah Blackstein and Emily Lowy WhatsApp group is a scam?   Is there any evidence to support this claim?  There were several post on reddit which have now been deleted. Why?   Thanks ,
Report_scams,Amitell Capital PTE Ltd is a scam ,1fyix6j,throwawaySmellDazzle,https://www.reddit.com/r/Report_scams/comments/1fyix6j/amitell_capital_pte_ltd_is_a_scam/,"Hey guys. So I'm posting this so this goes on Reddit's record for scam / grifts that involve ""trading"" So someone close to me got scammed out of $50,000 sent through Newton crypto and into Amitell's pockets.  The grifters claim to be brokers for a Singaporean investment firm called Amitell Capital PTE Ltd. If you Google them you'll notice two websites. The real Amitell and the fake Amitell. The real Amitell website only shows a contact email and the fake Amitell has all of information about their investment ""company"" but it's all bullshit. The grift is pretty sophisticated and it starts with a Facebook Ad.  1. Click on Facebook Ad about someone who claims to have made a passive income from trading. 2. Get connected with a broker from Amitell 3. Join their ""trading academy""  4. Finish their academy and get set up for the ""webtrader"" app. 5. Login and get a tutorial on how to use the app from their traders. 6. Invest $500 and get instant returns. 7. Broker convinces you to put in thousands more based on their market expertise to buy the next hot trading item 8. Follow their instructions to buy precious metals 9.  Get a call from the broker informing you that you made a mistake. Get guilted into putting money to save the liquidity  10. Get a call saying all your invest is about to be lost so send additional money for security to secure your funds. 11. Realize you've been scammed. Call the police. Don't answer any further calls or threats from them.  Some notes about this scam. Definitely do not give them any of your personal identity if they ask. They'll ask for your driver's ID, passport and everything else they can use to threaten you.  Hope someone does their due diligence one day and finds this post on Reddit. Amitell Capital PTE Ltd is a scam. Please don't fall for it.",
Report_scams,"AnyDesk Scam, Am I in the clear and what else do I need to do.",1fyncgz,PuzzleheadedNote1328,https://www.reddit.com/r/Report_scams/comments/1fyncgz/anydesk_scam_am_i_in_the_clear_and_what_else_do_i/,"Can't believe I did this, but here I am.  I called ""Facebook"" to help my uncle with Facebook Marketplace, as there were issues with his account. I simply google searched Facebook customer service.I saw a number and called it.  The ""customer service rep"" directed me to install AnyDesk. I did, and installed the Plugin. I was in a noisy environment, tired, and clearly not thinking straight. He asked me to open my Venmo account (could not see my email or username.), I did, then my PayPal, which showed my email but not my password. About an hour later, I came to my senses, and realized what I probably just did, I fell for a scam. My PayPal had my bank and credit card on it.  I deleted both Anydesk apps, Unlinked my PayPal bank and credit card information, closed out my PayPal account. I also changed my Venmo password, banking password, and credit card password. Then restared my phone and blocked their phone number. I have an Android device, that was what I was using during the screen recording from Anydesk. I guess is it possible that they already logged into my paypal in this time, they did not have my password, but did not know if my credit card or banking info could be at risk, or how much they could even see.  Is there anything else I need to do, or should I be worried about? How long do I have to worry that they will take money from me or know I am in the clear? I am freaking out about all of this, and do not want my bank account to be cleared out, but I also do not want to overdo anything when I could be in the clear.",
Report_scams,Scam Xfinity ,1fvli4y,Mohd377596,https://www.reddit.com/gallery/1fvli4y,"Mohamad: I went to an Xfinity Mobile store because I was hit with a $248 bill after just 2 months of service. When I first signed up, they promised me a plan for $20/month with unlimited calls and 1GB of data. I thought it was a great deal—until I saw my bill.  Turns out, they charge you $20 for every additional GB of data, which no one bothered to tell me when I signed up. I asked for the cheapest plan, and now I’m stuck with this huge bill. When I went back to the store for help, the manager was no help at all. One of the workers told me, “If you use the internet, they’ll charge $20 for every 1GB.” Like, really? They didn’t warn me about this or how to avoid it.  To make things worse, I was trying to pay my bill, but they told me I could only pay online or through auto-pay, even though I saw people paying in-store. I feel totally scammed.  And now customer support won’t even help! Every time I call, the bot says my information is incorrect, even though I’ve put it in multiple times. No matter how many times I call, I can’t get through to a real person to explain my issue. How am I supposed to get my refund like this?  Has anyone else dealt with this? I’m beyond frustrated. ",
Report_scams,Scammed for over two years,1f29z9h,Actual_Primary_4457,https://www.reddit.com/r/Report_scams/comments/1f29z9h/scammed_for_over_two_years/,"I've been scammed for over two years and I sent around $2000. It started with meeting someone on an online dating website. The girl was charming and seemed like everything was going well. After around half a year, I grew fond of her. She asked to help her pay for the university and she asked for $50. She then stated that she was robbed. She then stated that her laptop did not work and I sent her money to buy a new laptop. The she said her phone did not work and I had to sell some of my stuff and buy her a cellphone. She then created an OF account and I found out she created it and I called her out for cheating on me. She said she didn't tell me because she needed money (even though I sent her a lot of money during this timeShe used ultimatum saying that I didn't love her if I didn't send her money. This was all done through Paypal transaction and I do have her actual name and her address due to how PayPal records transactions. What should I do? When I confronted her, she just laughed and said that there isn't anything I can do and that I sent it for my ""own will"" even though she manipulated me emotionally. I asked her to send at least some of the money back, she said she doesn't have any (even though I know that she probably does) and just said ""thank you"". She was being rude and she continues to ask me for money. I am not going to give her more but I was wo dering if there is anything I can do? I also have their photos.",
Report_scams,WATCH  OUT FOR AURORA OILS AND INC SCAM,1et04wn,ExpensiveAssist9207,https://www.reddit.com/r/Report_scams/comments/1et04wn/watch_out_for_aurora_oils_and_inc_scam/,I received a job offer letter from this “company”  aurora oils inc the “supervisors” name was Sutton Arvid. It felt iffy about it from the very beginning but since i rlly needed a job i figured ok ill give it a shot. Turns out this whole thing is a scam js to get in ur bank and i was like ok i didnt give them my card details or wtvr but i gave them my etransfer details and void check cz they said theyll send a check of 2100 for supplies etc nd i was like yeah def a scam but wts the worse they can do. So they sent me the cheque and i added it etc then money into my bank automatically. I was put off even more cz wt company gives over 2k js like that most r very stingy w their money so all i thought was they cant do much to my bank nd moved all my og money into savings js incase but didnt spend the 2k cz it was on hold nd i knew that its prob gna b fake money but yk a girl can dream. So yeah yesterday my bank got frozen cz of fraud suspicion. And after all of this they fully ghosted me nd logged me out of the app they gave me and all that. OH ALSO DO NOT DOWNLOAD THE  PROGRAM THEY WNT U TO CZ AFTER THEY SEND U THE MONEY THEYLL WANT YOU TO DOWNLOAD A PROGRAM THAT FULLY ACCESS YOUR BANK (i didnt download it),
Report_scams,PRISA,1e6ixte,mpeck34,https://www.reddit.com/gallery/1e6ixte,So at the moment my mom has unfortunately got sucked into one of those scams where you make money from home and you help with reviews and orders etc.. Any ways I just want to make people aware of these types of “too good to be true” scams especially this one PRISA. There’s not much on this company except a website and Wikipedia page. They’ll contact through telegram and WhatsApp etc.. tell you to start by putting money in for orders and suck you in to putting in more than you can afford. Please be aware and or explain if you know someone else’s experience with this company as I help her at the moment. Thank you.,
Report_scams,Why Do I Even Have WhatsApp.,1eps2ul,TheReaper1701,https://www.reddit.com/gallery/1eps2ul,"Scammers really be trying new things these days.  Btw there was more to this in the chat buuuuuuuuuut I blocked them and I forgot to take more screenshots for evidence and stuff.  Remember guys, if you Didn't give them your what's app number don't even bother with them. It's 99.9% a scam like this one, I get these kind of thing all the time so I basically go ahead and waste there time.  GL, be safe, and don't click that suspicious link",
Report_scams,Maria 38  Romance Scammer,1eix3u3,Rare_Affect_3336,https://www.reddit.com/r/Report_scams/comments/1eix3u3/maria_38_romance_scammer/,"There is an online dating profile on Nikadate and Lada Date commiting romance scams on elderly men. Name is Mariia 38. Supposed to reside in Kiev is being used on the profile. I've contacted Nikadate but they will not remove the profile even though it violates their terms and conditions, Estonian and EU laws  [Just one of the photos used](https://preview.redd.it/t1jcniotgvgd1.jpg?width=459&format=pjpg&auto=webp&s=7d18a7a92850af62287e6272a5b94fc4e36dc0c1)  [Facial zooms](https://preview.redd.it/nf0j6n50fegd1.jpg?width=4096&format=pjpg&auto=webp&s=7444f0f9b0c607fb020bd8f5d3aab1fb2137c6d1)  [Various individuals associated with profile](https://preview.redd.it/kh8yem50fegd1.jpg?width=4096&format=pjpg&auto=webp&s=89ba56993db99f2741b2dfa1e873a79624b1ae0e)",
Report_scams,Mariia 38 Romance Scammer ,1ekdzio,Rare_Affect_3336,https://www.reddit.com/gallery/1ekdzio,No content available,
Report_scams,Facebook marketplace check scams,1ebwzjo,Timely7872,https://www.reddit.com/r/Report_scams/comments/1ebwzjo/facebook_marketplace_check_scams/,"# How the scam works  This is a scam where a random person pretends as if they want to buy a gift for their **cousin birthday,** they then ask you if it’s in good condition. They later ask if you can ship the product **via post** and that \~they would cover the transport\~ or **have someone come pick it up**. The next are normal procedures (what is your location, when are you available, etc.)  This next is the most important. The tell that they are having problems with sending the money, and then ask if you are able to deposit checks on your phone. When you accept, they agree to send it to you over an email, they tell you that their secretary is handling it for and that you will receive the email. (these are fake checks)  After depositing the first check, they ask for your help to send money to a driver who will come to pick it up, they say that you will receive, another check of 200, they give you an email to auto deposit on, they also ask for screenshots as proof that you sent the money. \~(These checks are still fake and mostly those funds will stay on hold, so the money you are sending is yours.)\~  when this goes through, they come up with other reason to send more money until you have nothing.  # Who is behind the scam  Facebook accounts: Jhnwe Jtaban, Nina Dobrev (these accounts will usually disappear after the scam)  Emails where to send the funds: [usermine211@gmail.com](mailto:usermine211@gmail.com), [Ifeanyikamva@gmail.com](mailto:Ifeanyikamva@gmail.com)  WhatsApp number: 1(587) 816 6067  # Important contacts  Potential scam name: Kamva Ifeanyi Ezeahurukwe or Griffus Watson  Email: [**griffuswatson@gmail.com**](mailto:griffuswatson@gmail.com) **(this email was used twice after 2 similar scams)**",
Report_scams,Beware of this scam from any porn websites,1e1zxqg,MANXSTER01,https://www.reddit.com/gallery/1e1zxqg,"What happens is that you will be browsing and then get redirected back to a website claiming you have entered a site with CP on it. And then you will call the number you see below titled ""Google Support"" and they will tell you that you need to get $500 apple cards and then send them pictures of it to ""fix"" the viruses on your device.   A very simple scam but the scare tactic of using CP will convince a lot of people it is real. You also may not be able to close the page or create a new tab in which case you need to go into your settings if your on your phone and manually shut the app down completely and then restart your phone and it will fix the issue. This scam preys on the immediate fear of CP being on your device and you wanting everything just be fixed so you don't obviously go to jail for something that disgusting.  Don't go on porn websites, don't watch porn in general and please be safe",
Report_scams,Bitget Wallet Scam,1dobm0x,MyCryptoJesus,https://www.reddit.com/gallery/1dobm0x,"I initiated a futures trade.   The trade would be liquidated at .000017418.  The price dropped to .00001746, and was liquidated.  This was the first time experiencing this, and figured it was a simple app error. I emailed Bitget Wallet support, sent them the evidence, but they decided to defend their system and ignore the evidence.  ",
Report_scams,Is this yet another scam?,1d5k3cd,TrippyBoon,https://www.reddit.com/gallery/1d5k3cd,Seems sketchy,
Report_scams,Can someone report this app with me,1d4fry3,LavishnessSimple8209,https://www.reddit.com/gallery/1d4fry3,"Okay so this app is supposedly the feetfinder from the website when it actually is not, tried contacting the actually developer which i thought were the ones and they told me they had no registry of me which was weird and that i couldn't even log back into my acc.  Tried contacting google and reporting this fraudulent app according to the guidelines to get my money back and it was to no avail. There are people out here trying to make money that fall for this scam app and can actually affect the actually business running feet finder. The experience from google play and getting in touch with a john doe impersonating the app has been very frustrating and you just gotta be careful out there. Very saddened that google play can be very uncooperative with helping get your money back when they literally give the platform and condone the app in the first place and honestly if i could review google play store or google with handling of payments and such would be 1/10 because i really didn't get a resolution which i imagine has happened to many others unfortunately.",
Report_scams,Shop innovator - work from home scam,1csyypq,InternationalFix6484,https://www.reddit.com/r/Report_scams/comments/1csyypq/shop_innovator_work_from_home_scam/,"I would like to warn everyone  to be cautious when dealing with any company that claims to be involved in USDT crypto. If a company contacts you through Whatsapp and offers you the opportunity to earn money by checking apps on the ISO App Store or The Play Store, please exercise extreme caution, especially if they promise payment in USDT Coins using the OKX App. While it is not yet completely clear whether the OKX app is involved in this scam, there appears to be a strong connection between a company called Shop Innovator and the app.   Based on the information I have gathered, the scam works by luring individuals like myself who have a UK bank account and UK driving license or passport to set up accounts with OKX. Once you have set up an account, they will ask you to complete a task for which they will pay you in USDT. They will then instruct you to transfer the cleared funds into OKX and subsequently ask you to send those funds back to BADRHYNO. However, you will not receive anything in return. They will inform you that you need to continue doing this task for five days in order to receive your commission in USDT. On the third day, they will introduce an additional fee that will put you in negative USDT within the BADRHYNO account. They will then demand that you use your own money to purchase USDT through the OKX account so that you can continue with the task and eventually receive your commission on the fifth day. Unfortunately, you will never reach the fifth day, and they will continue to insist that you buy more USDT with false promises of substantial earnings. It is important to be  aware of this scam and avoid falling victim to it.  Company website : Link: https://www.shopinnovatorwe.cc  Scam WhatsApp numbers:  ‪07861 786450‬  +44 7488 895642  +44 7956 675499  ‪+44 7300 609955‬",
Report_scams,Fraud Impersonating Highly Ranked Police Officer,1cuzk57,West-Thing-9315,https://www.reddit.com/r/Report_scams/comments/1cuzk57/fraud_impersonating_highly_ranked_police_officer/," Please mass report this WhatsApp number ! Some fake Nigerian guy trying to scam people for money using Respected Madhukar Pandey, Commissioner of Police, MBVV Maharashtra on WhatsApp.    +94774209775",
Report_scams,Shop Innovator : work from home scam!,1csyxmb,InternationalFix6484,https://www.reddit.com/gallery/1csyxmb,"Shop Innovator- work from home scam  I would like to warn everyone who uses this app to be cautious when dealing with any company that claims to be involved in USDT crypto. If a company contacts you through What's App and offers you the opportunity to earn money by checking apps on the ISO App Store or The Play Store, please exercise extreme caution, especially if they promise payment in USDT Coins using the OKX App. While it is not yet completely clear whether the OKX app is involved in this scam, there appears to be a strong connection between a company called Shop Innovator and the app.   Based on the information I have gathered, the scam works by luring individuals like myself who have a UK bank account and UK driving license or passport to set up accounts with OKX. Once you have set up an account, they will ask you to complete a task for which they will pay you in USDT. They will then instruct you to transfer the cleared funds into OKX and subsequently ask you to send those funds back to BADRHYNO. However, you will not receive anything in return. They will inform you that you need to continue doing this task for five days in order to receive your commission in USDT. On the third day, they will introduce an additional fee that will put you in negative USDT within the BADRHYNO account. They will then demand that you use your own money to purchase USDT through the OKX account so that you can continue with the task and eventually receive your commission on the fifth day. Unfortunately, you will never reach the fifth day, and they will continue to insist that you buy more USDT with false promises of substantial earnings. It is important to be aware of this scam and avoid falling victim to it. ",
