Subreddit,Title,ID,Author,URL,Content,Image
USNEWS,"Dating App Torture Suspect Who Forced Woman To Eat Lye, Dies From Self-Inflicted Wound",10rrgji,evaldez14,https://www.tampafp.com/dating-app-torture-suspect-who-forced-woman-to-eat-lye-dies-from-self-inflicted-wound/,No content available,
USNEWS,Heidi Kathleen Carter charged with murder after dating app threesome goes wrong,qdlfnl,JesusCumelette,https://nypost.com/2021/10/22/heidi-kathleen-carter-charged-with-murder-after-dating-app-threesome-goes-wrong/,No content available,
USNEWS,"REPORT: Orlando shooter was a regular at the gay nightclub he attacked, used multiple gay dating apps",4nzfsq,travistee,http://www.businessinsider.com/omar-mateen-pulse-visited-orlando-shooting-2016-6,No content available,
USNEWS,Psychologist who promotes ‘ex-gay therapy’ found looking for hookups on gay dating app,9vh4w5,ruskeeblue,http://deadstate.org/psychologist-who-promotes-ex-gay-therapy-found-looking-for-hookups-on-gay-dating-app/,No content available,
USNEWS,"FBI Makes Messaging App For Assassins And Drug Dealers, Arrests 800 Users In Global Sting",nv6cf8,evaldez14,https://www.tampafp.com/fbi-makes-messaging-app-for-assassins-and-drug-dealers-arrests-800-users-in-global-sting/,No content available,
USNEWS,"Denver man loses $1.6 million in new ""Pig Butchering"" cryptocurrency scam",rl8g12,SnackSize_,https://www.thedenverchannel.com/news/contact-denver7/denver-man-loses-1-6-million-in-new-pig-butchering-cryptocurrency-scam?fbclid=IwAR2qrTWWilgwqWRs4vFCLzi0e5HWqS4OQxUC70GYDauKCIHMiQB-WdmdSFk,No content available,
USNEWS,"Dating App Torture Suspect Who Forced Woman To Eat Lye, Dies From Self-Inflicted Wound",10rrgji,evaldez14,https://www.tampafp.com/dating-app-torture-suspect-who-forced-woman-to-eat-lye-dies-from-self-inflicted-wound/,No content available,
USNEWS,Heidi Kathleen Carter charged with murder after dating app threesome goes wrong,qdlfnl,JesusCumelette,https://nypost.com/2021/10/22/heidi-kathleen-carter-charged-with-murder-after-dating-app-threesome-goes-wrong/,No content available,
USNEWS,"REPORT: Orlando shooter was a regular at the gay nightclub he attacked, used multiple gay dating apps",4nzfsq,travistee,http://www.businessinsider.com/omar-mateen-pulse-visited-orlando-shooting-2016-6,No content available,
USNEWS,Psychologist who promotes ‘ex-gay therapy’ found looking for hookups on gay dating app,9vh4w5,ruskeeblue,http://deadstate.org/psychologist-who-promotes-ex-gay-therapy-found-looking-for-hookups-on-gay-dating-app/,No content available,
